Article_ID,Source_Type,Database/Source,Search_Date,Search_Query,Title,Authors,Year,Journal/Conference,DOI,URL,Abstract,Document_Type,Language,Duplicate_Key,Duplicate?,Notes
IEEE-0001,API,IEEE Xplore,2026-09-23,"(""world model"" OR ""world models"") AND (""video"" OR ""video prediction"")",Latent Prediction-Based Generative Semantic Communication for Video Transmission in Wireless Networks,Maheshi Lokumarambage; Thushan Sivalingam; Feng Dong; Nandana Rajatheva; Anil Fernando,2026,IEEE Open Journal of the Communications Society,10.1109/OJCOMS.2026.3684230,https://ieeexplore.ieee.org/document/11482193/,"The increasing dominance of video traffic in intelligent sensing and control applications introduces a major challenge to the capacity limits of modern wireless networks. Classical information theory defines fixed physical boundaries on channel capacity, beyond which further improvement requires rethinking what information is transmitted. Semantic communication (SemCom) bridges this by only sending the semantics of the intended message. This paper presents a SemCom framework that leverages latent-space procedural video prediction with world-model-guided temporal dynamics. Instead of transmitting pixel data, the transmitter encodes high-level semantic representations of context frames and sends them through the physical channel. A temporal transformer predicts future latent states at the receiver. The framework jointly optimizes perceptual, adversarial, and temporal objectives to preserve both visual quality and trajectory consistency under channel impairments. Experiments conducted on video sequences of the BAIR robot pushing dataset demonstrate that the proposed method achieves lower normalized endpoint and velocity errors compared to learned baseline real-time intermediate flow estimation (RIFE) + better portable graphics (BPG) with reduced bit-rate compared to traditional codecs. The results indicate that incorporating temporal dynamics as semantics into the communication process enables efficient and anticipatory video transmission suitable for applications such as tele-robotic, underwater, and autonomous systems.",journal-article,en,latent_predictionbased_generative_semantic_communication_for_video_2026,,Citations: 1 | Content: Journals
IEEE-0002,API,IEEE Xplore,2026-09-23,"(""world model"" OR ""world models"") AND (""video"" OR ""video prediction"")",OcularWorldSim: A Visual World Model for Ophthalmic Microsurgery With Sim-to-Real Transfer Learning,Hongrui Chen; Lijuan Zhu; Lihong Lian; Yuqi Bai; Yuzhou Liu,2026,IEEE Access,10.1109/ACCESS.2026.3684562,https://ieeexplore.ieee.org/document/11482439/,"Microsurgery involving the eye requires precise surgical techniques performed at micrometer accuracy, making it difficult to design a robotic or autonomous surgical system that will work effectively in the domain of ophthalmic microsurgery. Some advances have been made toward surgical robotics and the field of Artificial Intelligence has seen great success, however, the methods used in solving the “sim-to-real” problem, which deals with bridging the gap between the simulated training environment and clinical environment, have not made sufficient progress. In this paper, we present OcularWorldSim, a new visual world model framework for ophthalmic microsurgery that provides a means for effective “sim-to-real” learning using simulations and clinical data. The OcularWorldSim framework consists of three core innovations: 1) an Anatomically-Aware Spatiotemporal Diffusion Transformer (AA-SDiT), which learns a structurally organized representation of surgical dynamics while also maintaining the constraints of eye anatomy; 2) a Hierarchical Domain Adaptation Module (HDAM) which progressively aligns the simulated and actual surgical distributions at different levels of granularity; and 3) a Clinically-Guided Reinforcement Learning (CGRL) paradigm that incorporates expert surgical knowledge into the optimization process used for developing the policy. In the area of surgical phase recognition using CATARACTS, OcularWorldSim achieved an accuracy of 89.7% (5.8 percentage points higher than the previously best performing method) while achieving 82.4% mean Intersection-over-Union (mIoU) across CaDIS tasks (7.4 percentage points higher). Clinical validation of the predictions produced by the OcularWorldSim framework performed by three experienced ophthalmologists showed that its predictions were consistently rated as coherent and anatomically plausible, indicating a potential future application for the OcularWorldSim framework in computer-assisted intervention systems.",journal-article,en,ocularworldsim_a_visual_world_model_for_ophthalmic_2026,,Citations: 0 | Content: Journals
IEEE-0003,API,IEEE Xplore,2026-09-23,"(""world model"" OR ""world models"") AND (""video"" OR ""video prediction"")",Simulating the Real World: A Unified Survey of Multimodal Generative Models,Yuqi Hu; Longguang Wang; Xian Liu; Ling-Hao Chen; Yuwei Guo; Yukai Shi; Ce Liu; Anyi Rao; Zeyu Wang; Hui Xiong,2026,IEEE Transactions on Pattern Analysis and Machine Intelligence,10.1109/TPAMI.2026.3690925,https://ieeexplore.ieee.org/document/11509284/,"Understanding and replicating the real world is a critical challenge in Artificial General Intelligence (AGI) research. To achieve this, many existing approaches, such as world models, aim to capture the fundamental principles governing the physical world, enabling more accurate simulations and meaningful interactions. However, current methods often treat different modalities, including 2D (images), videos, 3D, and 4D representations, as independent domains, overlooking their interdependencies. Additionally, these methods typically focus on isolated dimensions of reality without systematically integrating their connections. In this survey, we present a unified survey for multimodal generative models that investigate the progression of data dimensionality in real-world simulation. Specifically, this survey starts from 2D generation (appearance), then moves to video (appearance+dynamics) and 3D generation (appearance+ geometry), and finally culminates in 4D generation that integrate all dimensions. To the best of our knowledge, this is the first attempt to systematically unify the study of 2D, video, 3D, and 4D generation within a single framework. To guide future research, we provide a comprehensive review of datasets, evaluation metrics, and future directions to foster insights for newcomers. This survey serves as a bridge to advance the study of multimodal generative models and real-world simulation within a unified framework.",journal-article,en,simulating_the_real_world_a_unified_survey_2026,,Citations: 2 | Content: Journals
IEEE-0004,API,IEEE Xplore,2026-09-23,"(""world model"" OR ""world models"") AND (""video"" OR ""video prediction"")",NRSeg: Noise-Resilient Learning for BEV Semantic Segmentation via Driving World Models,Siyu Li; Fei Teng; Yihong Cao; Kailun Yang; Zhiyong Li; Yaonan Wang,2026,IEEE Transactions on Image Processing,10.1109/TIP.2026.3671686,https://ieeexplore.ieee.org/document/11433529/,"Birds’ Eye View (BEV) semantic segmentation is an indispensable perception task in end-to-end autonomous driving systems. Unsupervised and semi-supervised learning for BEV tasks, as pivotal for real-world applications, underperform due to the homogeneous distribution of the labeled data. In this work, we explore the potential of synthetic data from driving world models to enhance the diversity of labeled data for robustifying BEV segmentation. Yet, our preliminary findings reveal that generation noise in synthetic data compromises efficient BEV model learning. To fully harness the potential of synthetic data from world models, this article proposes NRSeg, a noise-resilient learning framework for BEV semantic segmentation. Specifically, a Perspective-Geometry Consistency Metric (PGCM) is proposed to quantitatively evaluate the guidance capability of generated data for model learning. This metric originates from the alignment measure between the perspective road mask of generated data and the mask projected from the BEV labels. Moreover, a Bi-Distribution Parallel Prediction (BiDPP) is designed to enhance the inherent robustness of the model, where the learning process is constrained through parallel prediction of multinomial and Dirichlet distributions. The former efficiently predicts semantic probabilities, whereas the latter adopts evidential deep learning to realize uncertainty quantification. Furthermore, a Hierarchical Local Semantic Exclusion (HLSE) module is designed to address the non-mutual exclusivity inherent in BEV semantic segmentation tasks. The proposed framework is evaluated on BEV semantic segmentation using data generated by multiple world models, with comprehensive testing conducted on the public nuScenes dataset under unsupervised and semi-supervised settings. Experimental results demonstrate that NRSeg achieves state-of-the-art performance, yielding the highest improvements in mIoU of 13.8% and 11.4% in unsupervised and semi-supervised BEV segmentation tasks, respectively. The source code will be made publicly available at https://github.com/lynn-yu/NRSeg",journal-article,en,nrseg_noiseresilient_learning_for_bev_semantic_segmentation_2026,,Citations: 0 | Content: Journals
IEEE-0005,API,IEEE Xplore,2026-09-23,"(""world model"" OR ""world models"") AND (""video"" OR ""video prediction"")",CascadeOcc: Rethinking 3D Occupancy World Models With Cascaded VQ Representations,Kyumin Hwang; Wonhyeok Choi; Jaeyeul Kim; Jihun Park; Daehee Park; Sunghoon Im,2026,IEEE Signal Processing Letters,10.1109/LSP.2026.3680426,https://ieeexplore.ieee.org/document/11474772/,"This letter proposes CascadeOcc, a novel occupancy world model that prioritizes intrinsic structural hierarchy over extrinsic auxiliary modalities for autonomous driving. Occupancy world models—forecasting the future driving environment and planning the driving trajectory—effectively bridge perception and planning, but current approaches often heavily rely on external modalities or large language models, failing to fully exploit the inherent structural potential of occupancy representations themselves. To enhance representational capacity for complex 3D scenes, we integrate a cascaded Vector Quantized (VQ) mechanism into an autoregressive framework. Following a coarse-to-fine principle, CascadeOcc progressively refines fine-grained details from global structures through a multi-scale architecture. Additionally, we incorporate a TimeMixer to capture multi-scale temporal dependencies, establishing a dual-hierarchy mechanism in both space and time. Experimental results on 4D occupancy forecasting and motion planning benchmarks demonstrate that CascadeOcc achieves superior performance among vision-centric approaches, validating that optimizing inherent representations is a powerful alternative to relying on external foundation models.",journal-article,en,cascadeocc_rethinking_3d_occupancy_world_models_with_2026,,Citations: 0 | Content: Journals
IEEE-0006,API,IEEE Xplore,2026-09-23,"(""world model"" OR ""world models"") AND (""video"" OR ""video prediction"")",SPREAD: Scalable Pre-Trained World Model for Adaptive Dynamics Model,Jihun Moon; Seong-Woo Kim,2026,IEEE Robotics and Automation Letters,10.1109/LRA.2026.3688061,https://ieeexplore.ieee.org/document/11495089/,"Autonomous robots must be capable of adapting not only to training datasets but also to unfamiliar environments. World models, which learn predictive dynamics of the environment, have been proposed to overcome the task-specific limitations of conventional RL. However, their capability is typically restricted to training distributions. In this paper, we introduce SPREAD, the first framework that enables a pre-trained world model to learn environmental changes online, and continuously. SPREAD freezes the pre-trained model and updates only a set of LoRA adapters. This design jointly achieves three goals: (i) real-time adaptation, (ii) robustness to forgetting without a replay buffer, and (iii) forward transfer. Experiments demonstrate that SPREAD reduces prediction error by 40% within just 100 steps under diverse visual and dynamic changes, and that such adaptation directly translates into improved task success rates. Moreover, SPREAD validates its effectiveness in continual learning settings. By extending pre-trained world models to the domain of online continual learning, this work highlights world models that autonomously adapt to real-world dynamics.",journal-article,en,spread_scalable_pretrained_world_model_for_adaptive_2026,,Citations: 0 | Content: Journals
IEEE-0007,API,IEEE Xplore,2026-09-23,"(""world model"" OR ""world models"") AND (""video"" OR ""video prediction"")",Semantic Communications With World Models,Peiwen Jiang; Jiajia Guo; Chao-Kai Wen; Shi Jin; Jun Zhang,2026,IEEE Transactions on Communications,10.1109/TCOMM.2026.3714287,https://ieeexplore.ieee.org/document/11612870/,"Semantic communication is a promising technique for emerging wireless applications, which reduces transmission overhead by transmitting only task-relevant features instead of raw data. However, existing methods struggle under extremely low bandwidth and varying channel conditions, where corrupted or missing semantics lead to severe reconstruction errors. To resolve this difficulty, we propose a world foundation model (WFM)-aided semantic video transmission framework that leverages the predictive capability of WFMs to generate future frames based on the current frame and textual guidance. This design allows transmissions to be omitted when predictions remain reliable, thereby saving bandwidth. Through WFM’s prediction, the key semantics are preserved, yet minor prediction errors tend to amplify over time. To mitigate issue, a lightweight depth-based feedback module is introduced to determine whether transmission of the current frame is needed. Apart from transmitting the entire frame, a segmentation-assisted partial transmission method is proposed to repair degraded frames, which can further balance performance and bandwidth cost. Furthermore, an active transmission strategy is developed for mobile scenarios by exploiting camera trajectory information and proactively scheduling transmissions before channel quality deteriorates. Simulation results show that the proposed framework significantly reduces transmission overhead while maintaining task performances across varying scenarios and channel conditions.",journal-article,en,semantic_communications_with_world_models_2026,,Citations: 0 | Content: Journals
IEEE-0008,API,IEEE Xplore,2026-09-23,"(""world model"" OR ""world models"") AND (""video"" OR ""video prediction"")",Learning Visual Representation for Autonomous Drone Navigation via a Contrastive World Model,Jiang Zhao; Yibo Wang; Zhihao Cai; Ningjun Liu; Kun Wu; Yingxun Wang,2024,IEEE Transactions on Artificial Intelligence,10.1109/TAI.2023.3283488,https://ieeexplore.ieee.org/document/10145773/,"Visuomotor policy learning for vision-based navigation tasks is still challenging and necessary for autonomous systems. Learning a task-specific policy from scratch simplifies the training pipeline while suffering from poor data efficiency and transfer ability. This problem intends to be more intractable under a low-data regime. In this work, we present a self-supervised representation learning architecture that incorporates Spatial and Temporal information via a Contrastive world model (STC) to extract image representation for vision-based navigation tasks. Specifically, STC leverages the dynamics transition model based on a recurrent neural network to construct a joint low-dimensional latent space for spatial and temporal representations. We simultaneously optimize all components of this architecture using a multiobjective contrastive training loss. The resulting pretrained encoder model acts as a standalone feature extractor to promote the policy learning procedure. We evaluate the final optimized visuomotor policy on both the simulated drone navigation environment and the out-of-domain dataset. Experimental results demonstrate that our proposed method outperforms task-specific and representative contrastive learning baselines in challenging complex visual environments with more than half the improvement in data efficiency and provides significant gains in learning speed as well as the final performance. Code and video are available at: https://github.com/yibow-wang/cwm4drone.",journal-article,en,learning_visual_representation_for_autonomous_drone_navigation_2024,,Citations: 12 | Content: Journals
IEEE-0009,API,IEEE Xplore,2026-09-23,"(""world model"" OR ""world models"") AND (""video"" OR ""video prediction"")",FlowDreamer: A RGB-D World Model With Flow-Based Motion Representations for Robot Manipulation,Jun Guo; Xiaojian Ma; Yikai Wang; Min Yang; Huaping Liu; Qing Li,2026,IEEE Robotics and Automation Letters,10.1109/LRA.2026.3653273,https://ieeexplore.ieee.org/document/11345941/,"This paper investigates training better visual world models for robot manipulation, i.e., models that can predict future visual observations by conditioning on past frames and robot actions. Specifically, we consider world models that operate on RGB-D frames (RGB-D world models). As opposed to canonical approaches that handle dynamics prediction mostly implicitly and reconcile it with visual rendering in a single model, we introduce FlowDreamer, which adopts 3D scene flow as explicit motion representations. FlowDreamer first predicts 3D scene flow from the past frame and action conditions with a U-Net, and then a diffusion model will predict the future frame utilizing the scene flow. FlowDreamer is trained end-to-end despite its modularized nature. We conduct experiments on 4 different benchmarks, covering both video prediction and visual planning tasks. The results demonstrate that FlowDreamer achieves better performance compared to other baseline RGB-D world models by 7% on semantic similarity, 11% on pixel quality, and 6% on success rate in various robot manipulation domains.",journal-article,en,flowdreamer_a_rgbd_world_model_with_flowbased_2026,,Citations: 1 | Content: Journals
IEEE-0010,API,IEEE Xplore,2026-09-23,"(""world model"" OR ""world models"") AND (""video"" OR ""video prediction"")","Aligning Perception, Reasoning, Modeling and Interaction: A Survey on Physical AI",Kun Xiang; Terry Jingchen Zhang; Yinya Huang; Jixi He; Zirong Liu; Yueling Tang; Ruizhe Zhou; Lijing Luo; Youpeng Wen; Xiuwei Chen; Bingqian Lin; Jianhua Han; Hang Xu; Hanhui Li; Bin Dong; Xiaodan Liang,2026,IEEE Transactions on Pattern Analysis and Machine Intelligence,10.1109/TPAMI.2026.3703038,https://ieeexplore.ieee.org/document/11561107/,"The convergence of embodied intelligence and world models has catalyzed growing interest in integrating physical laws into AI systems. While prior surveys have examined world models and embodied intelligence separately, we focus on the progression that connects these capabilities as a unified developmental pathway from passive observation to active physical comprehension. This survey provides a systematic framework revealing how physical AI advances through four interconnected stages: perception transforms sensory data into structured physical representations, reasoning derives explanations from observed phenomena, modeling enables predictive simulation grounded in physical principles, and embodied interaction closes the loop through physical manipulation and environmental feedback. Each stage enables and enhances the next: perceptual grounding supports causal reasoning, reasoning unlocks predictive capabilities, and robust models drive genuine physical interaction. Through analysis of developments spanning architectural innovations, training methodologies, causal inference, and embodied systems, we synthesize how physical understanding emerges through cumulative integration across this progression. Our framework reveals the evolution from isolated, task-specific solutions toward integrated architectures that advance from pattern recognition toward causal reasoning and counterfactual prediction. This perspective provides foundations for next-generation physical AI systems with direct implications for safe, generalizable, and interpretable deployment across robotics, scientific discovery, and autonomous systems.",journal-article,en,aligning_perception_reasoning_modeling_and_interaction_a_2026,,Citations: 2 | Content: Journals
IEEE-0011,API,IEEE Xplore,2026-09-23,"(""world model"" OR ""world models"") AND (""video"" OR ""video prediction"")",Mitigating Covariate Shift in Offline Imitation Learning via Trajectory Synthesis,Shuze Wang; Wei Xiao; Yunpeng Mei; Hongjie Cao; Runqing Wang; Xinhong Zhang; Fang Deng; Jian Sun; Jie Chen; Gang Wang,2026,IEEE Transactions on Automation Science and Engineering,10.1109/TASE.2026.3729780,https://ieeexplore.ieee.org/document/11675841/,"Offline imitation learning (IL) is a practical route to embodied policy learning when online exploration is unsafe, expensive, or unavailable. Its main limitation is the closed-loop covariate shift: a policy trained only on fixed demonstrations can enter states outside the expert support, where behavioral cloning provides no recovery supervision and small errors compound. We propose Synthetic Imitation Learning (SynIL), an offline IL framework that augments demonstrations with synthetic recovery trajectories rather than only filtering or reweighting logged data. SynIL uses generative dynamics models to enlarge the training distribution around failure-prone states and retains transitions whose successor states move back toward the expert state manifold. In low-dimensional benchmarks, SynIL trains a lightweight latent world model to imagine short-horizon rollouts from suboptimal states and uses a positive-unlabeled state discriminator to assign proxy rewards without access to task rewards. In high-dimensional robot manipulation, SynIL instantiates the same principle with a training-free visual synthesis pipeline that combines pretrained video generation, segmentation, point tracking, and monocular depth estimation to recover image-action trajectories. Experiments on 15 D4RL tasks show that SynIL achieves firstor second-place performance on 8 tasks across navigation, locomotion, and manipulation. Real-world UR5 experiments improve the average success rate by 17.5% over behavior cloning, indicating that synthetic recovery data can improve robustness without online environment interaction. Note to Practitioners—This paper addresses a common deployment setting in embodied robot learning: a practitioner has a small set of successful demonstrations and a larger set of imperfect logs, failed attempts, and/or human corrections. We use expert or perfect demonstrations to denote successful task executions; the key issue is not the label itself, but the scarcity of such reliable recovery supervision. The practical message is that imperfect trials should not be treated as useless data. They often contain precisely the off-manifold states that a deployed policy will encounter after making a small mistake. SynIL turns these states into training signal by synthesizing short trajectories that move back toward successful behavior. In low-dimensional tasks, this is achieved with a learned latent world model; in visual manipulation, it is achieved with pretrained video generation and geometric post-processing. Since all synthesis is performed offline, the deployed policy has the same inference-time cost as the base imitation learner. For industrial manipulation, warehouse automation, laboratory robotics, and other safety-sensitive domains, SynIL reduces the need to collect many additional expert demonstrations. The approach is most useful when imperfect data contain meaningful partial attempts rather than arbitrary noise, and when generated trajectories can be anchored to real observations or filtered by an expert-aligned quality signal.",journal-article,en,mitigating_covariate_shift_in_offline_imitation_learning_2026,,Citations: 0 | Content: Journals
IEEE-0012,API,IEEE Xplore,2026-09-23,"(""world model"" OR ""world models"") AND (""video"" OR ""video prediction"")",Dream to Recall: Imagination-Guided Experience Retrieval for Memory-Persistent Vision-and-Language Navigation,Yunzhe Xu; Yiyuan Pan; Zhe Liu,2026,IEEE Transactions on Pattern Analysis and Machine Intelligence,10.1109/TPAMI.2026.3679426,https://ieeexplore.ieee.org/document/11459135/,"Vision-and-Language Navigation (VLN) requires agents to follow natural language instructions through environments, with memory-persistent variants demanding progressive improvement through accumulated experience. Existing approaches for memory-persistent VLN face critical limitations: they lack effective memory access mechanisms, instead relying on entire memory incorporation or fixed-horizon lookup, and predominantly store only environmental observations while neglecting navigation behavioral patterns that encode valuable decision-making strategies. We present Memoir, which employs imagination as a retrieval mechanism grounded by explicit memory: a world model imagines future navigation states as queries to selectively retrieve relevant environmental observations and behavioral histories. The approach comprises: 1) a language-conditioned world model that imagines future states serving dual purposes: encoding experiences for storage and generating retrieval queries; 2) Hybrid Viewpoint-Level Memory that anchors both observations and behavioral patterns to viewpoints, enabling hybrid retrieval; and 3) an experience-augmented navigation model that integrates retrieved knowledge through specialized encoders. Extensive evaluation across diverse memory-persistent VLN benchmarks with 10 distinct testing scenarios demonstrates Memoir’s effectiveness: significant improvements across all scenarios, with 5.4% SPL gains on IR2R over the best memory-persistent baseline, accompanied by $8.3\times$8.3× training speedup and 74% inference memory reduction. The results validate that predictive retrieval of both environmental and behavioral memories enables more effective navigation, with analysis indicating substantial headroom (73.3% vs 93.4% upper bound) for this imagination-guided paradigm.",journal-article,en,dream_to_recall_imaginationguided_experience_retrieval_for_2026,,Citations: 0 | Content: Journals
IEEE-0013,API,IEEE Xplore,2026-09-23,"(""world model"" OR ""world models"") AND (""video"" OR ""video prediction"")",Modeling Interactions Between Autonomous Agents in a Multi-Agent Self-Awareness Architecture,Abrham Shiferaw Alemaw; Giulia Slavic; Pamela Zontone; Lucio Marcenaro; David Martin Gomez; Carlo Regazzoni,2025,IEEE Transactions on Multimedia,10.1109/TMM.2025.3543110,https://ieeexplore.ieee.org/document/10891470/,"Learning from experience is a fundamental capability of intelligent agents. Autonomous systems rely on sensors that provide data about the environment and internal situations to their perception systems for learning and inference mechanisms. These systems can also learn Self-Aware and Situation-Aware generative modules from these data to localize themselves and interact with the environment. In this paper, we propose a self-aware cognitive architecture capable to perform tasks where the interactions between the self-state of an agent and the surrounding environment are explicitly and dynamically represented. We specifically develop a Deep Learning (DL) based Self-Aware interaction model, empowered by learning from Multi-Modal Perception (MMP) and World Models using multi-sensory data in a novel Multi-Agent Self-Awareness Architecture (MASAA). Two sub-modules are developed, the Situation Model (SM) and the First-Person model (FPM), that address different and interrelated aspects of the World Model (WM). The MMP model, instead, aims at learning the mapping of different sensory perceptions into Exteroceptive (EI) and Proprioceptive (PI) latent information. The WM then uses the learned MMP model as experience to predict dynamic self-behaviors and interaction patterns within the experienced environment. WM and MMP Models are learned in a data-driven way, starting from the lower-dimensional odometry data used to guide the learning of higher-dimensional video data, thus generating coupled Generalized State Hierarchical Dynamic Bayesian Networks (GS-HDBNs). We test our model on KITTI, CARLA, and iCab datasets, achieving high performance and a low average localization error (RMSE) of 2.897%, when considering two interacting agents.",journal-article,en,modeling_interactions_between_autonomous_agents_in_a_2025,,Citations: 12 | Content: Journals
IEEE-0014,API,IEEE Xplore,2026-09-23,"(""world model"" OR ""world models"") AND (""video"" OR ""video prediction"")",Embodied Tree of Thoughts: Deliberate Manipulation Planning With Embodied World Model,Wenjiang Xu; Mingkang Zhang; Cindy Wang; Rui Fang; Lusong Li; Jing Xu; Jiayuan Gu; Zecui Zeng; Rui Chen,2026,IEEE Robotics and Automation Letters,10.1109/LRA.2026.3716133,https://ieeexplore.ieee.org/document/11617299/,"World models have emerged as a pivotal component in robot manipulation planning, enabling agents to predict future environmental states and reason about the consequences of actions before execution. While video-generation models are increasingly adopted, they often lack rigorous physical grounding, leading to hallucinations and a failure to maintain consistency in long-horizon physical constraints. To address these limitations, we propose Embodied Tree of Thoughts (EToT), a novel Real2Sim2Real planning framework that leverages a physics-based interactive digital twin as an embodied world model. EToT formulates manipulation planning as a tree search expanded through two synergistic mechanisms: (1) Priori Branching, which generates diverse candidate execution paths based on semantic and spatial analysis; and (2) Reflective Branching, which utilizes VLMs to diagnose execution failures within the simulator and iteratively refine the planning tree with corrective actions. By grounding high-level reasoning in a physics simulator, our framework ensures that generated plans adhere to rigid-body dynamics and collision constraints. We validate EToT on a suite of shortand long-horizon manipulation tasks, where it consistently outperforms baselines by effectively predicting physical dynamics and adapting to potential failures.",journal-article,en,embodied_tree_of_thoughts_deliberate_manipulation_planning_2026,,Citations: 0 | Content: Journals
IEEE-0015,API,IEEE Xplore,2026-09-23,"(""world model"" OR ""world models"") AND (""video"" OR ""video prediction"")",OccSora: 4D Occupancy Generation Models as World Simulators for Autonomous Driving,Lening Wang; Wenzhao Zheng; Yilong Ren; Han Jiang; Zhiyong Cui; Haiyang Yu; Jiwen Lu,2026,IEEE Transactions on Image Processing,10.1109/TIP.2026.3687468,https://ieeexplore.ieee.org/document/11511396/,"Understanding the evolution of 3D scenes is crucial for autonomous driving. While conventional methods describe scene development through individual instance motions, world models provide a generative framework for modeling overall scene dynamics. However, most existing approaches rely on autoregressive next-token prediction, which suffers from error accumulation and limited global spatiotemporal reasoning, leading to degraded long-term consistency. To address these issues, we propose a diffusion-based 4D occupancy generation model, OccSora, to simulate 3D world evolution for autonomous driving. A 4D scene tokenizer is introduced to obtain compact spatiotemporal representations and enable high-quality reconstruction of long occupancy sequences. We then train a diffusion transformer on these representations to generate 4D occupancy conditioned on trajectory prompts. Experiments on the nuScenes dataset with Occ3D annotations show that OccSora can generate 16s videos with authentic 3D layout and strong temporal consistency. With trajectory-aware 4D generation, OccSora has the potential to serve as a world simulator for autonomous driving decision-making. Project page: https://wzzheng.net/OccSora",journal-article,en,occsora_4d_occupancy_generation_models_as_world_2026,,Citations: 1 | Content: Journals
IEEE-0016,API,IEEE Xplore,2026-09-23,"(""world model"" OR ""world models"") AND (""video"" OR ""video prediction"")",Action-Inclusive Multi-Future Prediction Using a Generative Model in Human-Related Scenes for Mobile Robots,Chenfei Xu; Huthaifa Ahmad; Yuya Okadome; Hiroshi Ishiguro; Yutaka Nakamura,2025,IEEE Access,10.1109/ACCESS.2025.3611812,https://ieeexplore.ieee.org/document/11170425/,"Mobility in daily unstructured environments, particularly in human-centered scenarios, remains a fundamental challenge for mobile robots. While traditional prediction-based approaches primarily estimate partial features for robot decision making, such as position and velocity, recent world models enable direct prediction of future sensory data. However, their potentials in human-inclusive environments remain underexplored. To assess the feasibility of world models in facilitating human-robot interactions, we propose a robot framework using a deep generative model that jointly predicts multiple future observations and actions. Our approach leverages first-person-view (FPV) raw sensor data, integrating both observations and actions to enhance predictive capabilities in dynamic human-populated settings. Experimental results demonstrate that our method is capable of generating a range of candidate futures for one condition and planning actions based on observation guidance. These findings highlight the potential of our approach for facilitating autonomous robots’ coexistence with human.",journal-article,en,actioninclusive_multifuture_prediction_using_a_generative_model_2025,,Citations: 0 | Content: Journals
IEEE-0017,API,IEEE Xplore,2026-09-23,"(""world model"" OR ""world models"") AND (""video"" OR ""video prediction"")",For Overall Nighttime Visibility: Integrate Irregular Glow Removal With Glow-Aware Enhancement,Wanyu Wu; Wei Wang; Zheng Wang; Kui Jiang; Zhengguo Li,2025,IEEE Transactions on Circuits and Systems for Video Technology,10.1109/TCSVT.2024.3465670,https://ieeexplore.ieee.org/document/10685529/,"Current low-light image enhancement (LLIE) techniques truly enhance luminance but have limited exploration on another harmful factor of nighttime visibility, the glow effects with multiple shapes in the real world. The presence of glow is inevitable due to widespread artificial light sources, and direct enhancement can cause further glow diffusion. In the pursuit of Overall Nighttime Visibility Enhancement (ONVE), we propose a physical model guided framework ONVE to derive a Nighttime Imaging Model with Near-Field Light Sources (NIM-NLS), whose APSF prior generator is validated efficiently in six categories of glow shapes. Guided by this physical-world model as domain knowledge, we subsequently develop an extensible Light-aware Blind Deconvolution Network (LBDN) to face the blind decomposition challenge on direct transmission map D and light source map G based on APSF. Then, an innovative Glow-guided Retinex-based progressive Enhancement module (GRE) is introduced as a further optimization on reflection R from D to harmonize the conflict of glow removal and brightness boost. Notably, ONVE is an unsupervised framework based on a zero-shot learning strategy and uses physical domain knowledge to form the overall pipeline and network. Empirical evaluations on multiple datasets validate the remarkable efficacy of the proposed ONVE in improving nighttime visibility and performance of high-level vision tasks.",journal-article,en,for_overall_nighttime_visibility_integrate_irregular_glow_2025,,Citations: 9 | Content: Journals
IEEE-0018,API,IEEE Xplore,2026-09-23,"(""world model"" OR ""world models"") AND (""video"" OR ""video prediction"")",3D Face Reconstruction With Geometry Details From a Single Image,Luo Jiang; Juyong Zhang; Bailin Deng; Hao Li; Ligang Liu,2018,IEEE Transactions on Image Processing,10.1109/TIP.2018.2845697,https://ieeexplore.ieee.org/document/8376005/,"3D face reconstruction from a single image is a classical and challenging problem with wide applications in many areas. Inspired by recent works in face animation from RGB-D or monocular video inputs, we develop a novel method for reconstructing 3D faces from unconstrained 2D images using a coarse-to-fine optimization strategy. First, a smooth coarse 3D face is generated from an example-based bilinear face model by aligning the projection of 3D face landmarks with 2D landmarks detected from the input image. Afterward, using local corrective deformation fields, the coarse 3D face is refined using photometric consistency constraints, resulting in a medium face shape. Finally, a shape-from-shading method is applied on the medium face to recover fine geometric details. Our method outperforms the state-of-the-art approaches in terms of accuracy and detail recovery, which is demonstrated in extensive experiments using real-world models and publicly available data sets.",journal-article,en,3d_face_reconstruction_with_geometry_details_from_2018,,Citations: 123 | Content: Journals
IEEE-0019,API,IEEE Xplore,2026-09-23,"(""world model"" OR ""world models"") AND (""video"" OR ""video prediction"")",Lighted-SAM: Lightening Open-World SAM for Low-Light Segmentation,Yuhan Jia; Lixin Duan; Wen Li; Fengmao Lv,2026,IEEE Transactions on Image Processing,10.1109/TIP.2026.3702382,https://ieeexplore.ieee.org/document/11568962/,"Segment Anything Model (SAM) has achieved impressive segmentation performance in an open-world setting. However, SAM relies heavily on high-quality input images and usually struggles in low-light conditions. This is mainly caused by the pre-training dataset, SA-1B, in which low-light samples constitute a relatively small fraction of the data. This lack of presence leads to a noticeable weakness when SAM is applied in real-world dark environments. With the motivation of improving SAM’s performance under low-light conditions while retaining its strong zero-shot capability, this work proposes an alignment stage between the pre-training stage and testing stage. Unlike existing low-light studies that mainly focus on task-specific and close-set settings, our work further emphasizes pursuing the segmentation ability under low-light conditions for open-world models. To this end, we construct DarkSeg58K, a realistic and diverse dataset, which serves as the alignment dataset to support this stage. We further introduce Lighted-SAM as the lightweight repair strategy to fix SAM’s performance in low-light conditions. Different from existing methods focusing on introducing spectral adapters into the model design and training this model end-to-end, Lighted-SAM introduces the Spectral Information Resonance (SIR) mechanism to harmoniously integrate the spectral enhancement module into SAM, which is usually kept frozen due to its large-scale parameters. Based on our lightweight repairing strategy, Lighted-SAM can improve SAM’s ability in low-light conditions while preserving its zero-shot ability. Experiments on different benchmarks validate the superiority of our approach. Code is available at: https://github.com/Jaaaahan/LightedSAM",journal-article,en,lightedsam_lightening_openworld_sam_for_lowlight_segmentation_2026,,Citations: 0 | Content: Journals
IEEE-0020,API,IEEE Xplore,2026-09-23,"(""joint embedding predictive architecture"" OR ""JEPA"") AND video",JEP-KD: Joint-Embedding Predictive Architecture Based Knowledge Distillation for Visual Speech Recognition,Chang Sun; Bo Qin; Hong Yang,2024,IEEE Open Journal of Signal Processing,10.1109/OJSP.2024.3496819,https://ieeexplore.ieee.org/document/10750407/,"Visual Speech Recognition (VSR) tasks are generally recognized to have a lower theoretical performance ceiling than Automatic Speech Recognition (ASR), owing to the inherent limitations of conveying semantic information visually. To mitigate this challenge, this paper introduces an advanced knowledge distillation approach using a Joint-Embedding Predictive Architecture (JEPA), JEP-KD, designed to utilize audio features more effectively during model training. Central to JEP-KD is including a generative network within the embedding layer in the knowledge distillation structure, which enhances the video encoder's capacity for semantic feature extraction and brings it closer to the audio features from a pre-trained ASR model's encoder. This approach aims to reduce the performance gap between VSR and ASR progressively. Moreover, a comprehensive multimodal, multistage training regimen for the JEP-KD framework is established, bolstering the robustness and efficacy of the training process. Experiment results demonstrate that JEP-KD significantly improves the performance of VSR models and demonstrates versatility across different VSR platforms, indicating its potential for broader application within other multimodal tasks.",journal-article,en,jepkd_jointembedding_predictive_architecture_based_knowledge_distillation_2024,,Citations: 5 | Content: Journals
IEEE-0021,API,IEEE Xplore,2026-09-23,"(""joint embedding predictive architecture"" OR ""JEPA"") AND video",GOT-JEPA: Generic Object Tracking With Model Adaptation and Occlusion Handling Using Joint-Embedding Predictive Architecture,Shih-Fang Chen; Jun-Cheng Chen; I-Hong Jhuo; Yen-Yu Lin,2026,IEEE Transactions on Circuits and Systems for Video Technology,10.1109/TCSVT.2026.3675005,https://ieeexplore.ieee.org/document/11436011/,"The human visual system tracks objects by integrating current observations with previously observed information, adapting to target and scene changes, and reasoning about occlusion at fine granularity. In contrast, recent generic object trackers are often optimized for training targets, which limits robustness and generalization in unseen scenarios, and their occlusion reasoning remains coarse, lacking detailed modeling of occlusion patterns. To address these limitations in generalization and occlusion perception, we propose GOT-JEPA, a model-predictive pretraining framework that extends JEPA from predicting image features to predicting tracking models. Given identical historical information, a teacher predictor generates pseudo-tracking models from a clean current frame, and a student predictor learns to predict the same pseudo-tracking models from a corrupted version of the current frame. This design provides stable pseudo supervision and explicitly trains the predictor to produce reliable tracking models under occlusions, distractors, and other adverse observations, improving generalization to dynamic environments. Building on GOT-JEPA, we further propose OccuSolver to enhance occlusion perception for object tracking. OccuSolver adapts a point-centric point tracker for object-aware visibility estimation and detailed occlusion-pattern capture. Conditioned on object priors iteratively generated by the tracker, OccuSolver incrementally refines visibility states, strengthens occlusion handling, and produces higher-quality reference labels that progressively improve subsequent model predictions. Extensive evaluations on seven benchmarks show that our method effectively enhances tracker generalization and robustness. The code will be available at https://github.com/chenshihfang/GOT",journal-article,en,gotjepa_generic_object_tracking_with_model_adaptation_2026,,Citations: 0 | Content: Journals
IEEE-0022,API,IEEE Xplore,2026-09-23,"(""joint embedding predictive architecture"" OR ""JEPA"") AND video",Sat-JEPA-Diff: Caption-Guided Zero-RGB Satellite Image Forecasting via Self-Supervised Diffusion,Kürşat Kömürcü; Linas Petkevicius,2026,IEEE Geoscience and Remote Sensing Letters,10.1109/LGRS.2026.3708464,https://ieeexplore.ieee.org/document/11589351/,"Continuous spatiotemporal forecasting in Earth observation (EO) is severely hindered by atmospheric interference. While generative models excel in modeling transitions, they often rely on optical conditioning. In this letter, we advance our previous Sat-JEPA-Diff architecture, which depended on a $32~\times ~32$ coarse RGB input, by introducing a true zero-RGB temporal steering paradigm. By entirely decoupling semantic temporal reasoning from spatial rendering, we eliminate the need for any past pixel conditioning, bypassing physical sensor blindness. We orchestrate the $t \to t{\,}+{\,}1$ transition using a dual-stream mechanism: a triple-captioning system that textually drives temporal changes, and a robust latent spatial anchor predicted by an adapted Joint-Embedding Predictive Architecture (I-JEPA) to preserve topological constraints. A novel cross-attention fusion adapter dynamically aligns these linguistic trajectories with the spatial anchor to guide a frozen latent diffusion backbone. Evaluations demonstrate that despite the complete removal of optical inputs, the zero-RGB Sat-JEPA-Diff surpasses its coarse-RGB predecessor in perceptual realism (improving LPIPS from 0.4449 to 0.3781) while maintaining competitive geographical fidelity (GSSIM 0.8974). Code and dataset are available on https://github.com/VU-AIML/SAT-JEPA-DIFF",journal-article,en,satjepadiff_captionguided_zerorgb_satellite_image_forecasting_via_2026,,Citations: 0 | Content: Journals
IEEE-0023,API,IEEE Xplore,2026-09-23,"(""joint embedding predictive architecture"" OR ""JEPA"") AND video",Time-Series JEPA for Predictive Remote Control Under Capacity-Limited Networks,Abanoub M. Girgis; Alvaro Valcarce; Mehdi Bennis,2026,IEEE Internet of Things Journal,10.1109/JIOT.2025.3650435,https://ieeexplore.ieee.org/document/11321312/,"In remote control systems, transmitting large data volumes (e.g., images and video frames) from wireless sensors to remote controllers is challenging when uplink capacity is limited (e.g., RedCap devices or massive wireless sensor networks). Furthermore, controllers often need only information-rich representations of the original data. To address this, we propose a semantic-driven predictive control combined with a channel-aware scheduling to enhance the control performance for multiple devices under limited network capacity. At its core, the proposed framework, coined time-series joint-embedding predictive architecture (TS-JEPA), encodes high-dimensional sensory data into low-dimensional semantic embeddings at the sensor, reducing communication overhead. Furthermore, TS-JEPA enables predictive inference by predicting future embeddings from current ones and predicted commands, which are directly used by a semantic actor model to compute control commands within the embedding space, eliminating the need to reconstruct raw data. To further enhance reliability and communication efficiency, a channel-aware scheduling is integrated to dynamically prioritize device transmissions based on channel conditions and age of information (AoI). Extensive simulations on inverted cart-pole systems demonstrate that the proposed framework achieves a 98.95% reduction in communication cost, a normalized prediction error of 0.004, and 74.48% control accuracy, outperforming conventional control baselines. Furthermore, the proposed framework maintains robust control performance on 15-step prediction horizons and supports up to $16\times $ more devices than round-robin and opportunistic scheduling schemes with conventional control baselines under similar network conditions.",journal-article,en,timeseries_jepa_for_predictive_remote_control_under_2026,,Citations: 0 | Content: Journals
IEEE-0024,API,IEEE Xplore,2026-09-23,"(""joint embedding predictive architecture"" OR ""JEPA"") AND video",Self-Supervised Learning for Temporal Action Segmentation in Industrial and Manufacturing Videos,Yuliya Vybornova; Maxim Aleshin; Svetlana Illarionova; Ilya Novikov; Dmitrii Shadrin; Artem Nikonorov; Evgeny Burnaev,2025,IEEE Access,10.1109/ACCESS.2025.3545768,https://ieeexplore.ieee.org/document/10906499/,"Reliable methods for process control are required in maintenance to prevent emergencies, maintain high quality of work, and minimize potential risks to workers. Strict adherence to technological processes is also an essential requirement for compliance with production standards. The development of computer vision technologies opens new prospects in the field of video analytics for manufacturing and technological processes. However, effective implementation of AI-based solutions in monitoring systems requires overcoming a number of existing challenges. Among these limitations are difficulties in collecting annotated datasets necessary for training neural network models to solve specific tasks. In this work, we propose a methodology for creating a foundation industrial model (FIM) based on deep learning technology, that allows easy adaptation of algorithms for specific tasks with minimal requirements for annotated datasets. The solution for temporal action segmentation involves the use of self-supervised learning concepts and visual transformers. In order to validate the proposed approach, a dataset was prepared from several technological processes and a part of the data was annotated to enable model training for up to 14 event categories. The tested approaches include the X3D-M architecture and ViT-L. The pre-training is performed using the V-JEPA approach. On the test subset, the proposed approach leads to the Mean over Frame (MoF) of 0.817 and 0.653 for oil change and tire replacement process recognition, respectively. The experiments carried out confirm the feasibility of the proposed approach.",journal-article,en,selfsupervised_learning_for_temporal_action_segmentation_in_2025,,Citations: 5 | Content: Journals
IEEE-0025,API,IEEE Xplore,2026-09-23,"(""joint embedding predictive architecture"" OR ""JEPA"") AND video",Cosmos-Surg-DVRK: World Foundation Model-Based Automated Online Evaluation of Surgical Robot Policy Learning,Lukas Zbinden; Nigel Nelson; Juo-Tung Chen; Xinhao Chen; Ji Woong Kim; Mahdi Azizian; Axel Krieger; Sean Huver,2026,IEEE Robotics and Automation Letters,10.1109/LRA.2026.3675962,https://ieeexplore.ieee.org/document/11447382/,"The rise of robot-assisted surgery and vision-language-action models has accelerated progress in autonomous surgical policies and efficient assessment strategies. However, evaluating these policies directly on physical robotic platforms such as the da Vinci Research Kit (dVRK) remains hindered by high costs, time demands, reproducibility challenges, and variability in execution. World foundation models (WFM) for physical AI offer a transformative approach to simulate complex real-world surgical tasks, such as soft tissue deformation, with a high degree of realism. This work introduces Cosmos-Surg-dVRK, a surgical finetune of the Cosmos WFM, which, together with a trained video classifier, enables fully automated online evaluation and benchmarking of surgical policies. We evaluate Cosmos-Surg-dVRK using two independent, teleoperated, real-world dVRK surgical datasets. On tabletop suture pad tasks, the automated pipeline achieves strong correlation between online rollouts in Cosmos-Surg-dVRK and policy outcomes on the real dVRK Si platform, as well as good agreement between human labelers and the V-JEPA 2-derived video classifier. Additionally, preliminary experiments using the state-of-the-art SRT-H surgical policy for ex-vivo porcine cholecystectomy tasks demonstrate promising alignment between Cosmos-Surg-dVRK and real-world dVRK evaluations, highlighting the platform's potential for more complex surgical procedures.",journal-article,en,cosmossurgdvrk_world_foundation_modelbased_automated_online_evaluation_2026,,Citations: 1 | Content: Journals
IEEE-0026,API,IEEE Xplore,2026-09-23,"(""joint embedding predictive architecture"" OR ""JEPA"") AND video",A Comprehensive Survey on Self-Supervised Learning on Computer Vision: Moving Beyond the Supervised Paradigm,Kriti Ohri; Deepak Sukheja; Purushottam Kumar; Sunny Arora; Mukesh Kumar,2026,IEEE Access,10.1109/ACCESS.2026.3722626,https://ieeexplore.ieee.org/document/11657781/,"The availability of large-scale labeled datasets has driven advances in AI-based computer vision, yet supervised learning remains costly and impractical in domains where annotation is scarce. Self-supervised learning (SSL) addresses this by harnessing unlabeled data to learn rich, transferable representations without explicit supervision. This survey presents a seven-category taxonomy of self-supervised learning methods covering: 1) input reconstruction or restoration, 2) context prediction, 3) contrastive learning, 4) feature clustering, 5) self-distillation-based feature reconstruction, 6) redundancy reduction, and 7) masked image modeling, with coverage extended to recent methods that include DINOv2, I-JEPA, SparK, data2vec 2.0, V-JEPA, DINOv3, V-JEPA 2, V-JEPA 2.1, C-JEPA, PhiNet v2. We situate this work within the existing survey landscape by explicitly comparing our contributions with prior SSL reviews. Beyond method descriptions, we provide: a chronological timeline of SSL evolution from 2008 to 2026; a cross-paradigm comparative analysis evaluating all seven families along collapse risk, scalability, computational cost, and downstream transferability; a dedicated comparative analysis of anti-collapse mechanisms; critical limitations and trade-off analyses per method family; and systematic benchmarking evidence on ImageNet-1K, PASCAL VOC, COCO, and five public medical imaging datasets. We also contribute a practical method selection decision matrix, extended challenge discussions, and actionable open problems for future research.",journal-article,en,a_comprehensive_survey_on_selfsupervised_learning_on_2026,,Citations: 0 | Content: Journals
IEEE-0027,API,IEEE Xplore,2026-09-23,"(""generative world model"" OR ""diffusion world model"")",World4RL: Diffusion World Models for Policy Refinement With Reinforcement Learning for Robotic Manipulation,Zhennan Jiang; Kai Liu; Yuxing Qin; Shuai Tian; Yupeng Zheng; Mingcai Zhou; Zhengtao Zhang; Chao Yu; Haoran Li; Dongbin Zhao,2026,IEEE Robotics and Automation Letters,10.1109/LRA.2026.3728345,https://ieeexplore.ieee.org/document/11668663/,"Robotic manipulation policies are commonly initialized through imitation learning, but their performance is limited by the scarcity and narrow coverage of expert data. Reinforcement learning can refine policies to alleviate this limitation, yet real-robot training is costly and unsafe, while training in simulators suffers from the sim-to-real gap. Recent advances in generative models have demonstrated remarkable capabilities in real-world simulation, with diffusion models in particular excelling at generation. This raises the question of how diffusion model-based world models can be combined to enhance pre-trained policies in robotic manipulation. In this work, we propose World4RL, a two-stage system-level framework for robotic manipulation that uses a frozen diffusion visual world model as an imagined environment for reinforcement-learning-based policy refinement. Unlike prior works that primarily employ world models for planning, our framework enables direct end-to-end policy optimization. World4RL is designed around two principles: pre-training a diffusion world model that captures diverse dynamics on multi-task datasets and refining policies entirely within a frozen world model to avoid online real-world interactions. Extensive simulation and real-world experiments demonstrate that World4RL provides high-fidelity environment modeling and enables consistent policy refinement, yielding significantly higher success rates compared to imitation learning and other baselines.",journal-article,en,world4rl_diffusion_world_models_for_policy_refinement_2026,,Citations: 2 | Content: Journals
IEEE-0028,API,IEEE Xplore,2026-09-23,"(""generative world model"" OR ""diffusion world model"")",Dream to Adapt: Meta Reinforcement Learning by Latent Context Imagination and MDP Imagination,Lu Wen; Eric H. Tseng; Huei Peng; Songan Zhang,2024,IEEE Robotics and Automation Letters,10.1109/LRA.2024.3417114,https://ieeexplore.ieee.org/document/10565991/,"Meta reinforcement learning (Meta RL) has been amply explored to quickly learn an unseen task by transferring previously learned knowledge from similar tasks. However, most state-of-the-art Meta RL algorithms require the meta-training tasks to have a dense coverage of the task distribution and a great amount of data for each of them. In this letter, we propose MetaDreamer, a context-based Meta RL algorithm that requires less real training tasks and data by doing meta-imagination and MDP-imagination (Markov-Decision-Process). We perform meta-imagination by interpolating on the learned latent context space with disentangled properties, as well as MDP-imagination through the generative world model where physical knowledge is added to plain VAE networks. Our experiments with various benchmarks show that MetaDreamer outperforms existing approaches in data efficiency and interpolated generalization.",journal-article,en,dream_to_adapt_meta_reinforcement_learning_by_2024,,Citations: 6 | Content: Journals
IEEE-0029,API,IEEE Xplore,2026-09-23,"(""generative world model"" OR ""diffusion world model"")",Offline Inverse Constrained Reinforcement Learning for Safe-Critical Decision Making in Healthcare,Nan Fang; Guiliang Liu; Wei Gong,2026,IEEE Transactions on Artificial Intelligence,10.1109/TAI.2025.3610390,https://ieeexplore.ieee.org/document/11168453/,"One important application of reinforcement learning (RL) is optimizing treatment decisions in healthcare. However, a naïve RL policy can lead to unsafe medical decisions, such as excessive dosages or abrupt treatment changes, often because agents fail to account for common-sense constraints. To mitigate these problems, constrained reinforcement learning (CRL) naturally emerges as a promising approach for safer decision-making by optimizing policies under predefined constraints. To extend CRL to healthcare applications, a fundamental challenge lies in accurately specifying the constraint function for different healthcare scenarios. Recent inverse constrained reinforcement learning (ICRL) is a promising approach that infers constraints from expert demonstrations. However, ICRL algorithms model Markovian decisions and rely on real-time interactive environments. These settings do not align with the practical requirement of a decision-making system in healthcare, where decisions rely on historical treatment recorded in an offline dataset. To tackle these issues, we propose the constraint transformer (CT). Specifically, 1) we utilize a causal attention mechanism to incorporate historical decisions and observations into the constraint modeling, while employing a non-Markovian layer for weighted constraints to capture critical states. 2) A generative world model is used for exploratory data augmentation, enabling offline RL methods to simulate unsafe decision sequences. In multiple medical scenarios, empirical results demonstrate that CT can capture unsafe states and achieve strategies that approximate lower mortality rates, reducing the occurrence probability of unsafe behaviors.",journal-article,en,offline_inverse_constrained_reinforcement_learning_for_safecritical_2026,,Citations: 4 | Content: Journals
IEEE-0030,API,IEEE Xplore,2026-09-23,"(""latent dynamics"" OR ""learned dynamics"") AND video",SGPM-Net: A Self-Evolving Generative Memory Framework for Unsupervised Rare Event Detection via Latent Dynamics-Based Augmentation,Asim Wadood; M. Irfan Uddin; Theyazn H. H. Aldhyani; Muhammad Adnan; Moselh Hmoud Al-Adhaileh; Ahmed A. F. Osman,2026,IEEE Access,10.1109/ACCESS.2026.3706653,https://ieeexplore.ieee.org/document/11576025/,"Rare event detection in visual data remains a fundamental challenge due to the extreme scarcity and unpredictability of anomalous patterns. Conventional unsupervised or generative methods often model only the distribution of normal samples, failing to capture the underlying dynamics or synthesize realistic rare occurrences. To overcome these limitations, we propose SGPM-Net, a Self-Evolving Generative Perceptual Memory Network that learns to generate, evolve, and discriminate rare events in an entirely unsupervised manner. SGPM-Net utilizes an innovative self-evolving structure involving the following synergistic components: a Latent Evolution Generator (LEG), which is in charge of learning the temporal and spatial evolutions of normal behaviors; a Rarity Amplification Generator (RAG), which is in charge of perturbing latent evolution trajectories to synthesize novel but realistic rare events; and a Perceptual Memory Discriminator (PMD), which embodies long-term generative memory properties, enabling the boundaries between normal and rare events to be adaptively refined. By applying a self-evolving training procedure, the generative memory of SGPM-Net is adaptable, allowing it to be revised, and the rare manifold is learned in an unsupervised fashion. Extensive experiments on various industrial surveillance scenarios, including VisA, Real-IAD, MVTec AD-R, medical image analysis using Retinal Optical Coherence Tomography (OCT), and video surveillance including Ped1, Ped2, and Avenue from the UCSD benchmark, confirm the superior performance of SGPM-Net, which outperforms recent state-of-the-art methods including WinCLIP, SimpleNet, and PatchCore. The framework attains 97.8% image-level AUROC on VisA, 89.1% on Real-IAD, 96.8% on MVTec AD-R, 96.2% image-level AUROC on Retinal OCT, and frame-level AUROC of 94.8%, 96.2%, and 87.6% on Ped1, Ped2, and Avenue respectively. Our method excels in both anomaly localization accuracy and generation of diverse yet realistic synthetic rare events. With moderate computational overhead, SGPM-Net establishes a new paradigm for unsupervised rare event modeling through latent dynamics-based augmentation and self-evolving generative memory, offering strong generalization across diverse application domains.",journal-article,en,sgpmnet_a_selfevolving_generative_memory_framework_for_2026,,Citations: 0 | Content: Journals
IEEE-0031,API,IEEE Xplore,2026-09-23,"(""latent dynamics"" OR ""learned dynamics"") AND video",Fuzzy Reinforcement Learning for Adaptive Control of CDQ Systems in Steel Industry,Han Zhang; Yang Liu; Jun Zhao; Wei Wang,2026,IEEE Transactions on Industrial Informatics,10.1109/TII.2026.3671728,https://ieeexplore.ieee.org/document/11457689/,"Coke dry quenching (CDQ) in steel enterprises faces critical control challenges arising from dynamic complexity, inherent nonlinearity, operating uncertainties, and sparse feedback signals. To address these problems, a temporal-fuzzy enhanced reinforcement learning (TFERL) framework is proposed in this study, in which exploration and fuzzy-objective shaping are balanced to improve main steam temperature stability. Specifically, temporal dependencies between observed states and latent dynamics are captured by the long short-term memory, and time aware latent states are embedded into both the policy and value networks to enhance dynamic representation. On this basis, an adaptive reward mechanism based on a tradeoff between imitation-guided intrinsic rewards and interval type-2 fuzzy objective rewards is designed to mitigate uncertainty and encourage exploration under sparse rewards during coke loading and discharge interruptions. Reinforcement learning regularized by expert priors closes the control loop by learning a policy from the generated fuzzy rewards, achieving stable regulation of the CDQ main steam temperature. A simulation study based on real operational data from a CDQ plant of a steel industrial in China is conducted to evaluate TFERL for process regulation. Superior regulation performance over state-of-the-art methods is verified under multiple disturbances and conditions, reflected by smaller steady-state error and overshoot, and higher convergence speed.",journal-article,en,fuzzy_reinforcement_learning_for_adaptive_control_of_2026,,Citations: 0 | Content: Journals
IEEE-0032,API,IEEE Xplore,2026-09-23,"(""latent dynamics"" OR ""learned dynamics"") AND video",Learning Visually Interpretable Oscillator Networks for Soft Continuum Robots From Video,Henrik Krauss; Johann Licher; Naoya Takeishi; Annika Raatz; Takehisa Yairi,2026,IEEE Robotics and Automation Letters,10.1109/LRA.2026.3703241,https://ieeexplore.ieee.org/document/11560904/,"Learning soft continuum robot (SCR) dynamics from video offers flexibility but existing methods lack interpretability or rely on prior assumptions. Model-based approaches require prior knowledge and manual design. We bridge this gap by introducing: (1) The Attention Broadcast Decoder (ABCD), a plug-and-play module for autoencoder-based latent dynamics learning that generates pixel-accurate attention maps localizing each latent dimension’s contribution while filtering static backgrounds, enabling visual interpretability via spatially grounded latents and on-image overlays. (2) Visual Oscillator Networks (VONs), a 2D latent oscillator network coupled to ABCD attention maps for on-image visualization of learned masses, coupling stiffness, and forces, thereby enabling mechanical interpretability. We validate our approach on singleand double-segment SCRs, demonstrating that ABCD-based models significantly improve multi-step prediction accuracy with 5.8× error reduction for Koopman operators and 3.5× for oscillator networks on a two-segment robot. VONs autonomously discover a chain structure of oscillators. This fully data-driven approach yields compact, mechanically interpretable models with potential relevance for future control applications.",journal-article,en,learning_visually_interpretable_oscillator_networks_for_soft_2026,,Citations: 0 | Content: Journals
IEEE-0033,API,IEEE Xplore,2026-09-23,"(""latent dynamics"" OR ""learned dynamics"") AND video",Learning Graph Dynamics With Interaction Effects Propagation for Deformable Linear Objects Shape Control,Feida Gu; Hongrui Sang; Yanmin Zhou; Jiajun Ma; Rong Jiang; Zhipeng Wang; Bin He,2025,IEEE Transactions on Automation Science and Engineering,10.1109/TASE.2025.3530957,https://ieeexplore.ieee.org/document/10845081/,"Robotic manipulation of deformable linear objects (DLOs) has broad application prospects, e.g., manufacturing and medical surgery. To achieve such tasks, a critical challenge is the precise control of the DLOs’ shapes, which requires an accurate dynamics model for deformation prediction. However, due to the infinite dimensionality of the DLOs and the complexity of their deformation mechanism, dynamics models are hard to theoretically calculate. In this paper, for representing the DLO, we use multiple particles being uniformly distributed along the DLO. For learning the dynamics model, we adopt Graph Neural Network (GNN) to learn local interaction effects between neighboring particles, and use the attention mechanism to aggregate the effects of these interactions for the purpose of effect propagation along the DLO (called GA-Net). For manipulation, the Model Predictive Control (MPC) coupled with the learned dynamics model is used to calculate the optimal robot movements, which can also generalize to unseen DLOs. Simulation and real-world experiments demonstrate that GA-Net shows better accuracy than existing methods, and the proposed control framework is effective for different DLOs. Specifically, for model prediction (150 steps), the prediction performance of GA-Net is 14.14% better than the strong baseline (IN-BiLSTM). Videos are available at https://parkergu.github.io/work_dlo/. Note to Practitioners—This paper was motivated by the problem of shape control of DLOs (e.g., ropes, cables) but it also applies to other deformable objects. Robotic manipulation of DLOs has broad application prospects across various industries, including medical surgeries and manufacturing. Existing approaches to manipulate DLOs, such as reinforcement learning, suffer from sample inefficiency and challenges in generalization. To alleviate these issues, we propose a model-based framework. We adopt GNN and attention mechanism to learn DLOs’ dynamics. Then we use MPC coupled with the learned dynamics model for manipulation of DLOs. The framework is sample-efficient for manipulation, and can generalize to unseen DLOs. Previous works on GNN-based dynamics model do not consider instantaneous propagation of interaction effects, which leads to a false prediction. To alleviate this issue, we adopt GNN to learn interaction effects between neighboring particles, and use the attention mechanism to propagate local interaction effects along the DLO. Simulation and real-world experiments demonstrate that our dynamics model shows better accuracy than existing methods, and also demonstrate the effectiveness of the proposed control framework.",journal-article,en,learning_graph_dynamics_with_interaction_effects_propagation_2025,,Citations: 10 | Content: Journals
IEEE-0034,API,IEEE Xplore,2026-09-23,"(""latent dynamics"" OR ""learned dynamics"") AND video",Active Learning of Discrete-Time Dynamics for Uncertainty-Aware Model Predictive Control,Alessandro Saviolo; Jonathan Frey; Abhishek Rathod; Moritz Diehl; Giuseppe Loianno,2024,IEEE Transactions on Robotics,10.1109/TRO.2023.3339543,https://ieeexplore.ieee.org/document/10342784/,"Model-based control requires an accurate model of the system dynamics for precisely and safely controlling the robot in complex and dynamic environments. Moreover, in presence of variations in the operating conditions, the model should be continuously refined to compensate for dynamics changes. In this article, we present a self-supervised learning approach that actively models the dynamics of nonlinear robotic systems. We combine offline learning from past experience and online learning from current robot interaction with the unknown environment. These two ingredients enable a highly sample-efficient and adaptive learning process, capable of accurately inferring model dynamics in real-time even in operating regimes that greatly differ from the training distribution. Moreover, we design an uncertainty-aware model predictive controller that is heuristically conditioned to the aleatoric (data) uncertainty of the learned dynamics. This controller actively chooses the optimal control actions that i) optimize the control performance, and ii) improve the efficiency of online learning sample collection. We demonstrate the effectiveness of our method through a series of challenging real-world experiments using a quadrotor system. Our approach showcases high resilience and generalization capabilities by consistently adapting to unseen flight conditions, while it significantly outperforms classical and adaptive control baselines.11Video: https://youtu.be/QmEhSTcWob4",journal-article,en,active_learning_of_discretetime_dynamics_for_uncertaintyaware_2024,,Citations: 55 | Content: Journals
IEEE-0035,API,IEEE Xplore,2026-09-23,"(""latent dynamics"" OR ""learned dynamics"") AND video",Providing Safety Assurances for Systems With Unknown Dynamics,Hao Wang; Javier Borquez; Somil Bansal,2024,IEEE Control Systems Letters,10.1109/LCSYS.2024.3408069,https://ieeexplore.ieee.org/document/10543106/,"As autonomous systems become more complex and integral in our society, the need to accurately model and safely control these systems has increased significantly. In the past decade, there has been tremendous success in using deep learning techniques to model and control systems that are difficult to model using first principles. However, providing safety assurances for such systems remains difficult, partially due to the uncertainty in the learned model. In this letter, we aim to provide safety assurances for systems whose dynamics are not readily derived from first principles and, hence, are more advantageous to be learned using deep learning techniques. Given the system of interest and safety constraints, we learn an ensemble model of the system dynamics from data. Leveraging ensemble uncertainty as a measure of uncertainty in the learned dynamics model, we compute a maximal robust control invariant set, starting from which the system is guaranteed to satisfy the safety constraints under the condition that realized model uncertainties are contained in the predefined set of admissible model uncertainty. We demonstrate the effectiveness of our method using a simulated case study with an inverted pendulum and a hardware experiment with a TurtleBot. The experiments show that our method robustifies the control actions of the system against model uncertainty and generates safe behaviors without being overly restrictive. The codes and accompanying videos can be found on the project website.1",journal-article,en,providing_safety_assurances_for_systems_with_unknown_2024,,Citations: 3 | Content: Journals
IEEE-0036,API,IEEE Xplore,2026-09-23,"(""V-JEPA"" OR ""I-JEPA"")",A Novel Method to Create Digital Twin for Wireless Networks Under Data Scarcity,Arslan Shafique; Muhammad Umar Bin Farooq; Ali Rizwan; Muhammad Ali Imran; Ali Imran,2026,IEEE Open Journal of the Communications Society,10.1109/OJCOMS.2026.3725271,https://ieeexplore.ieee.org/document/11660733/,"Zero-touch automation (ZTA) is becoming inevitable in future wireless networks to enable continuous and closed-loop optimization. A key enabler of ZTA is an accurate digital twin of the radio environment which provides the basis for inferring network behavior directly from measurements rather than predefined analytical models. In real-world applications, however, developing such a digital twin is challenging due to limited data availability. Reference Signal Received Power (RSRP) maps are often irregular because of mobility constraints and environmental blockages, making it difficult to obtain sufficient training data. Therefore, most existing approaches either rely on data-hungry machine learning models or on offline, scenario-specific methods that do not scale to real-world deployments. To overcome these limitations, we propose a data-efficient framework for wireless digital twin construction that learns transferable latent representations of radio environments under severe training data scarcity. The proposed approach is based on a self-supervised Joint Embedding Predictive Architecture (JEPA). To the best of our knowledge, this is the first application of JEPA to wireless RSRP inference. By predicting latent representations instead of pixels, the proposed method captures the spatial structure of the radio field using a frozen ViT-H/14 JEPA encoder and a lightweight token-to-image decoder. The framework is trained using only 5, 20, 50, or 100 complete RSRP heatmaps, thereby evaluating its robustness under severe training data scarcity. It achieves strong quantitative performance up to 40 dB PSNR, MS-SSIM above 0.97, and LPIPS below 0.02 even when trained with only 5–20 images. Moreover, a comparative study is also conducted against machine learning, transformer, and LLM-based models. The results show that Image-based JEPA (I-JEPA) achieves superior performance across nearly all metrics, even under severe data scarcity and while using ten times fewer training samples.",journal-article,en,a_novel_method_to_create_digital_twin_2026,,Citations: 0 | Content: Journals
IEEE-0037,API,IEEE Xplore,2026-09-23,"""world model"" AND (""planning"" OR ""reinforcement learning"") AND visual",Human-in-the-Loop Reinforcement Learning to Track Excavation Paths for a Hydraulic Excavator in a Short Period of Time,Tatsuya Mori; Tatsuya Yoshimoto; Hiroshi Yoshida,2025,IEEE Access,10.1109/ACCESS.2025.3585182,https://ieeexplore.ieee.org/document/11062842/,"The construction industry faces a severe shortage of skilled operators. One promising approach to mitigate this problem is to automate construction machinery, particularly hydraulic excavators, which have a wide range of applications. However, it is challenging to automate hydraulic excavators due to the difficulty of modeling their nonlinear dynamics and soil interactions, which makes difficult to design a controller that tracks excavation paths precisely and quickly. Reinforcement learning (RL) is promising solution because it can learn to track excavation paths in a purely data-driven way, but simply applying RL may lead to an impractically long data collection time due to its low data efficiency. Moreover, since controlling the hydraulic excavator is a safety-critical task, the safety of RL is also a considerable challenge. In light of this background, we propose a path-tracking controller based on a human-in-the-loop RL system. While some human intervention is required, we can collect data safely and efficiently. Our experimental results demonstrate that the path-tracking controller assisted by a skilled human operator learned to excavate gravelly, sandy, and cobbly soils in 12, 18, and 21 minutes of data collection, respectively, and dispensed with human assistance afterward. Moreover, the results of safety analysis experiments show that the trained controller succeeded in performing 128 successive excavations (38 minutes) without any safety violation or human assistance.",journal-article,en,humanintheloop_reinforcement_learning_to_track_excavation_paths_2025,,Citations: 2 | Content: Journals
IEEE-0038,API,IEEE Xplore,2026-09-23,"""world model"" AND (""planning"" OR ""reinforcement learning"") AND visual",Prototypical Context-Aware Dynamics for Generalization in Visual Control With Model-Based Reinforcement Learning,Junjie Wang; Qichao Zhang; Yao Mu; Dong Li; Dongbin Zhao; Yuzheng Zhuang; Ping Luo; Bin Wang; Jianye Hao,2024,IEEE Transactions on Industrial Informatics,10.1109/TII.2024.3396525,https://ieeexplore.ieee.org/document/10530946/,"The latent world model, which efficiently represents high-dimensional observations within a latent space, has shown promise in reinforcement learning-based policies for visual control tasks. Due to a lack of clear environmental context comprehension, its applicability in a variety of contexts with unknown dynamics is constrained. We propose a prototypical contextaware dynamics (ProtoCAD) model to address this issue. This model captures local dynamics using temporally consistent latent contexts and aids generalization in visual control tasks. By grouping prototypes over historical experiences, ProtoCAD collects useful contextual information that improves model-based reinforcement learning dynamics generalization in two ways. First, to guarantee the consistency of prototype assignments for various temporal segments of the same latent trajectory, a temporally consistent prototypes regularizer is used. Then, a context representation is devised to combine the aggregated prototype with the projection embedding of latent states. According to extensive trials, ProtoCAD outperforms competing approaches in terms of dynamics generalization for visual robotic control and autonomous driving applications.",journal-article,en,prototypical_contextaware_dynamics_for_generalization_in_visual_2024,,Citations: 12 | Content: Journals
IEEE-0039,API,IEEE Xplore,2026-09-23,"""world model"" AND (""planning"" OR ""reinforcement learning"") AND visual",Viewpoint Selection for the Efficient Teleoperation of a Robot Arm Using Reinforcement Learning,Haoxiang Liu; Ren Komatsu; Shinsuke Nakashima; Hiroyuki Hamada; Nobuto Matsuhira; Hajime Asama; Atsushi Yamashita,2023,IEEE Access,10.1109/ACCESS.2023.3327826,https://ieeexplore.ieee.org/document/10296844/,"In this study, we developed a novel method to determine the optimal viewpoint from which an operator could realize faster and more accurate robot teleoperation using reinforcement learning. The reinforcement learning model was trained using images obtained from several candidate viewpoints from scratch, and the viewpoint at which the model achieved the highest rewards was considered the optimal viewpoint. The target robot, task, and environment were modeled using computer simulations and the candidate viewpoint images were obtained using those simulations. We employed the world model as our reinforcement learning model to maximize rewards in the reaching task of a robot arm. The reward function was designed to encourage the robot arm to reach the target position both quickly and accurately. The experimental results validated the choice of the world model as the reinforcement learning model. Moreover, subject experiments wherein subjects operated a robot arm remotely to reach the target position were conducted. The experiments produced results that strongly aligned with the performance obtained through computer simulations, indicating that the proposed method is capable of selecting the optimal viewpoint without handcrafted design and subject experiments.",journal-article,en,viewpoint_selection_for_the_efficient_teleoperation_of_2023,,Citations: 5 | Content: Journals
IEEE-0040,API,IEEE Xplore,2026-09-23,"""world model"" AND (""planning"" OR ""reinforcement learning"") AND visual","NEUSIS: A Compositional Neuro-Symbolic Framework for Autonomous Perception, Reasoning, and Planning in Complex UAV Search Missions",Zhixi Cai; Cristian Rojas Cardenas; Kevin Leo; Chenyuan Zhang; Kal Backman; Hanbing Li; Boying Li; Mahsa Ghorbanali; Stavya Datta; Lizhen Qu; Julian Gutierrez; Alexey Ignatiev; Yuan-Fang Li; Mor Vered; Peter J. Stuckey; Maria Garcia de la Banda; Hamid Rezatofighi,2025,IEEE Robotics and Automation Letters,10.1109/LRA.2025.3592098,https://ieeexplore.ieee.org/document/11091489/,"This letter addresses the problem of autonomous UAV search missions, where a UAV must locate specific Entities of Interest (EOIs) within a time limit, based on brief descriptions in large, hazard-prone environments with keep-out zones. The UAV must perceive, reason, and make decisions with limited and uncertain information. We propose NEUSIS, a compositional neuro-symbolic system designed for effective UAV search and navigation in realistic scenarios. NEUSIS integrates neuro-symbolic visual perception, reasoning, and grounding (GRiD) to process raw sensory inputs, maintains a probabilistic world model for environment representation, and uses a hierarchical planning component (SNaC) for efficient path planning. Experimental results from simulated urban search missions using AirSim and Unreal Engine show that NEUSIS outperforms state-of-the-art baselines for both perception and planning. These results demonstrate the effectiveness of our compositional neuro-symbolic approach in handling complex scenarios, making it a promising solution for autonomous UAV systems in search missions.",journal-article,en,neusis_a_compositional_neurosymbolic_framework_for_autonomous_2025,,Citations: 6 | Content: Journals
IEEE-0041,API,IEEE Xplore,2026-09-23,"""world model"" AND (""planning"" OR ""reinforcement learning"") AND visual",OccTENS: 3D Occupancy World Model via Temporal Next-Scale Prediction,Bu Jin; Songen Gu; Xiaotao Hu; Yupeng Zheng; Xiaoyang Guo; Qian Zhang; Xiaoxiao Long; Wei Yin,2026,IEEE Robotics and Automation Letters,10.1109/LRA.2026.3655202,https://ieeexplore.ieee.org/document/11358403/,"In this paper, we propose OccTENS, a generative occupancy world model that enables controllable, high-fidelity long-term occupancy generation while maintaining computational efficiency. Different from visual generation, the occupancy world model must capture the fine-grained 3D geometry and dynamic evolution of the 3D scenes, posing great challenges for the generative models. Recent approaches based on autoregression (AR) have demonstrated the potential to predict vehicle movement and future occupancy scenes simultaneously from historical observations, but they typically suffer from inefficiency, temporal degradation in long-term generation and lack of controllability. To holistically address these issues, we reformulate the occupancy world model as a temporal next-scale prediction (TENS) task, which decomposes the temporal sequence modeling problem into the modeling of spatial scale-by-scale generation and temporal scene-by-scene prediction. With a TensFormer, OccTENS can effectively manage the temporal causality and spatial relationships of occupancy sequences in a flexible and scalable way. To enhance the pose controllability, we further propose a holistic pose aggregation strategy, which features a unified sequence modeling for occupancy and ego-motion. Experiments show that OccTENS outperforms the state-of-the-art method with both higher occupancy quality and faster inference time.",journal-article,en,occtens_3d_occupancy_world_model_via_temporal_2026,,Citations: 0 | Content: Journals
IEEE-0042,API,IEEE Xplore,2026-09-23,"""world model"" AND (""planning"" OR ""reinforcement learning"") AND visual",Vision-Based Autonomous Car Racing Using Deep Imitative Reinforcement Learning,Peide Cai; Hengli Wang; Huaiyang Huang; Yuxuan Liu; Ming Liu,2021,IEEE Robotics and Automation Letters,10.1109/LRA.2021.3097345,https://ieeexplore.ieee.org/document/9488179/,"Autonomous car racing is a challenging task in the robotic control area. Traditional modular methods require accurate mapping, localization and planning, which makes them computationally inefficient and sensitive to environmental changes. Recently, deep-learning-based end-to-end systems have shown promising results for autonomous driving/racing. However, they are commonly implemented by supervised imitation learning (IL), which suffers from the distribution mismatch problem, or by reinforcement learning (RL), which requires a huge amount of risky interaction data. In this work, we present a general deep imitative reinforcement learning approach (DIRL), which successfully achieves agile autonomous racing using visual inputs. The driving knowledge is acquired from both IL and model-based RL, where the agent can learn from human teachers as well as perform self-improvement by safely interacting with an offline world model. We validate our algorithm both in a high-fidelity driving simulation and on a real-world 1/20-scale RC-car with limited onboard computation. The evaluation results demonstrate that our method outperforms previous IL and RL methods in terms of sample efficiency and task performance. Demonstration videos are available at https://caipeide.github.io/autorace-dirl/.",journal-article,en,visionbased_autonomous_car_racing_using_deep_imitative_2021,,Citations: 83 | Content: Journals
IEEE-0043,API,IEEE Xplore,2026-09-23,"""world model"" AND (""planning"" OR ""reinforcement learning"") AND visual",Model-Based Reinforcement Learning With Isolated Imaginations,Minting Pan; Xiangming Zhu; Yitao Zheng; Yunbo Wang; Xiaokang Yang,2024,IEEE Transactions on Pattern Analysis and Machine Intelligence,10.1109/TPAMI.2023.3335263,https://ieeexplore.ieee.org/document/10328687/,"World models learn the consequences of actions in vision-based interactive systems. However, in practical scenarios like autonomous driving, noncontrollable dynamics that are independent or sparsely dependent on action signals often exist, making it challenging to learn effective world models. To address this issue, we propose Iso-Dream++, a model-based reinforcement learning approach that has two main contributions. First, we optimize the inverse dynamics to encourage the world model to isolate controllable state transitions from the mixed spatiotemporal variations of the environment. Second, we perform policy optimization based on the decoupled latent imaginations, where we roll out noncontrollable states into the future and adaptively associate them with the current controllable state. This enables long-horizon visuomotor control tasks to benefit from isolating mixed dynamics sources in the wild, such as self-driving cars that can anticipate the movement of other vehicles, thereby avoiding potential risks. On top of our previous work (Pan et al. 2022), we further consider the sparse dependencies between controllable and noncontrollable states, address the training collapse problem of state decoupling, and validate our approach in transfer learning setups. Our empirical study demonstrates that Iso-Dream++ outperforms existing reinforcement learning models significantly on CARLA and DeepMind Control.",journal-article,en,modelbased_reinforcement_learning_with_isolated_imaginations_2024,,Citations: 4 | Content: Journals
IEEE-0044,API,IEEE Xplore,2026-09-23,"""world model"" AND (""planning"" OR ""reinforcement learning"") AND visual",Dynamic-Horizon Model-Based Value Estimation With Latent Imagination,Junjie Wang; Qichao Zhang; Dongbin Zhao,2024,IEEE Transactions on Neural Networks and Learning Systems,10.1109/TNNLS.2022.3215788,https://ieeexplore.ieee.org/document/9932637/,"Existing model-based value expansion (MVE) methods typically leverage a world model for value estimation with a fixed rollout horizon to assist policy learning. However, a proper horizon setting is essential to world-model-based policy learning. Meanwhile, choosing an appropriate horizon value is time-consuming, especially for visual control tasks. In this article, we investigate the idea of adaptively using the model knowledge for value expansion. We propose a novel world-model-based method called dynamic-horizon MVE (DMVE) to adjust the use of the world model with adaptive rollout horizon selection. Based on the reconstruction-based technique, the raw and reconstructed images are both used to obtain multihorizon rollouts by utilizing latent imagination. Then, a horizon reliability degree detection approach is given to select appropriate horizons and obtain more accurate value estimation by the reconstructed value expansion errors. Experimental results on the mainstream benchmark visual control tasks show that DMVE outperforms all baselines in sample efficiency and final performance. In addition, experiments on the autonomous driving lane-changing task further demonstrate the scalability of our method. The codes of DMVE are available at https://github.com/JunjieWang95/dmve.",journal-article,en,dynamichorizon_modelbased_value_estimation_with_latent_imagination_2024,,Citations: 11 | Content: Journals
IEEE-0045,API,IEEE Xplore,2026-09-23,"""world model"" AND (""planning"" OR ""reinforcement learning"") AND visual",From Pixels to Predicates: Learning Symbolic World Models via Pretrained VLMs,Ashay Athalye; Nishanth Kumar; Tom Silver; Yichao Liang; Jiuguang Wang; Tomás Lozano-Pérez; Leslie Pack Kaelbling,2026,IEEE Robotics and Automation Letters,10.1109/LRA.2026.3662533,https://ieeexplore.ieee.org/document/11373861/,"Our aim is to learn to solve long-horizon decision-making problems in complex robotics domains given low-level skills and a handful of demonstrations containing sequences of images. To this end, we focus on learning abstract symbolic world models that facilitate zero-shot generalization to novel goals via planning. A critical component of such models is the set of symbolic predicates that define properties of and relationships between objects. In this work, we leverage pretrained vision-language models (VLMs) to propose a large set of visual predicates potentially relevant for decision-making, and to evaluate those predicates directly from camera images. At training time, we pass the proposed predicates and demonstrations into an optimization-based model-learning algorithm to obtain an abstract symbolic world model that is defined in terms of a compact subset of the proposed predicates. At test time, given a novel goal in a novel setting, we use the VLM to construct a symbolic description of the current world state, and then use a search-based planning algorithm to find a sequence of low-level skills that achieves the goal. We demonstrate empirically across experiments in both simulation and the real world that our method can generalize aggressively, applying its learned world model to solve problems with varying visual backgrounds, types, numbers, and arrangements of objects, as well as novel goals and much longer horizons than those seen at training time.",journal-article,en,from_pixels_to_predicates_learning_symbolic_world_2026,,Citations: 0 | Content: Journals
IEEE-0046,API,IEEE Xplore,2026-09-23,"""world model"" AND (""planning"" OR ""reinforcement learning"") AND visual",TREND: Task-Oriented World Models for Visual Robotic Manipulation,Yuxiang Zheng; Tao Lu; Yinghao Cai,2026,IEEE Robotics and Automation Letters,10.1109/LRA.2026.3688085,https://ieeexplore.ieee.org/document/11495394/,"World models, the key component of model-based reinforcement learning (MBRL), enable sample-efficient learning by modeling the environment. However, for challenging visual robotic manipulation tasks with continuous action spaces, standard image reconstruction and uniform sampling schemes are suboptimal and may even impede learning. To address this, we propose TREND, a task-oriented world model that emphasizes robotic task-critical features and leverages motion-informative samples to accelerate environment modeling, thereby improving sample efficiency and policy convergence. Our method consists of two components: (1) Inter-Frame Difference Capture (IFDC): This mechanism replaces traditional image reconstruction and performs global and local difference capture to emphasize robotic task-critical regions, orienting the world model to reconstruct task-relevant features and facilitating task completion. (2) Motion-Density-guided Experience Replay (MDER): Instead of uniform sampling, this scheme employs kernel density estimation of end-effector positions to prioritize motion-informative trajectory samples, thereby enabling the world model to rapidly learn the dynamics of the robotic environment. Our experiments show that TREND significantly outperforms six other existing methods in terms of sample efficiency and success rate on ten simulated and five real-world visual robotic manipulation tasks.",journal-article,en,trend_taskoriented_world_models_for_visual_robotic_2026,,Citations: 0 | Content: Journals
IEEE-0047,API,IEEE Xplore,2026-09-23,"""world model"" AND (""planning"" OR ""reinforcement learning"") AND visual",A Survey on Vision--Language--Action Models for Embodied AI,Yueen Ma; Zixing Song; Yuzheng Zhuang; Jianye Hao; Irwin King,2026,IEEE Transactions on Neural Networks and Learning Systems,10.1109/TNNLS.2025.3650584,https://ieeexplore.ieee.org/document/11495231/,"Embodied AI is widely recognized as a cornerstone of artificial general intelligence (AGI) because it involves controlling embodied agents to perform tasks in the physical world. Building on the success of large language models (LLMs) and vision–language models (VLMs), a new category of multimodal models—referred to as vision–language–action (VLA) models—has emerged to address language-conditioned robotic tasks in embodied AI by leveraging their distinct ability to generate actions. The recent proliferation of VLAs necessitates a comprehensive survey to capture the rapidly evolving landscape. To this end, we present the first survey on VLAs for embodied AI. This work provides a detailed taxonomy of VLAs, organized into three major lines of research. The first line focuses on individual components of VLAs. The second line is dedicated to developing VLA-based control policies adept at predicting low-level actions. The third line comprises high-level task planners capable of decomposing long-horizon tasks into a sequence of subtasks, thereby guiding VLAs to follow more general user instructions. Furthermore, we provide an extensive summary of relevant resources, including datasets, simulators, and benchmarks. Finally, we discuss the challenges facing VLAs and outline promising future directions in embodied AI. A curated repository associated with this survey is available at: https://github.com/yueen-ma/Awesome-VLA",journal-article,en,a_survey_on_visionlanguageaction_models_for_embodied_2026,,Citations: 23 | Content: Journals
IEEE-0048,API,IEEE Xplore,2026-09-23,"""world model"" AND (""planning"" OR ""reinforcement learning"") AND visual",Constructing the World From Few Demonstrations: Learning Compositional World Models for Generalizable Robotic Skills,Haowen Sun; Chengzhong Ma; Han Wang; Long Qian; Jiawei Ye; Jingchen Li; Xingyu Chen; Zeyang Liu; Xuguang Lan,2026,IEEE Transactions on Industrial Informatics,10.1109/TII.2026.3688546,https://ieeexplore.ieee.org/document/11538026/,"Leveraging world models to augment data or facilitate policy optimization presents a potential solution to learn robotic skills from few demonstrations. However, constructing world models with limited data remains a fundamental challenge, requiring accurate modeling of real-world dynamics and reliable reward learning. Motivated by the insight that demonstrations contain rich information about both environmental dynamics and task rewards, we present DeCoW, a novel framework that learns generalizable robotic skills by constructing a compositional world model directly from few expert demonstrations. In contrast to traditional world models that rely on predefined simulators or abstract representations, DeCoW constructs a dynamics model by generating a simulation from real-world scenes and learns a reward model leveraging both trajectory similarity and a vision–language model to interpret task goals and preferences. Policies trained within our compositional world model develop robust generalization, allowing zero-shot sim-to-real transfer across diverse real-world tasks. Consequently, DeCoW significantly surpasses existing baselines in success rate on five distinct real-world tasks, highlighting its promise as a practical and scalable framework for robotic skill acquisition.",journal-article,en,constructing_the_world_from_few_demonstrations_learning_2026,,Citations: 0 | Content: Journals
IEEE-0049,API,IEEE Xplore,2026-09-23,"""world model"" AND (""planning"" OR ""reinforcement learning"") AND visual",Walking World Model for Visually Impaired Path Following,Haokun Ju; Lixuan Zhang; Xiangyu Cao; Meina Kan; Shiguang Shan; Xilin Chen,2026,IEEE Robotics and Automation Letters,10.1109/LRA.2025.3641097,https://ieeexplore.ieee.org/document/11282473/,"Guiding visually impaired individuals (VI) walking along planned paths is essential for enabling independent long-distance mobility. Current reactive approaches only correct deviations after they occur. These methods ignore VI's walking dynamics (e.g., reaction latency and heading drift), resulting in frequent interventions that increase cognitive load, reduce walking efficiency, and may lead to missed turns. To address these limitations, we propose a predictive path-following approach enhanced by a walking world model to enable proactive guidance through vibrotactile guidance commands. Specifically, our walking world model is used to predict the future state of users after receiving specific commands. To mitigate the inefficiency in collecting action-annotated walking data, we exploit unannotated free-walking data to enhance model generalization. Specifically, the model first undergoes self-supervised pre-training on a large unannotated dataset to learn general gait patterns, and then is fine-tuned on annotated data with action labels to model the walking dynamics of users given guidance commands. Integrated with model predictive control (MPC) specially considering cognitive load for the human, our method proactively optimizes instructions to minimize deviation, ensure safety, and reduce cognitive load. Experiments show significant improvements in walking speed and cognitive load over reactive baselines.",journal-article,en,walking_world_model_for_visually_impaired_path_2026,,Citations: 0 | Content: Journals
IEEE-0050,API,IEEE Xplore,2026-09-23,"""world model"" AND (""planning"" OR ""reinforcement learning"") AND visual",Inference-Time Enhancement of Generative Robot Policies via Predictive World Modeling,Han Qi; Haocheng Yin; Aris Zhu; Yilun Du; Heng Yang,2026,IEEE Robotics and Automation Letters,10.1109/LRA.2026.3673995,https://ieeexplore.ieee.org/document/11433756/,"We present generative predictive control (GPC), a framework for inference-time enhancement of pretrained behavior-cloning policies. Rather than retraining or fine-tuning, GPC augments a frozen diffusion policy at deployment by coupling it with a predictive world model. Concretely, we train an action-conditioned world model on expert demonstrations and random exploration rollouts to forecast the consequences of action proposals produced by the diffusion policy, then perform lightweight online planning that ranks and refines these proposals via model-based look-ahead. This combination of a generative prior with predictive foresight enables test-time adaptation. Across diverse robotic manipulation tasks—stateand vision-based, in simulation and on real hardware— GPC consistently outperforms standard behavior cloning and compares favorably to other inference-time adaptation baselines.",journal-article,en,inferencetime_enhancement_of_generative_robot_policies_via_2026,,Citations: 2 | Content: Journals
IEEE-0051,API,IEEE Xplore,2026-09-23,"""world model"" AND (""planning"" OR ""reinforcement learning"") AND visual",Don’t Let Your Robot Be Harmful: Responsible Robotic Manipulation via Safety-As-Policy,Minheng Ni; Lei Zhang; Zihan Chen; Kaixin Bai; Zhaopeng Chen; Jianwei Zhang; Lei Zhang; Wangmeng Zuo,2025,IEEE Robotics and Automation Letters,10.1109/LRA.2025.3623027,https://ieeexplore.ieee.org/document/11206481/,"Unthinking execution of human instructions in robotic manipulation can lead to severe safety risks, such as poisonings, fires, and even explosions. In this paper, we present responsible robotic manipulation, which requires robots to consider potential hazards in the real-world environment while completing instructions and performing complex operations safely and efficiently. However, such scenarios in real world are variable and risky for training. To address this challenge, we propose Safety-as-policy, which includes (i) a world model to automatically generate scenarios containing safety risks and conduct virtual interactions, and (ii) a mental model to infer consequences with reflections and gradually develop the cognition of safety, allowing robots to accomplish tasks while avoiding dangers. Additionally, we create the SafeBox synthetic dataset, which includes one hundred responsible robotic manipulation tasks with different safety risk scenarios and instructions, effectively reducing the risks associated with real-world experiments. Experiments demonstrate that Safety-as-policy can avoid risks and efficiently complete tasks in both synthetic dataset and real-world experiments, significantly outperforming baseline methods. Our SafeBox dataset shows consistent evaluation results with real-world scenarios, serving as a safe and effective benchmark for future research.",journal-article,en,dont_let_your_robot_be_harmful_responsible_2025,,Citations: 2 | Content: Journals
IEEE-0052,API,IEEE Xplore,2026-09-23,"""world model"" AND (""planning"" OR ""reinforcement learning"") AND visual","Deriving a Data-Efficient, Generalist Agent Through World Models",Jooyeon Kim,2026,IEEE Access,10.1109/ACCESS.2026.3726084,https://ieeexplore.ieee.org/document/11664046/,"Machine learning researchers long to derive a generalist agent whose problem-solving abilities span over multiple tasks. At the same time, we are also interested in data efficiency, i.e., training agents with fewer, limited training samples. To these two distinctive ends, recent lines of research on world models (WMs) for image-based reinforcement learning (RL) tasks have also shown a stark divergence. The first line is to scale a singular world model to operate on many environments at the cost of requiring billions of training experiences. The second focuses on training one specialized world model per environment, but within a limited budget of one hundred thousand (100k) interactions. In this research, we propose mae, the transformer WM agent that thrives in both ends, i.e., operates in multiple environments using a single set of backbone world model parameters with the limited hundred thousand (100k) training samples per environment. On the standard Atari 100k benchmark, we achieve superhuman performance in 9 of the 26 games, obtaining human-normalized mean, interquartile mean (IQM), and median scores of 1.15, 0.56, and 0.46, respectively, using a single WM backbone across all games and game-specific RL networks. While competitive, these scores fall modestly short of specialized, game-specific transformer WM agents. Remarkably, mae learns a rewarding policy without observing any positive reward in the target environment, and ablations provide evidence of cross-environment transfer. Lastly, we validate mae’s applicability in a 3D, first-person view environment with a long-horizon task.",journal-article,en,deriving_a_dataefficient_generalist_agent_through_world_2026,,Citations: 0 | Content: Journals
IEEE-0053,API,IEEE Xplore,2026-09-23,"""world model"" AND (""planning"" OR ""reinforcement learning"") AND visual",NavCoT: Boosting LLM-Based Vision-and-Language Navigation via Learning Disentangled Reasoning,Bingqian Lin; Yunshuang Nie; Ziming Wei; Jiaqi Chen; Shikui Ma; Jianhua Han; Hang Xu; Xiaojun Chang; Xiaodan Liang,2025,IEEE Transactions on Pattern Analysis and Machine Intelligence,10.1109/TPAMI.2025.3554559,https://ieeexplore.ieee.org/document/10938647/,"Vision-and-Language Navigation (VLN), as a crucial research problem of Embodied AI, requires an embodied agent to navigate through complex 3D environments following natural language instructions. Recent research has highlighted the promising capacity of large language models (LLMs) in VLN by improving navigational reasoning accuracy and interpretability. However, their predominant use in an offline manner usually suffers from substantial domain gap between the VLN task and the LLM training corpus. This paper proposes a novel strategy called Navigational Chain-of-Thought (NavCoT), where we fulfill parameter-efficient in-domain training to enable self-guided navigational decision, leading to a significant mitigation of the domain gap in a cost-effective manner. Specifically, at each timestep, the LLM is prompted to forecast the navigational chain-of-thought by: 1) acting as a world model to imagine the next observation according to the instruction, 2) selecting the candidate observation that best aligns with the imagination, and 3) determining the action based on the reasoning from the prior steps. In this way, the action prediction can be effectively simplified benefiting from the disentangled reasoning. Through constructing formalized labels for training, the LLM can learn to generate desired and reasonable chain-of-thought outputs for improving the action decision. Experimental results across various training settings and popular VLN benchmarks (e.g., Room-to-Room (R2R), Room-across-Room (RxR), Room-for-Room (R4R)) show the significant superiority of NavCoT over the direct action prediction variants. Through simple parameter-efficient finetuning, our NavCoT outperforms a recent GPT4-based approach with $\sim$∼7% relative improvement on the R2R dataset. We believe that NavCoT will help unlock more task-adaptive and scalable LLM-based embodied agents, which are helpful for developing real-world robotics applications.",journal-article,en,navcot_boosting_llmbased_visionandlanguage_navigation_via_learning_2025,,Citations: 53 | Content: Journals
IEEE-0054,API,IEEE Xplore,2026-09-23,"""world model"" AND (""planning"" OR ""reinforcement learning"") AND visual",One-Shot Real-to-Sim via End-to-End Differentiable Simulation and Rendering,Yifan Zhu; Tianyi Xiang; Aaron M. Dollar; Zherong Pan,2025,IEEE Robotics and Automation Letters,10.1109/LRA.2025.3566623,https://ieeexplore.ieee.org/document/10982102/,"Identifying predictive world models for robots from sparse online observations is essential for robot task planning and execution in novel environments. However, existing methods that leverage differentiable programming to identify world models are incapable of jointly optimizing the geometry, appearance, and physical properties of the scene. In this work, we introduce a novel rigid object representation that allows the joint identification of these properties. Our method employs a novel differentiable point-based geometry representation coupled with a grid-based appearance field, which allows differentiable object collision detection and rendering. Combined with a differentiable physical simulator, we achieve end-to-end optimization of world models or rigid objects, given the sparse visual and tactile observations of a physical motion sequence. Through a series of world model identification tasks in simulated and real environments, we show that our method can learn both simulationand rendering-ready rigid world models from only one robot action sequence.",journal-article,en,oneshot_realtosim_via_endtoend_differentiable_simulation_and_2025,,Citations: 2 | Content: Journals
IEEE-0055,API,IEEE Xplore,2026-09-23,"(""world model"" OR ""world models"") AND (""JEPA"" OR ""joint embedding predictive architecture"" OR ""generative"")",ACT-JEPA: Novel Joint-Embedding Predictive Architecture for Efficient Policy Representation Learning,Aleksandar Vujinović; Aleksandar Kovačević,2026,IEEE Access,10.1109/ACCESS.2026.3696039,https://ieeexplore.ieee.org/document/11534212/,"Learning efficient representations for decision-making policies is a challenge in imitation learning (IL). Current IL methods require expert demonstrations, which are expensive to collect. Additionally, they are not explicitly trained to understand the environment. Consequently, they have underdeveloped world models. Self-supervised learning (SSL) offers an alternative, as it can learn a world model from diverse, unlabeled data. However, most SSL methods are inefficient because they operate in raw input space. In this work, we propose ACT-JEPA, a novel architecture that unifies IL and SSL to enhance policy representations. It is trained end-to-end to jointly predict 1) action sequences and 2) latent observation sequences. To learn in latent space, we utilize Joint-Embedding Predictive Architecture, which allows the model to filter out irrelevant details and learn a robust world model. We evaluate ACT-JEPA in different environments and across multiple tasks. Our results show that it outperforms the strongest baseline in all environments. ACT-JEPA achieves up to 40% improvement in world model understanding and up to 10% higher task success rate. Finally, we show that predicting latent observation sequences effectively generalizes to predicting action sequences. This work demonstrates how integrating IL and SSL leads to efficient policy representation learning, an improved world model, and a higher task success rate.",journal-article,en,actjepa_novel_jointembedding_predictive_architecture_for_efficient_2026,,Citations: 0 | Content: Journals
IEEE-0056,API,IEEE Xplore,2026-09-23,"(""world model"" OR ""world models"") AND (""JEPA"" OR ""joint embedding predictive architecture"" OR ""generative"")",World Model for Autonomous Information Freshness in Sparse-Reward Mobile Edge Networks,Xiaozhe Wang; Renpeng Liu; Bo Hu; Shanzhi Chen,2026,IEEE Wireless Communications Letters,10.1109/LWC.2026.3680215,https://ieeexplore.ieee.org/document/11471827/,"Generative world models offer a promising paradigm for autonomous decision-making in sparse-reward environments. However, applying these models to Age of Information (AoI) minimization in mobile edge networks faces a fundamental temporal structural mismatch, characterized by the conflict between continuous energy expenditure and discrete, event-triggered information updates. To bridge this gap, this letter proposes a World Model-driven Generative Active Inference (WM-GAI) method. WM-GAI constructs a latent state-space dynamics model to anticipate future channel variations and information gain evolution via latent rollouts, avoiding costly physical trial-and-error. Furthermore, we introduce a contrastive prior mechanism to anchor the acquisition policy to historical high-utility states, guiding the agent toward informative regions in sparse-reward environments. Simulation results demonstrate that WM-GAI reduces the system average AoI by 12% and improves sample efficiency by 25% compared to baseline.",journal-article,en,world_model_for_autonomous_information_freshness_in_2026,,Citations: 0 | Content: Journals
IEEE-0057,API,IEEE Xplore,2026-09-23,"(""world model"" OR ""world models"") AND (""JEPA"" OR ""joint embedding predictive architecture"" OR ""generative"")",DREWM: A Decision-Refined World Model for End-to-End Autonomous Driving,Jiatong Du; Yue Liang; Jiaheng Geng; Yanjun Huang; Hong Chen,2026,IEEE Transactions on Vehicular Technology,10.1109/TVT.2025.3633491,https://ieeexplore.ieee.org/document/11250785/,"End-to-end autonomous driving systems have garnered attention for their potential to optimize and represent the entire driving task in an integrated manner. However, current end-to-end approaches tend to prioritize optimizations and hidden states, often overlooking the decision-making framework, which poses ongoing challenges in safety and comfort. This study introduces DREWM, A Decision-Refined End-to-End World Model, which leverages the world model alongside a sample-evaluation decision-making framework to improve decision-making efficiency, safety, and comfort. By incorporating a trajectory sampling and optimization strategy within a world model, we establish a hybrid decision framework that enables robust vehicle control and optimized route planning in complex driving conditions. Specifically, this work first applies a generative perception network to extract both two-dimensional and three-dimensional perception features from monocular camera inputs, followed by distribution-fitting sampling to obtain environmental dynamic information. Then the Self-Transformer architecture enhances the model’s capability to represent implicit features of environmental dynamic information. In the decoding phase, safety and comfort metrics guide the selection and adjustment of pre-generated trajectories, leading to control outputs. Experimental results show that the proposed method achieves higher levels of safety and driving comfort across diverse scenarios compared to approaches solely based on deep learning. Testing in CARLA environments indicates that DREWM outperforms baseline models and other state-of-the-art methods in Driving Score, offering a promising solution for real-world applications of end-to-end autonomous driving systems.",journal-article,en,drewm_a_decisionrefined_world_model_for_endtoend_2026,,Citations: 0 | Content: Journals
IEEE-0058,API,IEEE Xplore,2026-09-23,"(""world model"" OR ""world models"") AND (""JEPA"" OR ""joint embedding predictive architecture"" OR ""generative"")",MAPF-World: Action World Model for Multi-Agent Path Finding,Zhanjiang Yang; Yueming Li; Yang Shen; Meng Li; Lijun Sun,2026,IEEE Robotics and Automation Letters,10.1109/LRA.2026.3726342,https://ieeexplore.ieee.org/document/11663072/,"Multi-agent path finding (MAPF) studies the problem of planning conflict-free paths for multiple agents from given start locations to designated goals, with applications in robot-assisted logistics and social navigation. Recent decentralized learned solvers have shown promise for large-scale MAPF, particularly when leveraging foundation models and large datasets. However, most existing methods rely on reactive policies, often resulting in congestion, deadlocks, and degraded generalization in high agent-density environments. To address these limitations, we propose MAPF-World, an autoregressive action world model for MAPF that unifies short-horizon local future prediction and action generation, enabling decision-making beyond immediate local observations. MAPF-World models short-horizon local dynamics by predicting the next local observation and neighboring agents’ action intentions, capturing both spatial structures and temporal interaction patterns. We further introduce a spatio-agent positional encoding that integrates spatial awareness with agent-level semantics in Transformer-based architectures, facilitating more coordinated multi-agent behaviors. In addition, we augment existing MAPF benchmarks by introducing an automated map generator grounded in real-world urban layouts, aiming to narrow the gap between synthetic simulation and practical deployment scenarios. Extensive experiments across diverse map types and interaction settings demonstrate that MAPF-World achieves strong performance compared with existing learned solvers. Notably, it exhibits robust zero-shot generalization and maintains a high success rate even as agent density increases.",journal-article,en,mapfworld_action_world_model_for_multiagent_path_2026,,Citations: 0 | Content: Journals
IEEE-0059,API,IEEE Xplore,2026-09-23,"(""world model"" OR ""world models"") AND (""JEPA"" OR ""joint embedding predictive architecture"" OR ""generative"")",Generative AI-Empowered Signal Processing for Collaborative Embodied Agents: A Survey on Agentic Security,Gaofeng Pan; Yi Tao; Ziyi Yang; Junnan Li; Yuanyuan Peng; Xuemin Bao; Yiyang Zhang; Zizheng Hua; Shuai Wang; Rui Zhang; Changhao Du,2026,IEEE Transactions on Cognitive Communications and Networking,10.1109/TCCN.2026.3676045,https://ieeexplore.ieee.org/document/11449255/,"The transition from the Internet of Things (IoT) to the Internet of Agents (IoA) necessitates a fundamental paradigm shift in physical layer security, moving from static, rule-based defenses toward autonomous, agentic resilience. However, current embodied nodes often lack the cognitive capability required to handle adaptive, intelligent threats. We propose employing Generative AI (GAI) as the cognitive engine—rather than merely a signal processing tool—to empower agents to construct an internal world model of the physical environment. In this work, we present a holistic agentic security framework that instills autonomy across two key dimensions. First, Endogenous Self-Evolution allows agents to utilize GAI for predictive environmental modeling and autonomous resource decision-making, thereby self-calibrating against hardware impairments. Second, Exogenous Active Defense implements a generative observe-orient-decide-act (OODA) loop. This loop enables agents to autonomously execute intelligent threat perception, confrontation planning, and a strategic duality of behavioral concealment and identity camouflage. Finally, we discuss the path toward general-purpose security agents via neuro-symbolic architectures. This survey bridges the gap between signal generation and agentic reasoning, defining a new era where security becomes an innate, evolving property of collaborative embodied intelligence.",journal-article,en,generative_aiempowered_signal_processing_for_collaborative_embodied_2026,,Citations: 3 | Content: Journals
IEEE-0060,API,IEEE Xplore,2026-09-23,"(""world model"" OR ""world models"") AND (""JEPA"" OR ""joint embedding predictive architecture"" OR ""generative"")",MetaEarth: A Generative Foundation Model for Global-Scale Remote Sensing Image Generation,Zhiping Yu; Chenyang Liu; Liqin Liu; Zhenwei Shi; Zhengxia Zou,2025,IEEE Transactions on Pattern Analysis and Machine Intelligence,10.1109/TPAMI.2024.3507010,https://ieeexplore.ieee.org/document/10768939/,"The recent advancement of generative foundational models has ushered in a new era of image generation in the realm of natural images, revolutionizing art design, entertainment, environment simulation, and beyond. Despite producing high-quality samples, existing methods are constrained to generating images of scenes at a limited scale. In this paper, we present MetaEarth - a generative foundation model that breaks the barrier by scaling image generation to a global level, exploring the creation of worldwide, multi-resolution, unbounded, and virtually limitless remote sensing images. In MetaEarth, we propose a resolution-guided self-cascading generative framework, which enables the generating of images at any region with a wide range of geographical resolutions. To achieve unbounded and arbitrary-sized image generation, we design a novel noise sampling strategy for denoising diffusion models by analyzing the generation conditions and initial noise. To train MetaEarth, we construct a large dataset comprising multi-resolution optical remote sensing images with geographical information. Experiments have demonstrated the powerful capabilities of our method in generating global-scale images. Additionally, the MetaEarth serves as a data engine that can provide high-quality and rich training data for downstream tasks. Our model opens up new possibilities for constructing generative world models by simulating Earthâs visuals from an innovative overhead perspective.",journal-article,en,metaearth_a_generative_foundation_model_for_globalscale_2025,,Citations: 52 | Content: Journals
IEEE-0061,API,IEEE Xplore,2026-09-23,"(""world model"" OR ""world models"") AND (""JEPA"" OR ""joint embedding predictive architecture"" OR ""generative"")",Unifying Unsupervised and Offline RL for Fast Adaptation Using World Models,Daniel Khapun; Dan Rosenbaum,2026,IEEE Robotics and Automation Letters,10.1109/LRA.2026.3673814,https://ieeexplore.ieee.org/document/11434483/,"Deep reinforcement learning has proven an effective method to solve many intricate tasks, yet it still struggles with data efficiency and generalization to novel scenarios, as required in settings such as robotics. Recent approaches to deal with this include (1) unsupervised pretraining of the agent in an environment without reward signals, and (2) training the agent using offline data coming from various possible sources. In this letter we propose to consider both of these approaches together, resulting in a setting where different types of data streams are available and fast online adaptation to new tasks is required. Towards this goal we consider the Unsupervised Reinforcement Learning Benchmark and show that unsupervised training’s primary value lies in its use as a source of exploration trajectories, beyond its role in pretraining a policy. Following this observation we develop a method based on a world-model as a generative model of offline exploration data and model predictive control (MPC) planning. We show that this approach outperforms previous methods and demonstrates task adaptation which is 10 times faster than previously shown. We then propose a setup that includes access to both unsupervised exploratory data and offline expert demonstrations when testing the agents’ online performance on adaptation to novel tasks in the environment.",journal-article,en,unifying_unsupervised_and_offline_rl_for_fast_2026,,Citations: 1 | Content: Journals
IEEE-0062,API,IEEE Xplore,2026-09-23,"(""world model"" OR ""world models"") AND (""JEPA"" OR ""joint embedding predictive architecture"" OR ""generative"")",Intelligent Real-Time Earthquake Detection by Recurrent Neural Networks,Tai-Lin Chin; Kuan-Yu Chen; Da-Yi Chen; De-En Lin,2020,IEEE Transactions on Geoscience and Remote Sensing,10.1109/TGRS.2020.2966012,https://ieeexplore.ieee.org/document/8974405/,"Taiwan that is located at the junction of the Eurasian Plate and the Philippine Sea Plate is one of the most active seismic zones in the world. Devastating earthquakes have occurred around the island and have caused severe damages from time to time. To avoid the severe loss, earthquake early warning (EEW) is of great importance, and one of the most critical issues of EEW is fast and reliable detection for the presence of earthquakes. Traditional methods for earthquake detection usually use criterion-based algorithms to detect the onset of the earthquake waves. Currently, the thresholds for those criteria are usually decided empirically and may result in excessive false alarms. Obviously, false alarms can cause undue panics and diminish the credibility of the system. In this article, the recurrent neural network (RNN) models are adopted to develop a real-time EEW system. The developed system is designed to identify the occurrence of an earthquake event, and the duration of the P-wave and the S-wave. It was trained and tested using the seismograms recorded in Taiwan from 2016 to 2017. From the simulation results, the proposed scheme outperforms the traditional criterion-based schemes in terms of detection accuracy and processing time.",journal-article,en,intelligent_realtime_earthquake_detection_by_recurrent_neural_2020,,Citations: 59 | Content: Journals
IEEE-0063,API,IEEE Xplore,2026-09-23,"(""world model"" OR ""world models"") AND (""JEPA"" OR ""joint embedding predictive architecture"" OR ""generative"")",Model Synthesis for Zero-Shot Model Attribution,Tianyun Yang; Danding Wang; Juan Cao; Chang Xu,2025,IEEE Transactions on Multimedia,10.1109/TMM.2025.3607778,https://ieeexplore.ieee.org/document/11186146/,"Nowadays, generative models are shaping various fields such as art, design, and human-computer interaction, yet they are accompanied by copyright infringement and content management challenges. In response, existing research seeks to identify the unique fingerprints on the images they generate, which can be leveraged to attribute the generated images to their source models. However, existing methods are restricted to identifying models within a static set included in classifier training, incapable of adapting dynamically to newly emerging unseen models. To bridge this gap, this paper aims to develop a generalized model fingerprint extractor capable of zero-shot attribution that effectively attributes unseen models without exposure during training. Central to our method is a model synthesis technique, which generates numerous synthetic models that mimic the fingerprint patterns of real-world generative models. The design of the synthesis technique is motivated by observations on how the basic generative model's architecture building blocks and parameters influence fingerprint patterns, and it is validated through designed metrics to examine synthetic models' fidelity. Our experiments demonstrate that the fingerprint extractor, trained solely on synthetic models, achieves impressive zero-shot generalization on a wide range of real-world generative models, improving model identification and verification accuracy on unseen models by over 40% and 15%, respectively, compared to existing approaches.",journal-article,en,model_synthesis_for_zeroshot_model_attribution_2025,,Citations: 0 | Content: Journals
IEEE-0064,API,IEEE Xplore,2026-09-23,"(""world model"" OR ""world models"") AND (""JEPA"" OR ""joint embedding predictive architecture"" OR ""generative"")",Label-Only Model Inversion Attacks: Attack With the Least Information,Tianqing Zhu; Dayong Ye; Shuai Zhou; Bo Liu; Wanlei Zhou,2023,IEEE Transactions on Information Forensics and Security,10.1109/TIFS.2022.3233190,https://ieeexplore.ieee.org/document/10003239/,"In a model inversion attack, an adversary attempts to reconstruct the training data records of a target model using only the model’s output. In launching a contemporary model inversion attack, the strategies discussed are generally based on either predicted confidence score vectors, i.e., black-box attacks, or the parameters of a target model, i.e., white-box attacks. However, in the real world, model owners usually only give out the predicted labels; the confidence score vectors and model parameters are hidden as a defense mechanism to prevent such attacks. Unfortunately, we have found a model inversion method that can reconstruct representative samples of the target model’s training data based only on the output labels. We believe this attack requires the least information to succeed and, therefore, has the best applicability. The key idea is to exploit the error rate of the target model to compute the median distance from a set of data records to the decision boundary of the target model. The distance is then used to generate confidence score vectors which are adopted to train an attack model to reconstruct the representative samples. The experimental results show that highly recognizable representative samples can be reconstructed with far less information than existing methods.",journal-article,en,labelonly_model_inversion_attacks_attack_with_the_2023,,Citations: 57 | Content: Journals
IEEE-0065,API,IEEE Xplore,2026-09-23,"(""world model"" OR ""world models"") AND (""JEPA"" OR ""joint embedding predictive architecture"" OR ""generative"")",Grid-Centric Traffic Scenario Perception for Autonomous Driving: A Comprehensive Review,Yining Shi; Kun Jiang; Jiusi Li; Zelin Qian; Junze Wen; Mengmeng Yang; Ke Wang; Diange Yang,2025,IEEE Transactions on Neural Networks and Learning Systems,10.1109/TNNLS.2024.3495045,https://ieeexplore.ieee.org/document/10817778/,"The grid-centric perception is a crucial field for mobile robot perception and navigation. Nonetheless, the grid-centric perception is less prevalent than object-centric perception as autonomous vehicles need to accurately perceive highly dynamic, large-scale traffic scenarios, and the complexity and computational costs of grid-centric perception are high. In recent years, the rapid development of deep learning techniques and hardware provides fresh insights into the evolution of grid-centric perception. The fundamental difference between grid-centric and object-centric pipeline lies in that grid-centric perception follows a geometry-first paradigm which is more robust to the open-world driving scenarios with endless long-tailed semantically unknown obstacles. Recent research demonstrates the great advantages of grid-centric perception, such as comprehensive fine-grained environmental representation, greater robustness to occlusion and irregular-shaped objects, better ground estimation, and safer planning policies. There is also a growing trend that the capacity of occupancy networks is greatly expanded to 4-D scene perception and prediction, and the latest techniques are highly related to new research topics, such as 4-D occupancy forecasting, generative artificial intelligence (GenAI), and world models in the field of autonomous driving. Given the lack of current surveys for this rapidly expanding field, we present a hierarchically structured review of grid-centric perception for autonomous vehicles. We organize previous and current knowledge of occupancy grid techniques along the main vein from 2-D bird-eye view (BEV) grids to 3-D occupancy to 4-D occupancy forecasting. We additionally summarize label-efficient occupancy learning and the role of grid-centric perception in driving systems. Finally, we present a summary of the current research trend and provide future outlooks.",journal-article,en,gridcentric_traffic_scenario_perception_for_autonomous_driving_2025,,Citations: 24 | Content: Journals
IEEE-0066,API,IEEE Xplore,2026-09-23,"(""world model"" OR ""world models"") AND (""JEPA"" OR ""joint embedding predictive architecture"" OR ""generative"")",Decentralized Autonomous Operations and Organizations in TransVerse: Federated Intelligence for Smart Mobility,Chen Zhao; Xingyuan Dai; Yisheng Lv; Jinglong Niu; Yilun Lin,2023,"IEEE Transactions on Systems, Man, and Cybernetics: Systems",10.1109/TSMC.2022.3228914,https://ieeexplore.ieee.org/document/9996183/,"Human and social factors are essential to transportation systems, yet top-down management fails to consider them sufficiently. Consequently, management strategies are not tailored to human needs and are inadequate in providing transportation intelligence. This article investigates a management architecture based on decentralized/distributed autonomous operations/organizations (DAOs) that considers both the technical and societal aspects in our transportation metaverse, TransVerse. This design maps people’s transportation needs in physical space to their digital counterparts in cyberspace, utilizing blockchain technology to guarantee the secure exchange of information and ultimately bring about the Internet of Minds (IoM). With the federated intelligence that emerged in IoM, we can devise reliable and prompt traffic decisions by incorporating consensus, community voting, and smart contracts into the organizational, coordination, and execution structure. Details on operational procedures and key technologies are also covered. To demonstrate the efficacy of DAOs-based management, a case study of world model-driven cooperative signal control is provided, indicating its promising application in future transportation management.",journal-article,en,decentralized_autonomous_operations_and_organizations_in_transverse_2023,,Citations: 46 | Content: Journals
IEEE-0067,API,IEEE Xplore,2026-09-23,"(""world model"" OR ""world models"") AND (""JEPA"" OR ""joint embedding predictive architecture"" OR ""generative"")",Data-Model Co-Driven Continuous Channel Map Construction: A Perceptive Foundation for Embodied Intelligent Agents in 6G Networks,Tianrun Qi; Cheng-Xiang Wang; Chen Huang; Junling Li; John S. Thompson,2026,IEEE Transactions on Cognitive Communications and Networking,10.1109/TCCN.2026.3706697,https://ieeexplore.ieee.org/document/11578103/,"Future 6G networks will host massive numbers of embodied intelligent agents, which require real-time channel awareness over continuous-space for autonomous decision-making. By pre-obtaining location-specific channel state information (CSI), channel map can be served as a foundational world model for embodied intelligence to achieve wireless channel perception. However, acquiring CSI via measurements is costly, so in practice only sparse observations are available, leaving agents “blind” to channel conditions at unvisited locations. Meanwhile, purely model-driven channel maps can provide dense CSI but often yields unsatisfactory accuracy and robustness, while purely data-driven interpolation from sparse measurements is computationally prohibitive for real-time updates. To address these challenges, this paper proposes a data–model co-driven (DMcD) framework that performs a two-stage interpolation toward a space-time continuous channel map, First, a hybrid ray tracing and geometry-based channel model (H-RT/GBSM) is developed to capture dynamic scatterers, providing dense, time-variant channel properties that match measurement statistics as a physically consistent prior. Then, an inductive edge-conditioned graph neural network (InductE-GNN) fuses the prior with sparse measurements to perform real-time spatial interpolation, enabling rapid online adaptation without retraining, ensuring the synchronization with the dynamic physical reality. Evaluations with measured datasets show that the proposed DMcD framework significantly outperforms data-only and model-only baselines, providing accurate and queryable channel information for embodied intelligent agents.",journal-article,en,datamodel_codriven_continuous_channel_map_construction_a_2026,,Citations: 1 | Content: Journals
IEEE-0068,API,IEEE Xplore,2026-09-23,"(""world model"" OR ""world models"") AND (""JEPA"" OR ""joint embedding predictive architecture"" OR ""generative"")",Rapid Generation of Channel Knowledge Map by Joint Physics and Conditional Diffusion Models,Yu Chen; Jiao Chen; Jianhua Tang; Zhenyu Weng,2026,IEEE Transactions on Network Science and Engineering,10.1109/TNSE.2026.3720671,https://ieeexplore.ieee.org/document/11642158/,"A channel knowledge map (CKM) provides location-specific channel priors and can reduce the overhead of real-time channel state information (CSI) acquisition for 6G environment-aware communications. In practice, CKM generation is often constrained by sparse and noisy measurements due to the high cost of wireless data collection. In this paper, we propose PDiff, a physics-informed conditional diffusion framework for CKM generation under sparse observations. Specifically, PDiff incorporates an analytical free-space propagation prior to capture the dominant distance-dependent attenuation trend, and combines it with environmental geometry, observation masks, and sparse observations as structured conditions. These conditional inputs guide the generation process with explicit propagation-aware, environmental, and measurement constraints. To improve inference efficiency, we further develop Prop-Cache, a training-free acceleration mechanism that reuses slowly varying intermediate features across denoising steps to reduce redundant computation during sampling. Experiments on RadioMapSeer demonstrate that PDiff outperforms a wide range of baseline methods for CKM generation.",journal-article,en,rapid_generation_of_channel_knowledge_map_by_2026,,Citations: 0 | Content: Journals
IEEE-0069,API,IEEE Xplore,2026-09-23,"(""world model"" OR ""world models"") AND (""JEPA"" OR ""joint embedding predictive architecture"" OR ""generative"")",Causal Semantic Communication for Digital Twins: A Generalizable Imitation Learning Approach,Christo Kurisummoottil Thomas; Walid Saad; Yong Xiao,2023,IEEE Journal on Selected Areas in Information Theory,10.1109/JSAIT.2023.3336538,https://ieeexplore.ieee.org/document/10335924/,"A digital twin (DT) leverages a virtual representation of the physical world, along with communication (e.g., 6G), computing (e.g., edge computing), and artificial intelligence (AI) technologies to enable many connected intelligence services. In order to handle the large amounts of network data based on digital twins (DTs), wireless systems can exploit the paradigm of semantic communication (SC) for facilitating informed decision-making under strict communication constraints by utilizing AI techniques such as causal reasoning. In this paper, a novel framework called causal semantic communication (CSC) is proposed for DT-based wireless systems. The CSC system is posed as an imitation learning (IL) problem, where the transmitter, with access to optimal network control policies using a DT, teaches the receiver using SC over a bandwidth-limited wireless channel how to improve its knowledge to perform optimal control actions. The causal structure in the transmitter’s data is extracted using novel approaches from the framework of deep end-to-end causal inference, thereby enabling the creation of a semantic representation that is causally invariant, which in turn helps generalize the learned knowledge of the system to new and unseen situations. The CSC decoder at the receiver is designed to extract and estimate semantic information while ensuring high semantic reliability. The receiver control policies, semantic decoder, and causal inference are formulated as a bi-level optimization problem within a variational inference framework. This problem is solved using a novel concept called network state models, inspired from world models in generative AI, that faithfully represents the environment dynamics leading to data generation. Furthermore, the proposed framework includes an analytical characterization of the performance gap that results from employing a suboptimal policy learned by the receiver that uses the transmitted semantic information to construct a model of the physical environment. The CSC system utilizes two concepts, namely the integrated information theory principle in the theory of consciousness and the abstract cell complex concept in topology, to precisely express the information content conveyed by the causal states and their relationships. Through this analysis, novel formulations of semantic information, semantic reliability, distortion, and similarity metrics are proposed, which extend beyond Shannon’s concept of uncertainty. Simulation results demonstrate that the proposed CSC system outperforms conventional wireless and state-of-the-art SC systems by achieving better semantic reliability with reduced bits and enabling better control policies over time thanks to the generative AI architecture.",journal-article,en,causal_semantic_communication_for_digital_twins_a_2023,,Citations: 38 | Content: Journals
IEEE-0070,API,IEEE Xplore,2026-09-23,"(""world model"" OR ""world models"") AND (""JEPA"" OR ""joint embedding predictive architecture"" OR ""generative"")",Open-World Learning for Traffic Scenarios Categorisation,Lakshman Balasubramanian; Jonas Wurst; Michael Botsch; Ke Deng,2023,IEEE Transactions on Intelligent Vehicles,10.1109/TIV.2023.3260270,https://ieeexplore.ieee.org/document/10078164/,"Categorisation of traffic scenarios is an important component of scenario-based development and validation of automated vehicles. This problem requires an open-world learning approach but most of the machine learning methods used for traffic scenario categorisation work under the closed-world assumption. A closed-world model will classify all the inputs to one of the classes from the training data. An open-world learning method can identify, collect and cluster unknown traffic scenarios and incrementally add new scenario categories to the already existing ones. In this work, a hierarchical architecture for open-world learning method is proposed. The open-world architecture consists of the following components: an open-set recognition model, storage buffer, outlier detection, class-conditioned generative replay model, and clustering method. The components in the architecture contain novel machine learning approaches to address the challenging open-world learning tasks, e.g., Extreme Value Theory (EVT) for open-set recognition, Random Forest Activation Patterns (RFAPs) for clustering, class-conditioned generative models for replay, and self-supervised pre-training for feature generation. The proposed architecture is tested using real-world and simulation-based datasets. The results show the performance advantages of the proposed method. Also, extensive analysis of each component of the hierarchical open-world architecture underlines their importance in the overall architecture.",journal-article,en,openworld_learning_for_traffic_scenarios_categorisation_2023,,Citations: 13 | Content: Journals
IEEE-0071,API,IEEE Xplore,2026-09-23,"(""world model"" OR ""world models"") AND (""JEPA"" OR ""joint embedding predictive architecture"" OR ""generative"")",Delving Into Multi-Modal Multi-Task Foundation Models for Road Scene Understanding: From Learning Paradigm Perspectives,Sheng Luo; Wei Chen; Wanxin Tian; Rui Liu; Luanxuan Hou; Xiubao Zhang; Haifeng Shen; Ruiqi Wu; Shuyi Geng; Yi Zhou; Ling Shao; Yi Yang; Bojun Gao; Qun Li; Guobin Wu,2024,IEEE Transactions on Intelligent Vehicles,10.1109/TIV.2024.3406372,https://ieeexplore.ieee.org/document/10540321/,"Foundation models have indeed made a profound impact on various fields, emerging as pivotal components that significantly shape the capabilities of intelligent systems. In the context of intelligent vehicles, leveraging the power of foundation models has proven to be transformative, offering notable advancements in visual understanding. Equipped with multi-modal and multi-task learning capabilities, multi-modal multi-task visual understanding foundation models (MM-VUFMs) effectively process and fuse data from diverse modalities and simultaneously handle various driving-related tasks with powerful adaptability, contributing to a more holistic understanding of the surrounding scene. In this survey, we present a systematic analysis of MM-VUFMs specifically designed for road scenes. Our objective is not only to provide a comprehensive overview of common practices, referring to task-specific models, unified multi-modal models, unified multi-task models, and foundation model prompting techniques, but also to highlight their advanced capabilities in diverse learning paradigms. These paradigms include open-world understanding, efficient transfer for road scenes, continual learning, interactive and generative capability. Moreover, we provide insights into key challenges and future trends, such as closed-loop driving systems, interpretability, low-resource conditions, embodied driving agents, and world models.",journal-article,en,delving_into_multimodal_multitask_foundation_models_for_2024,,Citations: 27 | Content: Journals
IEEE-0072,API,IEEE Xplore,2026-09-23,"(""world model"" OR ""world models"") AND (""JEPA"" OR ""joint embedding predictive architecture"" OR ""generative"")","A Comprehensive Survey of Large AI Models for Future Communications: Foundations, Applications, and Challenges",Feibo Jiang; Cunhua Pan; Li Dong; Kezhi Wang; Merouane Debbah; Dusit Niyato; Zhu Han,2026,IEEE Communications Surveys & Tutorials,10.1109/COMST.2026.3660844,https://ieeexplore.ieee.org/document/11370829/,"The 6G wireless communications aim to establish an intelligent world of ubiquitous connectivity, providing an unprecedented communication experience. Large artificial intelligence models (LAMs) are characterized by significantly larger scales (e.g., billions or trillions of parameters) compared to typical artificial intelligence (AI) models. LAMs exhibit outstanding cognitive abilities, including strong generalization capabilities for fine-tuning to downstream tasks, and emergent capabilities to handle tasks unseen during training. Therefore, LAMs efficiently provide AI services for diverse communication applications, making them crucial tools for addressing complex challenges in future wireless communication systems. This study provides a comprehensive review of the foundations, applications, and challenges of LAMs in communication. First, we introduce the current state of AI-based communication systems, emphasizing the motivation behind integrating LAMs into communications and summarizing the key contributions. We then present an overview of the essential concepts of LAMs in communication. This includes an introduction to the main architectures of LAMs, such as transformer, diffusion models, and mamba. We also explore the classification of LAMs, including large language models (LLMs), large vision models (LVMs), large multimodal models (LMMs), and world models, and examine their potential applications in communication. Additionally, we cover the training methods and evaluation techniques for LAMs in communication systems. Lastly, we introduce optimization strategies such as chain of thought (CoT), retrieval augmented generation (RAG), and agentic systems. Following this, we discuss the research advancements of LAMs across various communication scenarios, including physical layer design, resource allocation and optimization, network design and management, edge intelligence, semantic communication, agentic systems, and emerging applications. Finally, we analyze the major challenges in current research, including the lack of high-quality and structured communication data, hallucination and limited reasoning in generative models, poor explainability and adaptability, deployment under resource constraints, as well as security and privacy risks, and provide insights into potential future directions.",journal-article,en,a_comprehensive_survey_of_large_ai_models_2026,,Citations: 20 | Content: Journals
IEEE-0073,API,IEEE Xplore,2026-09-23,"(""world model"" OR ""world models"") AND (""JEPA"" OR ""joint embedding predictive architecture"" OR ""generative"")",Hybrid GNN-Centric Architectures for AI-Native 6G Wireless Networks: A Comprehensive Survey,Mostafa Rahmani Ghourtani; Sajedeh Norouzi; Jinxuan Chen; Hamed Ahmadi; Torsten Braun; Kaushik Chowdhury; Alister Burr,2026,IEEE Communications Surveys & Tutorials,10.1109/COMST.2026.3681198,https://ieeexplore.ieee.org/document/11474822/,"The growing complexity, scale, and heterogeneity of 6G wireless systems call for a shift toward AI-native architectures that are not only data-driven but also topology-aware, adaptive, and distributed. Graph Neural Networks (GNNs), with their native support for graph-structured data, are well-suited for modeling the irregular and dynamic relationships inherent in wireless communication systems. However, standalone GNNs may be insufficient to address key 6G challenges such as continual learning, data scarcity, and dynamic adaptation. This survey, therefore, explores the emerging synergy between GNNs and complementary AI paradigms, including deep reinforcement learning (DRL), federated learning (FL), meta-learning, generative models, mixture-of-experts (MoE), and world models, enabling hybrid AI–GNN architectures for intelligent control, predictive adaptation, and scalable optimization across the wireless stack. We systematically review how these GNN-centric AI models can support intelligent functionality in next-generation network architectures such as O-RAN, as well as core 6G domains, including edge computing for wireless systems, advanced MIMO, traffic prediction, and digital twins. The survey also highlights key challenges in hybrid AI–GNN adoption, particularly scalability, generalization across dynamic topologies, interpretability, and symbolic reasoning, and discusses emerging strategies such as graph causality learning, dynamic GNNs, and neurosymbolic integration to address them. By consolidating recent advances and outlining open research directions, this work positions hybrid AI–GNN architectures as a promising approach toward enabling intelligent, energy-efficient, and context-aware wireless systems for 6G and beyond.",journal-article,en,hybrid_gnncentric_architectures_for_ainative_6g_wireless_2026,,Citations: 5 | Content: Journals
