Article_ID,Source_Type,Database/Source,Search_Date,Search_Query,Title,Authors,Year,Journal/Conference,DOI,URL,Abstract,Document_Type,Language,Duplicate_Key,Duplicate?,Notes
SS-0001,API,Semantic Scholar,2026-09-22,Multiple queries (Q1-Q10),GAIA-2: A Controllable Multi-View Generative World Model for Autonomous Driving,Lloyd Russell; Anthony Hu; Lorenzo Bertoni; George Fedoseev; Jamie Shotton; Elahe Arani; Gianluca Corrado,2025,arXiv.org,10.48550/arXiv.2503.20523,https://www.semanticscholar.org/paper/234159e46e429d0ccd3718110861ec81d9c5dfe1,"Generative models offer a scalable and flexible paradigm for simulating complex environments, yet current approaches fall short in addressing the domain-specific requirements of autonomous driving - such as multi-agent interactions, fine-grained control, and multi-camera consistency. We introduce GAIA-2, Generative AI for Autonomy, a latent diffusion world model that unifies these capabilities within a single generative framework. GAIA-2 supports controllable video generation conditioned on a rich set of structured inputs: ego-vehicle dynamics, agent configurations, environmental factors, and road semantics. It generates high-resolution, spatiotemporally consistent multi-camera videos across geographically diverse driving environments (UK, US, Germany). The model integrates both structured conditioning and external latent embeddings (e.g., from a proprietary driving model) to facilitate flexible and semantically grounded scene synthesis. Through this integration, GAIA-2 enables scalable simulation of both common and rare driving scenarios, advancing the use of generative world models as a core tool in the development of autonomous systems. Videos are available at https://wayve.ai/thinking/gaia-2.",JournalArticle,English,gaia2_a_controllable_multiview_generative_world_model_2025,,Citations: 179
SS-0002,API,Semantic Scholar,2026-09-22,Multiple queries (Q1-Q10),EA-WM: Event-Aware Generative World Model with Structured Kinematic-to-Visual Action Fields,Zhaoyang Yang; Yurun Jin; Lizhe Qi; Cong Huang; Kai Chen,2026,arXiv.org,10.48550/arXiv.2605.06192,https://www.semanticscholar.org/paper/93c4892c910c32d359747ce93795ff613b9a3fc7,"Pretrained video diffusion models provide powerful spatiotemporal generative priors, making them a natural foundation for robotic world models. While recent world-action models jointly optimize future videos and actions, they predominantly treat video generation as an auxiliary representation for policy learning. Consequently, they insufficiently explore the inverse problem: leveraging action signals to guide video synthesis, thereby often failing to preserve precise robot spatial geometry and fine-grained robot-object interaction dynamics in the generated rollouts. To bridge this gap, we present EA-WM, an Event-Aware Generative World Model that effectively closes the loop between kinematic control and visual perception. Rather than injecting joint or end-effector actions as abstract, low-dimensional tokens, EA-WM projects actions and kinematic states directly into the target camera view as Structured Kinematic-to-Visual Action Fields. To fully exploit this geometrically grounded representation, we introduce event-aware bidirectional fusion blocks that modulate cross-branch attention, capturing object state changes and interaction dynamics. Evaluated on the comprehensive WorldArena benchmark, EA-WM achieves state-of-the-art performance, outperforming existing baselines by a significant margin.",JournalArticle,English,eawm_eventaware_generative_world_model_with_structured_2026,,Citations: 3
SS-0003,API,Semantic Scholar,2026-09-22,Multiple queries (Q1-Q10),Lyra: Generative 3D Scene Reconstruction via Video Diffusion Model Self-Distillation,Sherwin Bahmani; Tianchang Shen; Jia-Wei Ren; Jiahui Huang; Yifeng Jiang; Haithem Turki; Andrea Tagliasacchi; David B. Lindell; Zan Gojcic; Sanja Fidler; Huan Ling; Jun Gao; Xuanchi Ren,2025,arXiv.org,10.48550/arXiv.2509.19296,https://www.semanticscholar.org/paper/eb6ca77d28285c95ac370052deda4a53f65e05e6,"The ability to generate virtual environments is crucial for applications ranging from gaming to physical AI domains such as robotics, autonomous driving, and industrial AI. Current learning-based 3D reconstruction methods rely on the availability of captured real-world multi-view data, which is not always readily available. Recent advancements in video diffusion models have shown remarkable imagination capabilities, yet their 2D nature limits the applications to simulation where a robot needs to navigate and interact with the environment. In this paper, we propose a self-distillation framework that aims to distill the implicit 3D knowledge in the video diffusion models into an explicit 3D Gaussian Splatting (3DGS) representation, eliminating the need for multi-view training data. Specifically, we augment the typical RGB decoder with a 3DGS decoder, which is supervised by the output of the RGB decoder. In this approach, the 3DGS decoder can be purely trained with synthetic data generated by video diffusion models. At inference time, our model can synthesize 3D scenes from either a text prompt or a single image for real-time rendering. Our framework further extends to dynamic 3D scene generation from a monocular input video. Experimental results show that our framework achieves state-of-the-art performance in static and dynamic 3D scene generation.",JournalArticle,English,lyra_generative_3d_scene_reconstruction_via_video_2025,,Citations: 29
SS-0004,API,Semantic Scholar,2026-09-22,Multiple queries (Q1-Q10),MaskGWM: A Generalizable Driving World Model with Video Mask Reconstruction,J. Ni; Yuxin Guo; Yichen Liu; Rui Chen; Le-Wei Lu; Zehuan Wu,2025,Computer Vision and Pattern Recognition,10.1109/CVPR52734.2025.02085,https://www.semanticscholar.org/paper/820c0952bdf09861673b06393bf824a40e5a618e,"World models that forecast environmental changes from actions are vital for autonomous driving models with strong generalization. The prevailing driving world model mainly build on video prediction model. Although these models can produce high-fidelity video sequences with advanced diffusion-based generator, they are constrained by their predictive duration and overall generalization capabilities. In this paper, we explore to solve this problem by combining generation loss with MAE-style feature-level context learning. In particular, we instantiate this target with three key design: (1) A more scalable Diffusion Transformer (DiT) structure trained with extra mask construction task. (2) we devise diffusion-related mask tokens to deal with the fuzzy relations between mask reconstruction and generative diffusion process. (3) we extend mask construction task to spatial-temporal domain by utilizing row-wise mask for shifted self-attention rather than masked self-attention in MAE. Then, we adopt a row-wise cross-view module to align with this mask design. Based on above improvement, we propose MaskGWM: a Generalizable driving World Model embodied with Video Mask reconstruction. Our model contains two variants: MaskGWM-long, focusing on long-horizon prediction, and MaskGWM-mview, dedicated to multi-view generation. Comprehensive experiments on standard benchmarks validate the effectiveness of the proposed method, which contain normal validation of Nuscene dataset, long-horizon rollout of OpenDV-2K dataset and zero-shot validation of Waymo dataset. Quantitative metrics on these datasets show our method notably improving state-of-the-art driving world model. Our project page is https://github.com/SenseTime-FVG/OpenDWM.","JournalArticle, Conference",English,maskgwm_a_generalizable_driving_world_model_with_2025,,Citations: 36
SS-0005,API,Semantic Scholar,2026-09-22,Multiple queries (Q1-Q10),Object-Centric World Model for Language-Guided Manipulation,Youngjoon Jeong; Junha Chun; Soonwoo Cha; Taesup Kim,2025,arXiv.org,10.48550/arXiv.2503.06170,https://www.semanticscholar.org/paper/82cd021b224e150c2be9a5611bdf6b44b218488a,"A world model is essential for an agent to predict the future and plan in domains such as autonomous driving and robotics. To achieve this, recent advancements have focused on video generation, which has gained significant attention due to the impressive success of diffusion models. However, these models require substantial computational resources. To address these challenges, we propose a world model leveraging object-centric representation space using slot attention, guided by language instructions. Our model perceives the current state as an object-centric representation and predicts future states in this representation space conditioned on natural language instructions. This approach results in a more compact and computationally efficient model compared to diffusion-based generative alternatives. Furthermore, it flexibly predicts future states based on language instructions, and offers a significant advantage in manipulation tasks where object recognition is crucial. In this paper, we demonstrate that our latent predictive world model surpasses generative world models in visuo-linguo-motor control tasks, achieving superior sample and computation efficiency. We also investigate the generalization performance of the proposed method and explore various strategies for predicting actions using object-centric representations.",JournalArticle,English,objectcentric_world_model_for_languageguided_manipulation_2025,,Citations: 16
SS-0006,API,Semantic Scholar,2026-09-22,Multiple queries (Q1-Q10),Upscale-A-Video: Temporal-Consistent Diffusion Model for Real-World Video Super-Resolution,Shangchen Zhou; Peiqing Yang; Jianyi Wang; Yi-Hang Luo; Chen Change Loy,2023,Computer Vision and Pattern Recognition,10.1109/CVPR52733.2024.00245,https://www.semanticscholar.org/paper/95a1305f252f53d5d7bed8cf9d9091d6dbdeb0ab,"Text-based diffusion models have exhibited remarkable success in generation and editing, showing great promise for enhancing visual content with their generative prior. However, applying these models to video super-resolution remains challenging due to the high demands for output fidelity and temporal consistency, which is complicated by the inherent randomness in diffusion models. Our study introduces Upscale-A-Video, a text-guided latent diffusion framework for video upscaling. This framework ensures temporal coherence through two key mechanisms: locally, it integrates temporal layers into U-Net and VAE-Decoder, maintaining consistency within short sequences; globally, without training, a flow-guided recurrent latent propagation module is introduced to enhance overall video stability by propagating and fusing latent across the entire sequences. Thanks to the diffusion paradigm, our model also offers greater flexibility by allowing text prompts to guide texture creation and adjustable noise levels to balance restoration and generation, enabling a trade-off between fidelity and quality. Extensive experiments show that Upscale-A-Video surpasses existing methods in both synthetic and real-world benchmarks, as well as in AI-generated videos, showcasing impressive visual realism and temporal consistency.","JournalArticle, Conference",English,upscaleavideo_temporalconsistent_diffusion_model_for_realworld_video_2023,,Citations: 168
SS-0007,API,Semantic Scholar,2026-09-22,Multiple queries (Q1-Q10),STORM: Search-Guided Generative World Models for Robotic Manipulation,Wenjun Lin; Jensen Zhang; Kaitong Cai; Keze Wang,2025,arXiv.org,10.48550/arXiv.2512.18477,https://www.semanticscholar.org/paper/2eb4f5d6dc6d8797cde8b13357760627246e0cb3,"We present STORM (Search-Guided Generative World Models), a novel framework for spatio-temporal reasoning in robotic manipulation that unifies diffusion-based action generation, conditional video prediction, and search-based planning. Unlike prior Vision-Language-Action (VLA) models that rely on abstract latent dynamics or delegate reasoning to language components, STORM grounds planning in explicit visual rollouts, enabling interpretable and foresight-driven decision-making. A diffusion-based VLA policy proposes diverse candidate actions, a generative video world model simulates their visual and reward outcomes, and Monte Carlo Tree Search (MCTS) selectively refines plans through lookahead evaluation. Experiments on the SimplerEnv manipulation benchmark demonstrate that STORM achieves a new state-of-the-art average success rate of 51.0 percent, outperforming strong baselines such as CogACT. Reward-augmented video prediction substantially improves spatio-temporal fidelity and task relevance, reducing Frechet Video Distance by over 75 percent. Moreover, STORM exhibits robust re-planning and failure recovery behavior, highlighting the advantages of search-guided generative world models for long-horizon robotic manipulation.",JournalArticle,English,storm_searchguided_generative_world_models_for_robotic_2025,,Citations: 6
SS-0008,API,Semantic Scholar,2026-09-22,Multiple queries (Q1-Q10),"Generative AI in depth: A survey of recent advances, model variants, and real-world applications",Shamim Yazdani; Akansha Singh; N. Saxena; Zi-Chong Wang; Avash Palikhe; Deng Pan; Umapada Pal; Jie Yang; Wen-Bin Zhang,2025,Journal of Big Data,10.1186/s40537-025-01247-x,https://www.semanticscholar.org/paper/c820be0b7036c2f04a499f9dfa3f7fdcca6bb710,"In recent years, deep learning based generative models, particularly Generative Adversarial Networks (GANs), Variational Autoencoders (VAEs), and Diffusion Models (DMs), have been instrumental in generating diverse, high-quality content across various domains, such as image and video synthesis. This capability has led to widespread adoption of these models and has captured strong public interest. As they continue to advance at a rapid pace, the growing volume of research, expanding application areas, and unresolved technical challenges make it increasingly difficult to stay current. To address this need, this survey introduces a comprehensive taxonomy that organizes the literature and provides a cohesive framework for understanding the development of GANs, VAEs, and DMs, including their many variants and combined approaches. We highlight key innovations that have improved the quality, diversity, and controllability of generated outputs, reflecting the expanding potential of generative artificial intelligence. In addition to summarizing technical progress, we examine rising ethical concerns, including the risks of misuse and the broader societal impact of synthetic media. Finally, we outline persistent challenges and propose future research directions, offering a structured and forward looking perspective for researchers in this fast evolving field.","JournalArticle, Review",English,generative_ai_in_depth_a_survey_of_2025,,Citations: 28
SS-0009,API,Semantic Scholar,2026-09-22,Multiple queries (Q1-Q10),VideoScene: Distilling Video Diffusion Model to Generate 3D Scenes in One Step,Han-Yang Wang; Fang-Fu Liu; Jia-Wei Chi; Yue-Qi Duan,2025,Computer Vision and Pattern Recognition,10.1109/CVPR52734.2025.01536,https://www.semanticscholar.org/paper/22425f9b359f37d8d7372b2889ee976eac632db2,"Recovering 3D scenes from sparse views is a challenging task due to its inherent ill-posed problem. Conventional methods have developed specialized solutions (e.g., geometry regularization or feed-forward deterministic model) to mitigate the issue. However, they still suffer from performance degradation by minimal overlap across input views with insufficient visual information. Fortunately, recent video generative models show promise in addressing this challenge as they are capable of generating video clips with plausible 3D structures. Powered by large pretrained video diffusion models, some pioneering research start to explore the potential of video generative prior and create 3D scenes from sparse views. Despite impressive improvements, they are limited by slow inference time and the lack of 3D constraint, leading to inefficiencies and reconstruction artifacts that do not align with real-world geometry structure. In this paper, we propose VideoScene to distill the video diffusion model to generate 3D scenes in one step, aiming to build an efficient and effective tool to bridge the gap from video to 3D. Specifically, we design a 3D-aware leap flow distillation strategy to leap over time-consuming redundant information and train a dynamic denoising policy network to adaptively determine the optimal leap timestep during inference. Extensive experiments demonstrate that our VideoScene achieves faster and superior 3D scene generation results than previous video diffusion models, highlighting its potential as an efficient tool for future video to 3D applications.","JournalArticle, Conference",English,videoscene_distilling_video_diffusion_model_to_generate_2025,,Citations: 33
SS-0010,API,Semantic Scholar,2026-09-22,Multiple queries (Q1-Q10),AVID: Adapting Video Diffusion Models to World Models,Marc Rigter; Tarun Gupta; Agrin Hilmkil; Chao Ma,2024,arXiv.org,10.48550/arXiv.2410.12822,https://www.semanticscholar.org/paper/c70bb9721ae75d650832bfe609c412165332fd5a,"Large-scale generative models have achieved remarkable success in a number of domains. However, for sequential decision-making problems, such as robotics, action-labelled data is often scarce and therefore scaling-up foundation models for decision-making remains a challenge. A potential solution lies in leveraging widely-available unlabelled videos to train world models that simulate the consequences of actions. If the world model is accurate, it can be used to optimize decision-making in downstream tasks. Image-to-video diffusion models are already capable of generating highly realistic synthetic videos. However, these models are not action-conditioned, and the most powerful models are closed-source which means they cannot be finetuned. In this work, we propose to adapt pretrained video diffusion models to action-conditioned world models, without access to the parameters of the pretrained model. Our approach, AVID, trains an adapter on a small domain-specific dataset of action-labelled videos. AVID uses a learned mask to modify the intermediate outputs of the pretrained model and generate accurate action-conditioned videos. We evaluate AVID on video game and real-world robotics data, and show that it outperforms existing baselines for diffusion model adaptation.1 Our results demonstrate that if utilized correctly, pretrained video models have the potential to be powerful tools for embodied AI.",JournalArticle,English,avid_adapting_video_diffusion_models_to_world_2024,,Citations: 38
SS-0011,API,Semantic Scholar,2026-09-22,Multiple queries (Q1-Q10),PISA Experiments: Exploring Physics Post-Training for Video Diffusion Models by Watching Stuff Drop,Chenyu Li; Oscar Michel; Xichen Pan; Sainan Liu; Mike Roberts; Saining Xie,2025,International Conference on Machine Learning,10.48550/arXiv.2503.09595,https://www.semanticscholar.org/paper/bf773405ca544f920c287fb7e0187fbdabb25f95,"Large-scale pre-trained video generation models excel in content creation but are not reliable as physically accurate world simulators out of the box. This work studies the process of post-training these models for accurate world modeling through the lens of the simple, yet fundamental, physics task of modeling object freefall. We show state-of-the-art video generation models struggle with this basic task, despite their visually impressive outputs. To remedy this problem, we find that fine-tuning on a relatively small amount of simulated videos is effective in inducing the dropping behavior in the model, and we can further improve results through a novel reward modeling procedure we introduce. Our study also reveals key limitations of post-training in generalization and distribution modeling. Additionally, we release a benchmark for this task that may serve as a useful diagnostic tool for tracking physical accuracy in large-scale video generative model development.","JournalArticle, Conference",English,pisa_experiments_exploring_physics_posttraining_for_video_2025,,Citations: 55
SS-0012,API,Semantic Scholar,2026-09-22,Multiple queries (Q1-Q10),One-Step Diffusion for Detail-Rich and Temporally Consistent Video Super-Resolution,Yujing Sun; Lingchen Sun; Shuai Liu; Rong-Yuan Wu; Zheng-Qiang Zhang; Lei Zhang,2025,Neural Information Processing Systems,10.48550/arXiv.2506.15591,https://www.semanticscholar.org/paper/2ba5a584dc6b747a953128f81fdf3763ef677c02,"It is a challenging problem to reproduce rich spatial details while maintaining temporal consistency in real-world video super-resolution (Real-VSR), especially when we leverage pre-trained generative models such as stable diffusion (SD) for realistic details synthesis. Existing SD-based Real-VSR methods often compromise spatial details for temporal coherence, resulting in suboptimal visual quality. We argue that the key lies in how to effectively extract the degradation-robust temporal consistency priors from the low-quality (LQ) input video and enhance the video details while maintaining the extracted consistency priors. To achieve this, we propose a Dual LoRA Learning (DLoRAL) paradigm to train an effective SD-based one-step diffusion model, achieving realistic frame details and temporal consistency simultaneously. Specifically, we introduce a Cross-Frame Retrieval (CFR) module to aggregate complementary information across frames, and train a Consistency-LoRA (C-LoRA) to learn robust temporal representations from degraded inputs. After consistency learning, we fix the CFR and C-LoRA modules and train a Detail-LoRA (D-LoRA) to enhance spatial details while aligning with the temporal space defined by C-LoRA to keep temporal coherence. The two phases alternate iteratively for optimization, collaboratively delivering consistent and detail-rich outputs. During inference, the two LoRA branches are merged into the SD model, allowing efficient and high-quality video restoration in a single diffusion step. Experiments show that DLoRAL achieves strong performance in both accuracy and speed. Code and models are available at https://github.com/yjsunnn/DLoRAL.",JournalArticle,English,onestep_diffusion_for_detailrich_and_temporally_consistent_2025,,Citations: 20
SS-0013,API,Semantic Scholar,2026-09-22,Multiple queries (Q1-Q10),ReconX: Reconstruct Any Scene From Sparse Views With Video Diffusion Model,Fang-Fu Liu; Wenqiang Sun; Han-Yang Wang; Yikai Wang; Haowen Sun; Junliang Ye; Jun Zhang; Yue-Qi Duan,2024,IEEE Transactions on Image Processing,10.1109/TIP.2026.3666733,https://www.semanticscholar.org/paper/ca34c3c4d31f81032abce198fdda6951e53d8fba,"Advancements in 3D scene reconstruction have transformed 2D images from the real world into 3D models, producing realistic 3D results from hundreds of input photos. Despite great success in dense-view reconstruction scenarios, rendering a detailed scene from sparse views is still an ill-posed optimization problem, often resulting in artifacts and distortions in unseen areas. In this paper, we propose ReconX, a novel 3D scene reconstruction paradigm that reframes the ambiguous reconstruction problem as a temporal generation task. The key insight is to unleash the strong generative prior of large pre-trained video diffusion models for sparse-view reconstruction. Nevertheless, it is challenging to preserve 3D view consistency when directly generating video frames from pre-trained models. To address this issue, given limited input views, the proposed ReconX first constructs a global point cloud and encodes it into a contextual space as the 3D structure condition. Guided by the condition, the video diffusion model then synthesizes video frames that are detail-preserved and exhibit a high degree of 3D consistency, ensuring the coherence of the scene from various perspectives. Finally, we recover the 3D scene from the generated video through a confidence-aware 3D Gaussian Splatting optimization scheme. Extensive experiments on various real-world datasets show the superiority of ReconX over state-of-the-art methods in terms of quality and generalizability.",JournalArticle,English,reconx_reconstruct_any_scene_from_sparse_views_2024,,Citations: 153
SS-0014,API,Semantic Scholar,2026-09-22,Multiple queries (Q1-Q10),LuxDiT: Lighting Estimation with Video Diffusion Transformer,Ruofan Liang; Kai He; Zan Gojcic; Igor Gilitschenski; Sanja Fidler; Nandita Vijaykumar; Zian Wang,2025,Neural Information Processing Systems,10.48550/arXiv.2509.03680,https://www.semanticscholar.org/paper/4b0049e34c123e6bc4bb208ecb2ba081d06e3954,"Estimating scene lighting from a single image or video remains a longstanding challenge in computer vision and graphics. Learning-based approaches are constrained by the scarcity of ground-truth HDR environment maps, which are expensive to capture and limited in diversity. While recent generative models offer strong priors for image synthesis, lighting estimation remains difficult due to its reliance on indirect visual cues, the need to infer global (non-local) context, and the recovery of high-dynamic-range outputs. We propose LuxDiT, a novel data-driven approach that fine-tunes a video diffusion transformer to generate HDR environment maps conditioned on visual input. Trained on a large synthetic dataset with diverse lighting conditions, our model learns to infer illumination from indirect visual cues and generalizes effectively to real-world scenes. To improve semantic alignment between the input and the predicted environment map, we introduce a low-rank adaptation finetuning strategy using a collected dataset of HDR panoramas. Our method produces accurate lighting predictions with realistic angular high-frequency details, outperforming existing state-of-the-art techniques in both quantitative and qualitative evaluations.",JournalArticle,English,luxdit_lighting_estimation_with_video_diffusion_transformer_2025,,Citations: 20
SS-0015,API,Semantic Scholar,2026-09-22,Multiple queries (Q1-Q10),GenDDS: Generating Diverse Driving Video Scenarios with Prompt-to-Video Generative Model,Yongjie Fu; Yunlong Li; Xuan Di,2024,2024 IEEE 27th International Conference on Intelligent Transportation Systems (ITSC),10.1109/ITSC58415.2024.10920106,https://www.semanticscholar.org/paper/35c481224ccb79ed716562ff284bd9c5ddad1640,"Autonomous driving training requires a diverse range of datasets encompassing various traffic conditions, weather scenarios, and road types. Traditional data augmentation methods often struggle to generate datasets that represent rare occurrences. To address this challenge, we propose GenDDS, a novel approach for generating driving scenarios generation by leveraging the capabilities of Stable Diffusion XL (SDXL), an advanced latent diffusion model. Our methodology involves the use of descriptive prompts to guide the synthesis process, aimed at producing realistic and diverse driving scenarios. With the power of the latest computer vision techniques, such as ControlNet and Hotshot-XL, we have built a complete pipeline for video generation together with SDXL. We employ the KITTI dataset, which includes real-world driving videos, to train the model. Through a series of experiments, we demonstrate that our model can generate high-quality driving videos that closely replicate the complexity and variability of real-world driving scenarios. This research contributes to the development of sophisticated training data for autonomous driving systems and opens new avenues for creating virtual environments for simulation and validation purposes.","JournalArticle, Conference",English,gendds_generating_diverse_driving_video_scenarios_with_2024,,Citations: 10
SS-0016,API,Semantic Scholar,2026-09-22,Multiple queries (Q1-Q10),Strengthening Generative Robot Policies through Predictive World Modeling,Han Qi; Haocheng Yin; Yi-Lun Du; Heng Yang,2025,arXiv.org,10.48550/arXiv.2502.00622,https://www.semanticscholar.org/paper/8b5e2b6e94facf92330ba1111352b94c6af4fc8f,,JournalArticle,English,strengthening_generative_robot_policies_through_predictive_world_2025,,Citations: 33
SS-0017,API,Semantic Scholar,2026-09-22,Multiple queries (Q1-Q10),DTG-Restore: Training-Free Diffusion Refinement for Generative Video Super-Resolution,Hidir Yesiltepe; K. Pnvr; Gaurav Pathak; Navaneeth Bodla; Bharat Singh; Pinar Yanardag; Jing-Rong Xie,2026,arXiv.org,10.48550/arXiv.2605.30431,https://www.semanticscholar.org/paper/30b8690a03906f8a86d568123ebfac8bde65f386,"Recent progress in video diffusion models has enabled remarkable generative fidelity, yet leveraging these priors for restoration remains limited by the strong coupling between conditional and unconditional branches in standard classifier-free guidance. We introduce a training-free framework that enhances distorted and low-resolution videos by decoupling these signals in time. Our proposed Decoupled Time Guidance (DTG) evaluates the unconditional branch at a cleaner diffusion timestep, providing a lookahead prior that preserves geometry while suppressing replication of warped content. This temporal bias is annealed throughout sampling, allowing the model to transition from structure correction to detail refinement without retraining. Combined with any off-the-shelf restoration module in a plug-and-play manner, our approach improves perceptual coherence and restores plausible structure in AIgenerated and real-world videos alike. To facilitate evaluation, we curate GenWarp480, a benchmark of 4,400 distorted 480p videos synthesized from diverse text-to-video models. GenWarp480 focuses on characteristic generative degradations such as warped faces, body misalignments, and spatial artifacts, providing a purpose-built testbed for assessing robustness to generative errors. Extensive experiments demonstrate that our method achieves significant improvements in structural fidelity and temporal stability without any model training.",JournalArticle,English,dtgrestore_trainingfree_diffusion_refinement_for_generative_video_2026,,Citations: 0
SS-0018,API,Semantic Scholar,2026-09-22,Multiple queries (Q1-Q10),Controllable Weather Synthesis and Removal with Video Diffusion Models,Chih-Hao Lin; Zian Wang; Ruofan Liang; Yuxuan Zhang; Sanja Fidler; Shenlong Wang; Zan Gojcic,2025,IEEE International Conference on Computer Vision,10.1109/ICCV51701.2025.01261,https://www.semanticscholar.org/paper/f4f84abe5e6b2689cd03aa7b11e3f388d0ca4f3b,"Generating realistic and controllable weather effects in videos is valuable for many applications. Physics-based weather simulation requires precise reconstructions that are hard to scale to in-the-wild videos, while current video editing often lacks realism and control. In this work, we introduce WeatherWeaver, a video diffusion model that synthesizes diverse weather effects-including rain, snow, fog, and clouds-directly into any input video without the need for 3D modeling. Our model provides precise control over weather effect intensity and supports blending various weather types, ensuring both realism and adaptability. To overcome the scarcity of paired training data, we propose a novel data strategy combining synthetic videos, generative image editing, and auto-labeled real-world videos. Extensive evaluations show that our method outperforms state-of-the-art methods in weather simulation and removal, providing high-quality, physically plausible, and scene-identitypreserving results over various real-world videos.","JournalArticle, Conference",English,controllable_weather_synthesis_and_removal_with_video_2025,,Citations: 14
SS-0019,API,Semantic Scholar,2026-09-22,Multiple queries (Q1-Q10),CreativeVR: Diffusion-Prior-Guided Approach for Structure and Motion Restoration in Generative and Real Videos,Tejas Panambur; Ishan R. Dave; Chongjian Ge; Ersin Yumer; Xue Bai,2025,arXiv.org,10.48550/arXiv.2512.12060,https://www.semanticscholar.org/paper/9f2e07c813aa6307700aad5499d4f15001c92a25,"Modern text-to-video (T2V) diffusion models can synthesize visually compelling clips, yet they remain brittle at fine-scale structure: even state-of-the-art generators often produce distorted faces and hands, warped backgrounds, and temporally inconsistent motion. Such severe structural artifacts also appear in very low-quality real-world videos. Classical video restoration and super-resolution (VR/VSR) methods, in contrast, are tuned for synthetic degradations such as blur and downsampling and tend to stabilize these artifacts rather than repair them, while diffusion-prior restorers are usually trained on photometric noise and offer little control over the trade-off between perceptual quality and fidelity. We introduce CreativeVR, a diffusion-prior-guided video restoration framework for AI-generated (AIGC) and real videos with severe structural and temporal artifacts. Our deep-adapter-based method exposes a single precision knob that controls how strongly the model follows the input, smoothly trading off between precise restoration on standard degradations and stronger structureand motion-corrective behavior on challenging content. Our key novelty is a temporally coherent degradation module used during training, which applies carefully designed transformations that produce realistic structural failures. To evaluate AIGC-artifact restoration, we propose the AIGC54 benchmark with FIQA, semantic and perceptual metrics, and multi-aspect scoring. CreativeVR achieves state-of-the-art results on videos with severe artifacts and performs competitively on standard video restoration benchmarks, while running at practical throughput (about 13 FPS at 720p on a single 80-GB A100). Project page: https://daveishan.github.io/creativevr-webpage/.",JournalArticle,English,creativevr_diffusionpriorguided_approach_for_structure_and_motion_2025,,Citations: 1
SS-0020,API,Semantic Scholar,2026-09-22,Multiple queries (Q1-Q10),TempDiff: Enhancing Temporal‐awareness in Latent Diffusion for Real‐World Video Super‐Resolution,Qin Jiang; Qinglin Wang; Lihua Chi; X. Chen; Q. Y. Zhang; R. Zhou; Z. Q. Deng; J. S. Deng; B. Tang; S. Lv; Jie Liu,2024,Computer graphics forum (Print),10.1111/cgf.15211,https://www.semanticscholar.org/paper/133ea2a361db0b3fbf3510fc1778566f66c0cddf,"Latent diffusion models (LDMs) have demonstrated remarkable success in generative modeling. It is promising to leverage the potential of diffusion priors to enhance performance in image and video tasks. However, applying LDMs to video super‐resolution (VSR) presents significant challenges due to the high demands for realistic details and temporal consistency in generated videos, exacerbated by the inherent stochasticity in the diffusion process. In this work, we propose a novel diffusion‐based framework, Temporal‐awareness Latent Diffusion Model (TempDiff), specifically designed for real‐world video super‐resolution, where degradations are diverse and complex. TempDiff harnesses the powerful generative prior of a pre‐trained diffusion model and enhances temporal awareness through the following mechanisms: 1) Incorporating temporal layers into the denoising U‐Net and VAE‐Decoder, and fine‐tuning these added modules to maintain temporal coherency; 2) Estimating optical flow guidance using a pre‐trained flow net for latent optimization and propagation across video sequences, ensuring overall stability in the generated high‐quality video. Extensive experiments demonstrate that TempDiff achieves compelling results, outperforming state‐of‐the‐art methods on both synthetic and real‐world VSR benchmark datasets. Code will be available at https://github.com/jiangqin567/TempDiff",JournalArticle,English,tempdiff_enhancing_temporalawareness_in_latent_diffusion_for_2024,,Citations: 3
SS-0021,API,Semantic Scholar,2026-09-22,Multiple queries (Q1-Q10),Mask World Model: Predicting What Matters for Robust Robot Policy Learning,Y. Lou; Xiaowei Chi; Xiaojie Zhang; Zezhong Qian; Cheng-Xuan Li; Rongyu Zhang; Yaoxu Lyu; Guoyu Song; Chuyao Fu; Haoxuan Xu; Pengwei Wang; Shanghang Zhang,2026,arXiv.org,10.48550/arXiv.2604.19683,https://www.semanticscholar.org/paper/d1e486e778d1e8bb44cc35ad5f6752ef5c893e55,"World models derived from large-scale video generative pre-training have emerged as a promising paradigm for generalist robot policy learning. However, standard approaches often focus on high-fidelity RGB video prediction, this can result in overfitting to irrelevant factors, such as dynamic backgrounds and illumination changes. These distractions reduce the model's ability to generalize, ultimately leading to unreliable and fragile control policies. To address this, we introduce the Mask World Model (MWM), which leverages video diffusion architectures to predict the evolution of semantic masks instead of pixels. This shift imposes a geometric information bottleneck, forcing the model to capture essential physical dynamics and contact relations while filtering out visual noise. We seamlessly integrate this mask dynamics backbone with a diffusion-based policy head to enable robust end-to-end control. Extensive evaluations demonstrate the superiority of MWM on the LIBERO and RLBench simulation benchmarks, significantly outperforming the state-of-the-art RGB-based world models. Furthermore, real-world experiments and robustness evaluation (via random token pruning) reveal that MWM exhibits superior generalization capabilities and robust resilience to texture information loss.",JournalArticle,English,mask_world_model_predicting_what_matters_for_2026,,Citations: 12
SS-0022,API,Semantic Scholar,2026-09-22,Multiple queries (Q1-Q10),CVD-STORM: Cross-View Video Diffusion with Spatial-Temporal Reconstruction Model for Autonomous Driving,Tian-Rui Zhang; Yichen Liu; Zilin Guo; Yuxin Guo; J. Ni; Chen-Jing Ding; Dan Xu; Le-Wei Lu; Zehuan Wu,2025,arXiv.org,10.48550/arXiv.2510.07944,https://www.semanticscholar.org/paper/a364a30656d00f67cb5c5880308a7e7020f784fb,"Generative models have been widely applied to world modeling for environment simulation and future state prediction. With advancements in autonomous driving, there is a growing demand not only for high-fidelity video generation under various controls, but also for producing diverse and meaningful information such as depth estimation. To address this, we propose CVD-STORM, a cross-view video diffusion model utilizing a spatial-temporal reconstruction Variational Autoencoder (VAE) that generates long-term, multi-view videos with 4D reconstruction capabilities under various control inputs. Our approach first fine-tunes the VAE with an auxiliary 4D reconstruction task, enhancing its ability to encode 3D structures and temporal dynamics. Subsequently, we integrate this VAE into the video diffusion process to significantly improve generation quality. Experimental results demonstrate that our model achieves substantial improvements in both FID and FVD metrics. Additionally, the jointly-trained Gaussian Splatting Decoder effectively reconstructs dynamic scenes, providing valuable geometric information for comprehensive scene understanding. Our project page is https://sensetime-fvg.github.io/CVD-STORM.",JournalArticle,English,cvdstorm_crossview_video_diffusion_with_spatialtemporal_reconstruction_2025,,Citations: 2
SS-0023,API,Semantic Scholar,2026-09-22,Multiple queries (Q1-Q10),RynnWorld-Teleop: An Action-Conditioned World Model for Digital Teleoperation,Hao-Yu Zhao; Xingyue Zhao; Hangyu Li; Biao Gong; Kehan Li; Siteng Huang; Xin Li; Deli Zhao; Zhongyu Li,2026,arXiv.org,10.48550/arXiv.2607.06558,https://www.semanticscholar.org/paper/66911f8f6c47d24be1db8b48d234e8d77277d537,"Scaling robot learning requires massive, diverse trajectory data, yet collection is currently bottlenecked by physical teleoperation, where every demonstration binds operator time to specific hardware and workspaces. We introduce digital teleoperation, a paradigm that decouples data collection from physical constraints by replacing the real robot with a generative world model. In this framework, an operator's hand-pose stream drives a robot-centric generative world model to synthesize high-fidelity egocentric videos from a single reference image. The recorded pose stream serves as an embodiment-agnostic action label transferable to any target robot via standard retargeting, yielding complete state-action trajectories for imitation learning independent of physical hardware. We instantiate this paradigm in RynnWorld-Teleop, a system that integrates depth-aware skeletal conditioning, progressive human-to-robot training on a video Diffusion Transformer, and streaming autoregressive distillation. This pipeline compresses the generative process into a single-pass inference, enabling 40+ FPS, real-time interactive generation on a single H100 GPU. Policies trained exclusively on RynnWorld-Teleop-generated data achieve effective zero-shot Sim2Real transfer across dexterous and diverse bimanual tasks. Moreover, augmenting real-world datasets with our digitally teleoperated data consistently improves success rates, demonstrating that RynnWorld-Teleop serves as a high-fidelity, scalable data engine for the next generation of robotic agents.",JournalArticle,English,rynnworldteleop_an_actionconditioned_world_model_for_digital_2026,,Citations: 0
SS-0024,API,Semantic Scholar,2026-09-22,Multiple queries (Q1-Q10),TWM: Multimodal data generation engine via Traffic World Model,Zhenyu Zhang; Jia-Qi Wang; Chunmian Lin; Lei Yang; Chuang Zhang; Zhan-Wen Liu; Jianshan Zhou; Xuting Duan; Kai-Ge Qu; Ruifa Luo; Daxin Tian,2026,Communications in Transportation Research,10.26599/commtr.2026.9640045,https://www.semanticscholar.org/paper/b169513f859287b560c04626382c7a8e575e12a9,"Generative modeling has emerged as a mainstream paradigm for data synthesis, offering a promising solution to data scarcity and insufficient coverage of long-tail scenarios. Despite remarkable progress in autonomous driving, its potential for traffic data generation from roadside or infrastructure perspective, remains largely underexplored. To this end, we propose the first traffic-oriented world model termed Traffic World Model (TWM), for controllable and high-fidelity multimodal data generation. It is built upon a unified conditional Diffusion Transformer (cDiT) architecture, which generates controllable roadside-view image from structured road-agent layout and the image is then utilized as the common visual foundation for subsequent multimodal synthesis. TWM jointly supports layout-to-image generation, image-to-video generation, safety-critical event generation, and image-to-LiDAR point-cloud generation, enabling controllable modeling of temporal evolution, traffic participant relationship, geometric topology within a coherent manner. Extensive experiments on multiple public and proprietary datasets demonstrate that TWM achieves state-of-the-art performance across four traffic-scene generation tasks. Relative to the best-performing baseline for each task, TWM reduces FID by 40% for general traffic image generation, FVD by 42% for traffic video generation, FID by 74% for traffic-event image generation, and depth error by 11% for point-cloud generation. The code will be released upon publication.",JournalArticle,English,twm_multimodal_data_generation_engine_via_traffic_2026,,Citations: 0
SS-0025,API,Semantic Scholar,2026-09-22,Multiple queries (Q1-Q10),Physics3D: Learning Physical Properties of 3D Gaussians via Video Diffusion,Fang-Fu Liu; Han-Yang Wang; Shunyu Yao; Shengjun Zhang; Jie Zhou; Yue-Qi Duan,2024,arXiv.org,10.48550/arXiv.2406.04338,https://www.semanticscholar.org/paper/0f7ff6ee973877c19f9c642836c3a6a762f60f03,"In recent years, there has been rapid development in 3D generation models, opening up new possibilities for applications such as simulating the dynamic movements of 3D objects and customizing their behaviors. However, current 3D generative models tend to focus only on surface features such as color and shape, neglecting the inherent physical properties that govern the behavior of objects in the real world. To accurately simulate physics-aligned dynamics, it is essential to predict the physical properties of materials and incorporate them into the behavior prediction process. Nonetheless, predicting the diverse materials of real-world objects is still challenging due to the complex nature of their physical attributes. In this paper, we propose \textbf{Physics3D}, a novel method for learning various physical properties of 3D objects through a video diffusion model. Our approach involves designing a highly generalizable physical simulation system based on a viscoelastic material model, which enables us to simulate a wide range of materials with high-fidelity capabilities. Moreover, we distill the physical priors from a video diffusion model that contains more understanding of realistic object materials. Extensive experiments demonstrate the effectiveness of our method with both elastic and plastic materials. Physics3D shows great potential for bridging the gap between the physical world and virtual neural space, providing a better integration and application of realistic physical principles in virtual environments. Project page: https://liuff19.github.io/Physics3D.",JournalArticle,English,physics3d_learning_physical_properties_of_3d_gaussians_2024,,Citations: 85
SS-0026,API,Semantic Scholar,2026-09-22,Multiple queries (Q1-Q10),AnchorDream: Repurposing Video Diffusion for Embodiment-Aware Robot Data Synthesis,Junjie Ye; Rong Xue; Basile Van Hoorick; P. Tokmakov; Muhammad Zubair Irshad; Yue Wang; V. Guizilini,2025,arXiv.org,10.48550/arXiv.2512.11797,https://www.semanticscholar.org/paper/d13d2a473bebaa9bc10e40bc73fc43d622da0c64,"The collection of large-scale and diverse robot demonstrations remains a major bottleneck for imitation learning, as real-world data acquisition is costly and simulators offer limited diversity and fidelity with pronounced sim-to-real gaps. While generative models present an attractive solution, existing methods often alter only visual appearances without creating new behaviors, or suffer from embodiment inconsistencies that yield implausible motions. To address these limitations, we introduce AnchorDream, an embodiment-aware world model that repurposes pretrained video diffusion models for robot data synthesis. AnchorDream conditions the diffusion process on robot motion renderings, anchoring the embodiment to prevent hallucination while synthesizing objects and environments consistent with the robot's kinematics. Starting from only a handful of human teleoperation demonstrations, our method scales them into large, diverse, high-quality datasets without requiring explicit environment modeling. Experiments show that the generated data leads to consistent improvements in downstream policy learning, with relative gains of 36.4% in simulator benchmarks and nearly double performance in real-world studies. These results suggest that grounding generative world models in robot motion provides a practical path toward scaling imitation learning.",JournalArticle,English,anchordream_repurposing_video_diffusion_for_embodimentaware_robot_2025,,Citations: 9
SS-0027,API,Semantic Scholar,2026-09-22,Multiple queries (Q1-Q10),4Real: Towards Photorealistic 4D Scene Generation via Video Diffusion Models,Heng Yu; Chaoyang Wang; Peiye Zhuang; W. Menapace; Aliaksandr Siarohin; Junli Cao; László A. Jeni; S. Tulyakov; Hsin-Ying Lee,2024,Neural Information Processing Systems,10.48550/arXiv.2406.07472,https://www.semanticscholar.org/paper/d097e5d8d277ab62671abf9ef1cb08f4966a0c46,"Existing dynamic scene generation methods mostly rely on distilling knowledge from pre-trained 3D generative models, which are typically fine-tuned on synthetic object datasets. As a result, the generated scenes are often object-centric and lack photorealism. To address these limitations, we introduce a novel pipeline designed for photorealistic text-to-4D scene generation, discarding the dependency on multi-view generative models and instead fully utilizing video generative models trained on diverse real-world datasets. Our method begins by generating a reference video using the video generation model. We then learn the canonical 3D representation of the video using a freeze-time video, delicately generated from the reference video. To handle inconsistencies in the freeze-time video, we jointly learn a per-frame deformation to model these imperfections. We then learn the temporal deformation based on the canonical representation to capture dynamic interactions in the reference video. The pipeline facilitates the generation of dynamic scenes with enhanced photorealism and structural integrity, viewable from multiple perspectives, thereby setting a new standard in 4D scene generation.",JournalArticle,English,4real_towards_photorealistic_4d_scene_generation_via_2024,,Citations: 76
SS-0028,API,Semantic Scholar,2026-09-22,Multiple queries (Q1-Q10),DriveWAM: Video Generative Priors Enable Scalable World-Action Modeling for Autonomous Driving,Chen Shi; Jinrui Xu; Shao-Shuai Shi; Ke-Hua Sheng; Bo Zhang; Li Jiang,2026,arXiv.org,10.48550/arXiv.2605.28544,https://www.semanticscholar.org/paper/20af48f5f8410e8d74ed2bd68b3210dea01df153,"Pretrained foundation models have become an important basis for end-to-end autonomous driving. In contrast to vision-language models pretrained primarily on static image-text pairs, video generative models capture temporal dynamics and motion priors that are naturally suited for driving. We present DriveWAM, a driving world-action model that adapts a pretrained video diffusion transformer into an autoregressive video-action policy. DriveWAM organizes video and action streams into a unified temporal token sequence and trains them under a joint flow-matching objective, preserving the pretrained video-generation architecture while adapting its large-scale video priors to action generation. To incorporate high-level scene understanding, we introduce scene-evolving driving guidance, where a frozen VLM produces chunk-specific semantic intent to guide video-action generation. To keep long-horizon rollout bounded, we further introduce selective KV memory, which maintains bounded modality-aware video and action memory pools through relevance-redundancy cache selection at inference time. Experiments on NAVSIM and the PhysicalAI-Autonomous-Vehicles benchmark show that DriveWAM achieves strong planning performance, and a data-scaling study from 4k to 100k driving clips further confirms the scaling potential of world-action modeling for end-to-end autonomous driving.",JournalArticle,English,drivewam_video_generative_priors_enable_scalable_worldaction_2026,,Citations: 8
SS-0029,API,Semantic Scholar,2026-09-22,Multiple queries (Q1-Q10),From Generation to Generalization: Emergent Few-Shot Learning in Video Diffusion Models,Pablo Acuaviva; Aram Davtyan; Mariam Hassan; Sebastian Stapf; Ahmad Rahimi; Alexandre Alahi; Paolo Favaro,2025,arXiv.org,10.48550/arXiv.2506.07280,https://www.semanticscholar.org/paper/7ce04b1467e258233fdf7a9c74be4de7c85bcb2d,"Video Diffusion Models (VDMs) have emerged as powerful generative tools, capable of synthesizing high-quality spatiotemporal content. Yet, their potential goes far beyond mere video generation. We argue that the training dynamics of VDMs, driven by the need to model coherent sequences, naturally pushes them to internalize structured representations and an implicit understanding of the visual world. To probe the extent of this internal knowledge, we introduce a few-shot fine-tuning framework that repurposes VDMs for new tasks using only a handful of examples. Our method transforms each task into a visual transition, enabling the training of LoRA weights on short input-output sequences without altering the generative interface of a frozen VDM. Despite minimal supervision, the model exhibits strong generalization across diverse tasks, from low-level vision (for example, segmentation and pose estimation) to high-level reasoning (for example, on ARC-AGI). These results reframe VDMs as more than generative engines. They are adaptable visual learners with the potential to serve as the backbone for future foundation models in vision.",JournalArticle,English,from_generation_to_generalization_emergent_fewshot_learning_2025,,Citations: 7
SS-0030,API,Semantic Scholar,2026-09-22,Multiple queries (Q1-Q10),Generative Diffusion Models on Graphs: Methods and Applications,Wenqi Fan; C. Liu; Yunqing Liu; Jiatong Li; Hang Li; Hui Liu; Jiliang Tang; Qing Li,2023,International Joint Conference on Artificial Intelligence,10.48550/arXiv.2302.02591,https://www.semanticscholar.org/paper/330d35c51464f486cefb7b3af174a68d76c67075,"Diffusion models, as a novel generative paradigm, have achieved remarkable success in various image generation tasks such as image inpainting, image-to-text translation, and video generation. Graph generation is a crucial computational task on graphs with numerous real-world applications. It aims to learn the distribution of given graphs and then generate new graphs. Given the great success of diffusion models in image generation, increasing efforts have been made to leverage these techniques to advance graph generation in recent years. In this paper, we first provide a comprehensive overview of generative diffusion models on graphs, In particular, we review representative algorithms for three variants of graph diffusion models, i.e., Score Matching with Langevin Dynamics (SMLD), Denoising Diffusion Probabilistic Model (DDPM), and Score-based Generative Model (SGM). Then, we summarize the major applications of generative diffusion models on graphs with a specific focus on molecule and protein modeling. Finally, we discuss promising directions in generative diffusion models on graph-structured data.","JournalArticle, Conference, Review",English,generative_diffusion_models_on_graphs_methods_and_2023,,Citations: 116
SS-0031,API,Semantic Scholar,2026-09-22,Multiple queries (Q1-Q10),Text-To-3D Cinemagraphs for Generation of Visual Content in Disaster Alerts: A Generative AI Framework with LLMs and Diffusion Models,Ru-Bin Won; Minji Choi; Ji-Hoon Choi; Byungjun Bae,2024,Journal of Broadcast Engineering,10.5909/jbe.2024.29.5.662,https://www.semanticscholar.org/paper/35c9e2a61de56deb2f10854585402764bfa2ecd2,"The study proposes a novel framework called Text-To-3D Cinemagraph to enhance disaster communication using generative AI technologies. This framework uses a combination of text and image generation along with animation techniques, such as optical flow and 3D camera movements, to create dynamic visual alerts. Unlike current Text-To-Video technologies, which are complex and resource-intensive, the Text-To-3D Cinemagraph approach is simpler, faster, and more adaptable, specifically designed for disaster scenarios. The LLM model is fine-tuned using metadata extracted from real-world images and serves as a metadata generator to create prompts for image generation. The images are generated by a diffusion-based Text-To-Image Generative Model and are then animated to vividly depict disasters, improving the clarity and accessibility of alerts for vulnerable populations.",JournalArticle,English,textto3d_cinemagraphs_for_generation_of_visual_content_2024,,Citations: 0
SS-0032,API,Semantic Scholar,2026-09-22,Multiple queries (Q1-Q10),SINGER: Vivid Audio-driven Singing Video Generation with Multi-scale Spectral Diffusion Model,Yan Li; Ziya Zhou; Zhiqiang Wang; Wei Xue; Wenhan Luo; Yike Guo,2024,arXiv.org,10.48550/arXiv.2412.03430,https://www.semanticscholar.org/paper/4a8624d88f90e41c44750edc9d8266c961a50c4f,"Recent advancements in generative models have significantly enhanced talking face video generation, yet singing video generation remains underexplored. The differences between human talking and singing limit the performance of existing talking face video generation models when applied to singing. The fundamental differences between talking and singing-specifically in audio characteristics and behavioral expressions-limit the effectiveness of existing models. We observe that the differences between singing and talking audios manifest in terms of frequency and amplitude. To address this, we have designed a multi-scale spectral module to help the model learn singing patterns in the spectral domain. Additionally, we develop a spectral-filtering module that aids the model in learning the human behaviors associated with singing audio. These two modules are integrated into the diffusion model to enhance singing video generation performance, resulting in our proposed model, SINGER. Furthermore, the lack of high-quality real-world singing face videos has hindered the development of the singing video generation community. To address this gap, we have collected an in-the-wild audio-visual singing dataset to facilitate research in this area. Our experiments demonstrate that SINGER is capable of generating vivid singing videos and outperforms state-of-the-art methods in both objective and subjective evaluations.",JournalArticle,English,singer_vivid_audiodriven_singing_video_generation_with_2024,,Citations: 2
SS-0033,API,Semantic Scholar,2026-09-22,Multiple queries (Q1-Q10),FlightDiffusion: Revolutionising Autonomous Drone Training with Diffusion Models Generating FPV Video,Valerii Serpiva; Artem Lykov; Faryal Batool; Vladislav Kozlovskiy; Miguel Altamirano Cabrera; D. Tsetserukou,2025,arXiv.org,10.48550/arXiv.2509.14082,https://www.semanticscholar.org/paper/f3d4234e01990719204edb1d0ebf589c48e95178,"We present FlightDiffusion, a diffusion-model-based framework for training autonomous drones from first-person view (FPV) video. Our model generates realistic video sequences from a single frame, enriched with corresponding action spaces to enable reasoning-driven navigation in dynamic environments. Beyond direct policy learning, FlightDiffusion leverages its generative capabilities to synthesize diverse FPV trajectories and state-action pairs, facilitating the creation of large-scale training datasets without the high cost of real-world data collection. Our evaluation demonstrates that the generated trajectories are physically plausible and executable, with a mean position error of 0.25 m (RMSE 0.28 m) and a mean orientation error of 0.19 rad (RMSE 0.24 rad). This approach enables improved policy learning and dataset scalability, leading to superior performance in downstream navigation tasks. Results in simulated environments highlight enhanced robustness, smoother trajectory planning, and adaptability to unseen conditions. An ANOVA revealed no statistically significant difference between performance in simulation and reality (F(1, 16) = 0.394, p = 0.541), with success rates of M = 0.628 (SD = 0.162) and M = 0.617 (SD = 0.177), respectively, indicating strong sim-to-real transfer. The generated datasets provide a valuable resource for future UAV research. This work introduces diffusion-based reasoning as a promising paradigm for unifying navigation, action generation, and data synthesis in aerial robotics.",JournalArticle,English,flightdiffusion_revolutionising_autonomous_drone_training_with_diffusion_2025,,Citations: 3
SS-0034,API,Semantic Scholar,2026-09-22,Multiple queries (Q1-Q10),DreamJourney: Perpetual View Generation With Video Diffusion Models,Bo Pan; Yang Chen; Yingwei Pan; Ting Yao; Wei Chen; Tao Mei,2025,IEEE transactions on multimedia,10.1109/TMM.2026.3651030,https://www.semanticscholar.org/paper/65628fa25fd41e1598f2164d3b92169bad4cd9ac,"Perpetual view generation aims to synthesize a long-term video corresponding to an arbitrary camera trajectory solely from a single input image. Recent methods commonly utilize a pre-trained text-to-image diffusion model to synthesize new content of previously unseen regions along camera movement. However, the underlying 2D diffusion model lacks 3D awareness and results in distorted artifacts. Moreover, they are limited to generating views of static 3D scenes, neglecting to capture object movements within the dynamic 4D world. To alleviate these issues, we present DreamJourney, a two-stage framework that leverages the world simulation capacity of video diffusion models to trigger a new perpetual scene view generation task with both camera movements and object dynamics. Specifically, in stage I, DreamJourney first lifts the input image to 3D point cloud and renders a sequence of partial images from a specific camera trajectory. A video diffusion model is then utilized as generative prior to complete the missing regions and enhance visual coherence across the sequence, producing a cross-view consistent video adheres to the 3D scene and camera trajectory. Meanwhile, we introduce two simple yet effective strategies (early stopping and view padding) to further stabilize the generation process and improve visual quality. Next, in stage II, DreamJourney leverages a multimodal large language model to produce a text prompt describing object movements in current view, and uses video diffusion model to animate current view with object movements. Stage I and II are repeated recurrently, enabling perpetual dynamic scene view generation. Extensive experiments demonstrate the superiority of our DreamJourney over state-of-the-art methods both quantitatively and qualitatively.",JournalArticle,English,dreamjourney_perpetual_view_generation_with_video_diffusion_2025,,Citations: 3
SS-0035,API,Semantic Scholar,2026-09-22,Multiple queries (Q1-Q10),Coding-Prior Guided Diffusion Network for Video Deblurring,Yike Liu; Jianhui Zhang; Haipeng Li; Shuaicheng Liu; Bing Zeng,2025,ACM Multimedia,10.1145/3746027.3755505,https://www.semanticscholar.org/paper/076d8cdebde384b6f8eee8294ee5b32bea17ad7f,"While recent video deblurring methods have advanced significantly, they often overlook two valuable prior information: (1) motion vectors (MVs) and coding residuals (CRs) from video codecs, which provide efficient inter-frame alignment cues, and (2) the rich real-world knowledge embedded in pre-trained diffusion generative models. We present CPGD-Net, a novel two-stage framework that effectively leverages both coding priors and generative diffusion priors for high-quality deblurring. First, our coding-prior feature propagation (CPFP) module utilizes MVs for efficient frame alignment and CRs to generate attention masks, addressing motion inaccuracies and texture variations. Second, a coding-prior controlled generation (CPC) module network integrates coding priors into a pre-trained diffusion model, guiding it to enhance critical regions and synthesize realistic details. Experiments demonstrate our method achieves state-of-the-art perceptual quality with up to 30% improvement in IQA metrics. The code and the coding-prior-augmented dataset are available at: https://github.com/liuyike422/CPGD-Net.","JournalArticle, Book",English,codingprior_guided_diffusion_network_for_video_deblurring_2025,,Citations: 3
SS-0036,API,Semantic Scholar,2026-09-22,Multiple queries (Q1-Q10),Zero-Shot Video Deraining with Video Diffusion Models,Tuomas Varanka; Juan Luis Gonzalez; Hyeongwoo Kim; Pablo Garrido; Xu Yao,2025,IEEE Workshop/Winter Conference on Applications of Computer Vision,10.1109/WACV61042.2026.00073,https://www.semanticscholar.org/paper/6ac938185be1f0e34b98f417855616daff8c1454,"Existing video deraining methods are often trained on paired datasets, either synthetic, which limits their ability to generalize to real-world rain, or captured by static cameras, which restricts their effectiveness in dynamic scenes with background and camera motion. Furthermore, recent works in fine-tuning diffusion models have shown promising results, but the fine-tuning tends to weaken the generative prior, limiting generalization to unseen cases. In this paper, we introduce the first zero-shot video deraining method for complex dynamic scenes that does not require synthetic data nor model fine-tuning, by leveraging a pretrained text-to-video diffusion model that demonstrates strong generalization capabilities. By inverting an input video into the latent space of diffusion models, its reconstruction process can be intervened and pushed away from the model’s concept of rain using negative prompting. At the core of our approach is an attention switching mechanism that we found is crucial for maintaining dynamic backgrounds as well as structural consistency between the input and the derained video, mitigating artifacts introduced by naive negative prompting. Our approach is validated through extensive experiments on real-world rain datasets, demonstrating substantial improvements over prior methods and showcasing robust generalization without the need for supervised training.","JournalArticle, Conference",English,zeroshot_video_deraining_with_video_diffusion_models_2025,,Citations: 2
SS-0037,API,Semantic Scholar,2026-09-22,Multiple queries (Q1-Q10),FVGen: Accelerating Novel-View Synthesis with Adversarial Video Diffusion Distillation,Wenbin Teng; Gonglin Chen; Haiwei Chen; Yajie Zhao,2025,IEEE International Conference on Computer Vision,10.1109/ICCV51701.2025.02421,https://www.semanticscholar.org/paper/a7a1ee1b6cefb0b37956879073f001293a338d0f,"Recent progress in 3D reconstruction has enabled realistic 3D models from dense image captures, yet challenges persist with sparse views, often leading to artifacts in unseen areas. Recent works leverage Video Diffusion Models (VDMs) to generate dense observations, filling the gaps when only sparse views are available for 3D reconstruction tasks. A significant limitation of these methods is their slow sampling speed when using VDMs. In this paper, we present FVGen, a novel framework that addresses this challenge by enabling fast novel view synthesis using VDMs in as few as four sampling steps. We propose a novel video diffusion model distillation method that distills a multi-step denoising teacher model into a few-step denoising student model using Generative Adversarial Networks (GANs) and softened reverse KL-divergence minimization. Extensive experiments on real-world datasets show that, compared to previous works, our framework generates the same number of novel views with similar (or even better) visual quality while reducing sampling time by more than 90%. FVGen significantly improves time efficiency for downstream reconstruction tasks, particularly when working with sparse input views (more than 2) where pre-trained VDMs need to be run multiple times to achieve better spatial coverage. Project Page: https://wbteng9526.github.io/fvgen/","JournalArticle, Conference",English,fvgen_accelerating_novelview_synthesis_with_adversarial_video_2025,,Citations: 1
SS-0038,API,Semantic Scholar,2026-09-22,Multiple queries (Q1-Q10),Towards Redundancy Reduction in Diffusion Models for Efficient Video Super-Resolution,Jinpei Guo; Yifei Ji; Zheng Chen; Yu-Fei Wang; Sizhuo Ma; Yong Guo; Yulun Zhang; Jian Wang,2025,arXiv.org,10.48550/arXiv.2509.23980,https://www.semanticscholar.org/paper/a6eea17a22aeaff76af4179da4ff4417ae3564bc,"Diffusion models have recently shown promising results for video super-resolution (VSR). However, directly adapting generative diffusion models to VSR can result in redundancy, since low-quality videos already preserve substantial content information. Such redundancy leads to increased computational overhead and learning burden, as the model performs superfluous operations and must learn to filter out irrelevant information. To address this problem, we propose OASIS, an efficient $\textbf{o}$ne-step diffusion model with $\textbf{a}$ttention $\textbf{s}$pecialization for real-world v$\textbf{i}$deo $\textbf{s}$uper-resolution. OASIS incorporates an attention specialization routing that assigns attention heads to different patterns according to their intrinsic behaviors. This routing mitigates redundancy while effectively preserving pretrained knowledge, allowing diffusion models to better adapt to VSR and achieve stronger performance. Moreover, we propose a simple yet effective progressive training strategy, which starts with temporally consistent degradations and then shifts to inconsistent settings. This strategy facilitates learning under complex degradations. Extensive experiments demonstrate that OASIS achieves state-of-the-art performance on both synthetic and real-world datasets. OASIS also provides superior inference speed, offering a $\textbf{6.2$\times$}$ speedup over one-step diffusion baselines such as SeedVR2. The code will be available at \href{https://github.com/jp-guo/OASIS}{https://github.com/jp-guo/OASIS}.",JournalArticle,English,towards_redundancy_reduction_in_diffusion_models_for_2025,,Citations: 1
SS-0039,API,Semantic Scholar,2026-09-22,Multiple queries (Q1-Q10),ActionParty: Multi-Subject Action Binding in Generative Video Games,Alexander Pondaven; Zi-Yi Wu; Igor Gilitschenski; Philip H. S. Torr; Sergey Tulyakov; Fabio Pizzati; Aliaksandr Siarohin,2026,arXiv.org,10.48550/arXiv.2604.02330,https://www.semanticscholar.org/paper/1c35fc96f3107c85919e7988583fede0d1c51587,"Recent advances in video diffusion have enabled the development of""world models""capable of simulating interactive environments. However, these models are largely restricted to single-agent settings, failing to control multiple agents simultaneously in a scene. In this work, we tackle a fundamental issue of action binding in existing video diffusion models, which struggle to associate specific actions with their corresponding subjects. For this purpose, we propose ActionParty, an action controllable multi-subject world model for generative video games. It introduces subject state tokens, i.e. latent variables that persistently capture the state of each subject in the scene. By jointly modeling state tokens and video latents with a spatial biasing mechanism, we disentangle global video frame rendering from individual action-controlled subject updates. We evaluate ActionParty on the Melting Pot benchmark, demonstrating the first video world model capable of controlling up to seven players simultaneously across 46 diverse environments. Our results show significant improvements in action-following accuracy and identity consistency, while enabling robust autoregressive tracking of subjects through complex interactions.",JournalArticle,English,actionparty_multisubject_action_binding_in_generative_video_2026,,Citations: 1
SS-0040,API,Semantic Scholar,2026-09-22,Multiple queries (Q1-Q10),VideoMaMa: Mask-Guided Video Matting via Generative Prior,Sangbeom Lim; Seoung Wug Oh; Jiahui Huang; Heeji Yoon; Seungryong Kim; Joon-Young Lee,2026,arXiv.org,10.48550/arXiv.2601.14255,https://www.semanticscholar.org/paper/b6744401ceb131cbacbfee672fd1e000ceb431ca,"Generalizing video matting models to real-world videos remains a significant challenge due to the scarcity of labeled data. To address this, we present Video Mask-to-Matte Model (VideoMaMa) that converts coarse segmentation masks into pixel accurate alpha mattes, by leveraging pretrained video diffusion models. VideoMaMa demonstrates strong zero-shot generalization to real-world footage, even though it is trained solely on synthetic data. Building on this capability, we develop a scalable pseudo-labeling pipeline for large-scale video matting and construct the Matting Anything in Video (MA-V) dataset, which offers high-quality matting annotations for more than 50K real-world videos spanning diverse scenes and motions. To validate the effectiveness of this dataset, we fine-tune the SAM2 model on MA-V to obtain SAM2-Matte, which outperforms the same model trained on existing matting datasets in terms of robustness on in-the-wild videos. These findings emphasize the importance of large-scale pseudo-labeled video matting and showcase how generative priors and accessible segmentation cues can drive scalable progress in video matting research.",JournalArticle,English,videomama_maskguided_video_matting_via_generative_prior_2026,,Citations: 3
SS-0041,API,Semantic Scholar,2026-09-22,Multiple queries (Q1-Q10),Vision-language and generative models in traffic video safety analysis: a computational framework and research agenda.,Chen-Zhu Wang; Mohamed A. Abdel-Aty; Said M. Easa; Shaoyan Zhai,2026,Accident Analysis and Prevention,10.1016/j.aap.2026.108673,https://www.semanticscholar.org/paper/1b255319d5e6e1f788c418c702f0eb2f6034b023,"Vision-language and generative models have recently emerged as powerful tools for interpreting multimodal traffic-video data and advancing safety analysis. This paper reviews and integrates progress across foundation vision-language models, multimodal large language models, video-centric temporal reasoning frameworks, and diffusion-based world models, emphasizing how these paradigms enable richer semantic understanding, causal reasoning, and counterfactual safety assessment. We propose a unified taxonomy that maps model families to three application levels across diverse deployment environments-from cloud to onboard systems: network-scale monitoring, event-level crash and near-miss understanding, and generative or counterfactual scenario analysis. Key technical and methodological challenges are identified, including hallucination control, temporal consistency, sim-to-real transfer, and safety alignment with physical and rule-based constraints. The paper synthesizes open research problems and outlines a structured agenda toward grounded, interpretable, and computationally efficient multimodal cognition for real-world traffic safety applications.","JournalArticle, Review",English,visionlanguage_and_generative_models_in_traffic_video_2026,,Citations: 0
SS-0042,API,Semantic Scholar,2026-09-22,Multiple queries (Q1-Q10),Large Generative Models Meet Multimodal Video Intelligence,M. Shou,2023,LGM3A@MM,10.1145/3607827.3616847,https://www.semanticscholar.org/paper/4fd3a798cabd7366903cedd0dfd6c5e034fa9807,"In this talk, I would like to share my recent research around multimodal video intelligence in the era of large generative models. I will first talk about video-language pretraining techniques (All-in-one, EgoVLP) that use one single model to power various understanding tasks ranging from retrieval to QA. Then I will introduce challenges and our efforts of adapting these large pretrained models to AI Assistant, such a real-world application (AssistQ, AssistGPT). Finally I will delve into the reverse problem i.e. given open-world textual description, how to generate videos with diffusion models (Tune-A-Video, Show-1).","JournalArticle, Book",English,large_generative_models_meet_multimodal_video_intelligence_2023,,Citations: 3
SS-0043,API,Semantic Scholar,2026-09-22,Multiple queries (Q1-Q10),Dreamitate: Real-World Visuomotor Policy Learning via Video Generation,Junbang Liang; Ruoshi Liu; Ege Ozguroglu; Sruthi Sudhakar; Achal Dave; P. Tokmakov; Shuran Song; Carl Vondrick,2024,Conference on Robot Learning,10.48550/arXiv.2406.16862,https://www.semanticscholar.org/paper/b0ac4f62f55bcf0427008e18f1b4b5bf7ee43df2,"A key challenge in manipulation is learning a policy that can robustly generalize to diverse visual environments. A promising mechanism for learning robust policies is to leverage video generative models, which are pretrained on large-scale datasets of internet videos. In this paper, we propose a visuomotor policy learning framework that fine-tunes a video diffusion model on human demonstrations of a given task. At test time, we generate an example of an execution of the task conditioned on images of a novel scene, and use this synthesized execution directly to control the robot. Our key insight is that using common tools allows us to effortlessly bridge the embodiment gap between the human hand and the robot manipulator. We evaluate our approach on four tasks of increasing complexity and demonstrate that harnessing internet-scale generative models allows the learned policy to achieve a significantly higher degree of generalization than existing behavior cloning approaches.",JournalArticle,English,dreamitate_realworld_visuomotor_policy_learning_via_video_2024,,Citations: 117
SS-0044,API,Semantic Scholar,2026-09-22,Multiple queries (Q1-Q10),Long-Context Autoregressive Video Modeling with Next-Frame Prediction,Yuchao Gu; Weijia Mao; M. Shou,2025,arXiv.org,10.48550/arXiv.2503.19325,https://www.semanticscholar.org/paper/eb8d0ee216aa2b2786516c540e7a1717c76ee263,"Long-context video modeling is essential for enabling generative models to function as world simulators, as they must maintain temporal coherence over extended time spans. However, most existing models are trained on short clips, limiting their ability to capture long-range dependencies, even with test-time extrapolation. While training directly on long videos is a natural solution, the rapid growth of vision tokens makes it computationally prohibitive. To support exploring efficient long-context video modeling, we first establish a strong autoregressive baseline called Frame AutoRegressive (FAR). FAR models temporal dependencies between continuous frames, converges faster than video diffusion transformers, and outperforms token-level autoregressive models. Based on this baseline, we observe context redundancy in video autoregression. Nearby frames are critical for maintaining temporal consistency, whereas distant frames primarily serve as context memory. To eliminate this redundancy, we propose the long short-term context modeling using asymmetric patchify kernels, which apply large kernels to distant frames to reduce redundant tokens, and standard kernels to local frames to preserve fine-grained detail. This significantly reduces the training cost of long videos. Our method achieves state-of-the-art results on both short and long video generation, providing an effective baseline for long-context autoregressive video modeling.",JournalArticle,English,longcontext_autoregressive_video_modeling_with_nextframe_prediction_2025,,Citations: 124
SS-0045,API,Semantic Scholar,2026-09-22,Multiple queries (Q1-Q10),Just-Dub-It: Video dubbing via Joint Audio-Visual Diffusion,Anthony Chen; Naomi Korem; Tavi Halperin; M. Yosef; U. Jelerčič; Ofir Bibi; Or Patashnik; Daniel Cohen-Or,2026,International Conference on Computer Graphics and Interactive Techniques,10.1145/3799902.3811061,https://www.semanticscholar.org/paper/0bfdd4c585437667eb0f8663c86aa024270bdbff,"Audio-Visual Foundation Models, which are pretrained to jointly generate sound and visual content, have recently shown an unprecedented ability to model multi-modal generation and editing, opening new opportunities for downstream tasks. Among these tasks, video dubbing could greatly benefit from such priors, yet most existing solutions still rely on complex, task-specific pipelines that struggle in real-world settings. In this work, we introduce a single-model approach that adapts a foundational audio-video diffusion model for video-to-video dubbing via a lightweight LoRA. The LoRA enables the model to condition on an input audio-video while jointly generating translated audio and synchronized facial motion. To train this LoRA, we leverage the generative model itself to synthesize paired multilingual videos of the same speaker. Specifically, we generate multilingual videos with language switches within a single clip, and then inpaint the face and audio in each half to match the language of the other half. By leveraging the rich generative prior of the audio-visual model, our approach preserves speaker identity and lip synchronization while remaining robust to complex motion and real-world dynamics. We demonstrate that our approach produces high-quality dubbed videos with improved visual fidelity, lip synchronization, and robustness compared to existing dubbing pipelines. Code, model weights, and the synthesized paired-dubbing dataset are at https://justdubit.github.io/","Book, JournalArticle, Conference",English,justdubit_video_dubbing_via_joint_audiovisual_diffusion_2026,,Citations: 5
SS-0046,API,Semantic Scholar,2026-09-22,Multiple queries (Q1-Q10),Efficient Video Diffusion Models: Advancements and Challenges,Shitong Shao; Lichen Bai; Pengfei Wan; James T. Kwok; Ze-Ke Xie,2026,arXiv.org,10.48550/arXiv.2604.15911,https://www.semanticscholar.org/paper/f1718b38eb542c26ac913bb3461dfa015951bee6,"Video diffusion models have rapidly become the dominant paradigm for high-fidelity generative video synthesis, but their practical deployment remains constrained by severe inference costs. Compared with image generation, video synthesis compounds computation across spatial-temporal token growth and iterative denoising, making attention and memory traffic major bottlenecks in real-world settings. This survey provides a systematic and deployment-oriented review of efficient video diffusion models. We propose a unified categorization that organizes existing methods into four classes of main paradigms, including step distillation, efficient attention, model compression, and cache/trajectory optimization. Building on this categorization, we respectively analyze algorithmic trends of these four paradigms and examine how different design choices target two core objectives: reducing the number of function evaluations and minimizing per-step overhead. Finally, we discuss open challenges and future directions, including quality preservation under composite acceleration, hardware-software co-design, robust real-time long-horizon generation, and open infrastructure for standardized evaluation. To the best of our knowledge, our work is the first comprehensive survey on efficient video diffusion models, offering researchers and engineers a structured overview of the field and its emerging research directions.","JournalArticle, Review",English,efficient_video_diffusion_models_advancements_and_challenges_2026,,Citations: 4
SS-0047,API,Semantic Scholar,2026-09-22,Multiple queries (Q1-Q10),The Surprising Effectiveness of Video Diffusion Models for Hand Motion Reconstruction,Yuxi Wang; Chengkai Jin; Yu-Fei Liu; Wen-Qi Ouyang; Tianyi Wei; Zhiwei Zeng; Siyuan Huang; Zhiqi Shen; Xingang Pan,2026,arXiv.org,10.48550/arXiv.2606.30308,https://www.semanticscholar.org/paper/90d170ca72c7eac56fd8af03990cd8cb8bfe4b8c,"4D hand motion reconstruction from egocentric video is bottlenecked by clear limitations of existing methods: image-based pipelines depend on a detector that fails under heavy occlusion, while video-based methods rely on temporal modules learned only from scarce hand-pose annotations, a narrow signal insufficient to model motion dynamics, occlusion reasoning, and hand-object interaction. These capabilities, however, are exactly what video generative models must implicitly acquire when trained to synthesize coherent video at internet scale. Motivated by this, we present ViDiHand, which leverages the representations of a pretrained video diffusion model to reconstruct 4D two-hand pose. We adapt it via a hand-overlay rendering objective that specializes its features for hands while preserving its world priors. A decoder then recovers metric-scale pose from the adapted features. The whole pipeline operates directly on full frames--no detector, no infiller, and no test-time optimization. On ARCTIC, HOT3D, and HOI4D, ViDiHand substantially outperforms prior methods, establishing video diffusion models as a powerful new foundation for hand motion reconstruction and a promising route to scalable in-the-wild data collection for embodied AI. Project page: https://vidihand.github.io.",JournalArticle,English,the_surprising_effectiveness_of_video_diffusion_models_2026,,Citations: 2
SS-0048,API,Semantic Scholar,2026-09-22,Multiple queries (Q1-Q10),GD-VDM: Generated Depth for better Diffusion-based Video Generation,Ariel Lapid; Idan Achituve; Lior Bracha; Ethan Fetaya,2023,arXiv.org,10.48550/arXiv.2306.11173,https://www.semanticscholar.org/paper/da771b92882d87f97dead9c5705d67ae0c717916,"The field of generative models has recently witnessed significant progress, with diffusion models showing remarkable performance in image generation. In light of this success, there is a growing interest in exploring the application of diffusion models to other modalities. One such challenge is the generation of coherent videos of complex scenes, which poses several technical difficulties, such as capturing temporal dependencies and generating long, high-resolution videos. This paper proposes GD-VDM, a novel diffusion model for video generation, demonstrating promising results. GD-VDM is based on a two-phase generation process involving generating depth videos followed by a novel diffusion Vid2Vid model that generates a coherent real-world video. We evaluated GD-VDM on the Cityscapes dataset and found that it generates more diverse and complex scenes compared to natural baselines, demonstrating the efficacy of our approach.",JournalArticle,English,gdvdm_generated_depth_for_better_diffusionbased_video_2023,,Citations: 14
SS-0049,API,Semantic Scholar,2026-09-22,Multiple queries (Q1-Q10),WildShadowRemover: In-the-Wild Video Shadow Removal via Detail-Preserving Video Diffusion Models,Jiamin Xu; Cong Wang; Zheng Dong; Chi Wang; Renshu Gu; Weiwei Xu; Gang Xu,2026,arXiv.org,10.48550/arXiv.2607.26203,https://www.semanticscholar.org/paper/f73d59f9cc38a122d63a075b2cd2fdc8026b4984,"Video shadow removal in the wild remains challenging due to complex illumination, diverse shadow appearances, and limited training data. Despite its importance to numerous vision and graphics applications, it remains largely unexplored in unconstrained real-world scenarios. To address this gap, we present WildShadowRemover, a framework that adapts a pretrained video diffusion model for robust video shadow removal via LoRA fine-tuning. To preserve fine image details while retaining the model's powerful generative prior, we augment the frozen VAE decoder with a detail injection module and introduce a shadow-mask-guided frequency-decomposed modulation module to selectively restore high-frequency textures while suppressing shadow artifacts. Monocular depth priors from Depth Anything 3 further provide geometry-aware guidance under challenging lighting conditions. We also construct WildShadow, a large-scale paired video shadow removal dataset and benchmark, covering diverse synthetic scenes. Extensive experiments demonstrate that our method outperforms existing approaches in shadow removal quality and temporal consistency, producing temporally coherent shadow-free videos with superior visual quality and strong generalization across challenging in-the-wild scenarios.",JournalArticle,English,wildshadowremover_inthewild_video_shadow_removal_via_detailpreserving_2026,,Citations: 0
SS-0050,API,Semantic Scholar,2026-09-22,Multiple queries (Q1-Q10),"LongE2V: Long-Horizon Event-based Video Reconstruction, Prediction, and Frame Interpolation with Video Diffusion Models",Cheng-De Fan; Chun-Wei Tuan Mu; Chen-Wei Chang; Chin-Yang Lin; Kun-Ru Wu; Yu-Chee Tseng; Yu-Lun Liu,2026,International Conference on Computer Graphics and Interactive Techniques,10.1145/3799902.3811151,https://www.semanticscholar.org/paper/75ebf90f0185071307b9232caafc4fb0a58e258f,"Recovering high-quality video from sparse event streams is a challenging task. Regression methods often blur textures, while existing generative models struggle with long-term stability. We propose LongE2V, a novel approach that leverages pre-trained video diffusion priors to jointly handle event-based video reconstruction, prediction, and frame interpolation. By fine-tuning a foundational video model, our approach achieves high data efficiency and superior perceptual quality. We introduce Autoregressive Unrolling and Adaptive Context Switching to mitigate temporal drift in extremely long sequences. We also propose Reencoding Alignment with Cross Residual Correction to ensure precise bidirectional consistency during frame interpolation. Furthermore, Event Voxel Density Augmentation ensures robustness across varying sensor resolutions. Extensive experiments on real-world benchmarks demonstrate that LongE2V outperforms state-of-the-art methods across all three tasks, exhibiting exceptional temporal coherence and zero-shot generalization.","Book, JournalArticle, Conference",English,longe2v_longhorizon_eventbased_video_reconstruction_prediction_and_2026,,Citations: 0
SS-0051,API,Semantic Scholar,2026-09-22,Multiple queries (Q1-Q10),DCDM: Divide-and-Conquer Diffusion Models for Consistency-Preserving Video Generation,Hao-Yu Zhao; Yuang Zhang; Junqi Cheng; Jiaxi Gu; Zenghui Lu; Peng Shu; Zuxuan Wu; Yu-Gang Jiang,2026,arXiv.org,10.48550/arXiv.2602.13637,https://www.semanticscholar.org/paper/22a9e01c1bf932541be5c1d408b4b1e134bc8792,"Recent video generative models have demonstrated impressive visual fidelity, yet they often struggle with semantic, geometric, and identity consistency. In this paper, we propose a system-level framework, termed the Divide-and-Conquer Diffusion Model (DCDM), to address three key challenges: (1) intra-clip world knowledge consistency, (2) inter-clip camera consistency, and (3) inter-shot element consistency. DCDM decomposes video consistency modeling under these scenarios into three dedicated components while sharing a unified video generation backbone. For intra-clip consistency, DCDM leverages a large language model to parse input prompts into structured semantic representations, which are subsequently translated into coherent video content by a diffusion transformer. For inter-clip camera consistency, we propose a temporal camera representation in the noise space that enables precise and stable camera motion control, along with a text-to-image initialization mechanism to further enhance controllability. For inter-shot consistency, DCDM adopts a holistic scene generation paradigm with windowed cross-attention and sparse inter-shot self-attention, ensuring long-range narrative coherence while maintaining computational efficiency. We validate our framework on the test set of the CVM Competition at AAAI'26, and the results demonstrate that the proposed strategies effectively address these challenges.",JournalArticle,English,dcdm_divideandconquer_diffusion_models_for_consistencypreserving_video_2026,,Citations: 0
SS-0052,API,Semantic Scholar,2026-09-22,Multiple queries (Q1-Q10),Discriminative Skeleton-Based Action Recognition via Co-Learning with Motion Diffusion Model,Sanghyeon Lee; Ahmed Fakhry; Jinwoo Kim; Jong Taek Lee,2025,Advanced Video and Signal Based Surveillance,10.1109/AVSS65446.2025.11149969,https://www.semanticscholar.org/paper/eff052c61b1dca784ad770cf4d24561c55c630bd,,"JournalArticle, Conference",English,discriminative_skeletonbased_action_recognition_via_colearning_with_2025,,Citations: 1
SS-0053,API,Semantic Scholar,2026-09-22,Multiple queries (Q1-Q10),InSpatio-WorldFM: An Open-Source Real-Time Generative Frame Model,Xiao-Yu Zhang; Weihong Pan; Zhichao Ye; Jialin Liu; Yipeng Chen; Nan Wang; Xiaojun Xiang; Weijian Xie; Yifu Wang; Hao-Yu Ji; Sijia Pan; Zhewen Le; Jingwen Guo; Xian-Bin Liu; Donghui Shen; Ziqiang Zhao; Haomin Liu; Guofeng Zhang,2026,arXiv.org,10.48550/arXiv.2603.11911,https://www.semanticscholar.org/paper/6fd0334ef399d1dc82c7544df319591f29e91124,"We present InSpatio-WorldFM, an open-source real-time frame model for spatial intelligence. Unlike video-based world models that rely on sequential frame generation and incur substantial latency due to window-level processing, InSpatio-WorldFM adopts a frame-based paradigm that generates each frame independently, enabling low-latency real-time spatial inference. By enforcing multi-view spatial consistency through explicit 3D anchors and implicit spatial memory, the model preserves global scene geometry while maintaining fine-grained visual details across viewpoint changes. We further introduce a progressive three-stage training pipeline that transforms a pretrained image diffusion model into a controllable frame model and finally into a real-time generator through few-step distillation. Experimental results show that InSpatio-WorldFM achieves strong multi-view consistency while supporting interactive exploration on consumer-grade GPUs, providing an efficient alternative to traditional video-based world models for real-time world simulation.",JournalArticle,English,inspatioworldfm_an_opensource_realtime_generative_frame_model_2026,,Citations: 6
SS-0054,API,Semantic Scholar,2026-09-22,Multiple queries (Q1-Q10),Generative Camera Dolly: Extreme Monocular Dynamic Novel View Synthesis,Basile Van Hoorick; Rundi Wu; Ege Ozguroglu; Kyle Sargent; Ruoshi Liu; P. Tokmakov; Achal Dave; Changxi Zheng; Carl Vondrick,2024,European Conference on Computer Vision,10.48550/arXiv.2405.14868,https://www.semanticscholar.org/paper/0b7d3bf45a62d0e636e6181ed543c26182b8982b,"Accurate reconstruction of complex dynamic scenes from just a single viewpoint continues to be a challenging task in computer vision. Current dynamic novel view synthesis methods typically require videos from many different camera viewpoints, necessitating careful recording setups, and significantly restricting their utility in the wild as well as in terms of embodied AI applications. In this paper, we propose $\textbf{GCD}$, a controllable monocular dynamic view synthesis pipeline that leverages large-scale diffusion priors to, given a video of any scene, generate a synchronous video from any other chosen perspective, conditioned on a set of relative camera pose parameters. Our model does not require depth as input, and does not explicitly model 3D scene geometry, instead performing end-to-end video-to-video translation in order to achieve its goal efficiently. Despite being trained on synthetic multi-view video data only, zero-shot real-world generalization experiments show promising results in multiple domains, including robotics, object permanence, and driving environments. We believe our framework can potentially unlock powerful applications in rich dynamic scene understanding, perception for robotics, and interactive 3D video viewing experiences for virtual reality.","JournalArticle, Conference",English,generative_camera_dolly_extreme_monocular_dynamic_novel_2024,,Citations: 130
SS-0055,API,Semantic Scholar,2026-09-22,Multiple queries (Q1-Q10),BetterScene: 3D Scene Synthesis with Representation-Aligned Generative Model,Yu-Ci Han; Charles Toth; J. E. Anderson; William J. Shuart; Alper Yilmaz,2026,"ISPRS Annals of the Photogrammetry, Remote Sensing and Spatial Information Sciences",10.48550/arXiv.2602.22596,https://www.semanticscholar.org/paper/8a05614e87bfe1a051aab403b1f2fdde7b473933,"Abstract. We present BetterScene, an approach to enhance novel view synthesis (NVS) quality for diverse real-world scenes, using extremely sparse unconstrained photos. BetterScene leverages the production-ready Stable Video Diffusion (SVD) model pretrained on billions of frames as a strong backbone, aiming to mitigate artifacts and recovering view-consistent details at inference time. Conventional methods have developed similar diffusion-based solutions to address these challenges of novel view synthesis. Despite significant improvements, these methods typically rely on off-the-shelf pretrained diffusion priors and fine-tune only the UNet module while keeping other components frozen, which still leads to inconsistent details and artifacts even when incorporating geometry-aware regularizations like depth or semantic conditions. To address this, we investigate the latent space of the diffusion model and introduce two components: (1) temporal equivariance regularization and (2) vision foundation model-aligned representation, both applied to the variational autoencoder (VAE) module within the SVD pipeline. BetterScene integrates a feed-forward 3D Gaussian Splatting (3DGS) model to render features as inputs for the SVD enhancer and generate continuous, artifacts-free, consistent novel views. We perform evaluation using the challenging DL3DV-10K dataset, demonstrating significant visual quality improvements over previous state-of-the-art diffusion-based methods on NVS tasks.",JournalArticle,English,betterscene_3d_scene_synthesis_with_representationaligned_generative_2026,,Citations: 0
SS-0056,API,Semantic Scholar,2026-09-22,Multiple queries (Q1-Q10),STAG4D: Spatial-Temporal Anchored Generative 4D Gaussians,Yi-Fei Zeng; Yan-Qin Jiang; Siyu Zhu; Yuanxun Lu; You-Tian Lin; Hao Zhu; Weiming Hu; Xun Cao; Yao Yao,2024,European Conference on Computer Vision,10.48550/arXiv.2403.14939,https://www.semanticscholar.org/paper/349e53ad4deaae7c4ed164988057981655b12843,"Recent progress in pre-trained diffusion models and 3D generation have spurred interest in 4D content creation. However, achieving high-fidelity 4D generation with spatial-temporal consistency remains a challenge. In this work, we propose STAG4D, a novel framework that combines pre-trained diffusion models with dynamic 3D Gaussian splatting for high-fidelity 4D generation. Drawing inspiration from 3D generation techniques, we utilize a multi-view diffusion model to initialize multi-view images anchoring on the input video frames, where the video can be either real-world captured or generated by a video diffusion model. To ensure the temporal consistency of the multi-view sequence initialization, we introduce a simple yet effective fusion strategy to leverage the first frame as a temporal anchor in the self-attention computation. With the almost consistent multi-view sequences, we then apply the score distillation sampling to optimize the 4D Gaussian point cloud. The 4D Gaussian spatting is specially crafted for the generation task, where an adaptive densification strategy is proposed to mitigate the unstable Gaussian gradient for robust optimization. Notably, the proposed pipeline does not require any pre-training or fine-tuning of diffusion networks, offering a more accessible and practical solution for the 4D generation task. Extensive experiments demonstrate that our method outperforms prior 4D generation works in rendering quality, spatial-temporal consistency, and generation robustness, setting a new state-of-the-art for 4D generation from diverse inputs, including text, image, and video.","JournalArticle, Conference",English,stag4d_spatialtemporal_anchored_generative_4d_gaussians_2024,,Citations: 126
SS-0057,API,Semantic Scholar,2026-09-22,Multiple queries (Q1-Q10),Generated Reality: Human-centric World Simulation using Interactive Video Generation with Hand and Camera Control,Linxi Xie; Lisong C. Sun; A. Neall; Tong Wu; Shengqu Cai; Gordon Wetzstein,2026,arXiv.org,10.48550/arXiv.2602.18422,https://www.semanticscholar.org/paper/d4028b3677d9fdae1b36950b105a1edb4d2d225e,"Extended reality (XR) demands generative models that respond to users'tracked real-world motion, yet current video world models accept only coarse control signals such as text or keyboard input, limiting their utility for embodied interaction. We introduce a human-centric video world model that is conditioned on both tracked head pose and joint-level hand poses. For this purpose, we evaluate existing diffusion transformer conditioning strategies and propose an effective mechanism for 3D head and hand control, enabling dexterous hand--object interactions. We train a bidirectional video diffusion model teacher using this strategy and distill it into a causal, interactive system that generates egocentric virtual environments. We evaluate this generated reality system with human subjects and demonstrate improved task performance as well as a significantly higher level of perceived amount of control over the performed actions compared with relevant baselines.",JournalArticle,English,generated_reality_humancentric_world_simulation_using_interactive_2026,,Citations: 10
SS-0058,API,Semantic Scholar,2026-09-22,Multiple queries (Q1-Q10),EchoShot: Multi-Shot Portrait Video Generation,Jiahao Wang; Hualian Sheng; Sijia Cai; Weizhan Zhang; Caixia Yan; Yachuang Feng; Bing Deng; Jieping Ye,2025,Neural Information Processing Systems,10.48550/arXiv.2506.15838,https://www.semanticscholar.org/paper/988ee35918920c24e74317795f52890d06b6c81c,"Video diffusion models substantially boost the productivity of artistic workflows with high-quality portrait video generative capacity. However, prevailing pipelines are primarily constrained to single-shot creation, while real-world applications urge for multiple shots with identity consistency and flexible content controllability. In this work, we propose EchoShot, a native and scalable multi-shot framework for portrait customization built upon a foundation video diffusion model. To start with, we propose shot-aware position embedding mechanisms within video diffusion transformer architecture to model inter-shot variations and establish intricate correspondence between multi-shot visual content and their textual descriptions. This simple yet effective design enables direct training on multi-shot video data without introducing additional computational overhead. To facilitate model training within multi-shot scenario, we construct PortraitGala, a large-scale and high-fidelity human-centric video dataset featuring cross-shot identity consistency and fine-grained captions such as facial attributes, outfits, and dynamic motions. To further enhance applicability, we extend EchoShot to perform reference image-based personalized multi-shot generation and long video synthesis with infinite shot counts. Extensive evaluations demonstrate that EchoShot achieves superior identity consistency as well as attribute-level controllability in multi-shot portrait video generation. Notably, the proposed framework demonstrates potential as a foundational paradigm for general multi-shot video modeling.",JournalArticle,English,echoshot_multishot_portrait_video_generation_2025,,Citations: 27
SS-0059,API,Semantic Scholar,2026-09-22,Multiple queries (Q1-Q10),Text-to-Model: Text-Conditioned Neural Network Diffusion for Train-Once-for-All Personalization,Zexi Li; Ling-Zhi Gao; Chao Wu,2024,arXiv.org,10.48550/arXiv.2405.14132,https://www.semanticscholar.org/paper/288fe7291f73aa2fe7329a49a465dd791e1d61e3,"Generative artificial intelligence (GenAI) has made significant progress in understanding world knowledge and generating content from human languages across various modalities, like text-to-text large language models, text-to-image stable diffusion, and text-to-video Sora. While in this paper, we investigate the capability of GenAI for text-to-model generation, to see whether GenAI can comprehend hyper-level knowledge embedded within AI itself parameters. Specifically, we study a practical scenario termed train-once-for-all personalization, aiming to generate personalized models for diverse end-users and tasks using text prompts. Inspired by the recent emergence of neural network diffusion, we present Tina, a text-conditioned neural network diffusion for train-once-for-all personalization. Tina leverages a diffusion transformer model conditioned on task descriptions embedded using a CLIP model. Despite the astronomical number of potential personalized tasks (e.g., $1.73\times10^{13}$), by our design, Tina demonstrates remarkable in-distribution and out-of-distribution generalization even trained on small datasets ($\sim 1000$). We further verify whether and how \Tina understands world knowledge by analyzing its capabilities under zero-shot/few-shot image prompts, different numbers of personalized classes, prompts of natural language descriptions, and predicting unseen entities.",JournalArticle,English,texttomodel_textconditioned_neural_network_diffusion_for_trainonceforall_2024,,Citations: 11
SS-0060,API,Semantic Scholar,2026-09-22,Multiple queries (Q1-Q10),DuoMo: Dual Motion Diffusion for World-Space Human Reconstruction,Yufu Wang; Evonne Ng; Soyong Shin; Rawal Khirodkar; Yuan Dong; Zhaoen Su; Jinhyung D. Park; Kris Kitani; Alexander Richard; F. Prada; Michael Zollhofer,2026,arXiv.org,10.48550/arXiv.2603.03265,https://www.semanticscholar.org/paper/8d3698e1c9bffe322d67a1b5d5228a9bb108fb3c,"We present DuoMo, a generative method that recovers human motion in world-space coordinates from unconstrained videos with noisy or incomplete observations. Reconstructing such motion requires solving a fundamental trade-off: generalizing from diverse and noisy video inputs while maintaining global motion consistency. Our approach addresses this problem by factorizing motion learning into two diffusion models. The camera-space model first estimates motion from videos in camera coordinates. The world-space model then lifts this initial estimate into world coordinates and refines it to be globally consistent. Together, the two models can reconstruct motion across diverse scenes and trajectories, even from highly noisy or incomplete observations. Moreover, our formulation is general, generating the motion of mesh vertices directly and bypassing parametric models. DuoMo achieves state-of-the-art performance. On EMDB, our method obtains a 16% reduction in world-space reconstruction error while maintaining low foot skating. On RICH, it obtains a 30% reduction in world-space error. Project page: https://yufu-wang.github.io/duomo/",JournalArticle,English,duomo_dual_motion_diffusion_for_worldspace_human_2026,,Citations: 6
SS-0061,API,Semantic Scholar,2026-09-22,Multiple queries (Q1-Q10),Closed-Loop Visuomotor Control with Generative Expectation for Robotic Manipulation,Qingwen Bu; Jia Zeng; Li Chen; Yan-Chao Yang; Guyue Zhou; Junchi Yan; Ping Luo; He-Ming Cui; Yi Ma; Hong-Yang Li,2024,Neural Information Processing Systems,10.48550/arXiv.2409.09016,https://www.semanticscholar.org/paper/e9e3f685dce62b0ec9c3f10318110ecf7365231a,"Despite significant progress in robotics and embodied AI in recent years, deploying robots for long-horizon tasks remains a great challenge. Majority of prior arts adhere to an open-loop philosophy and lack real-time feedback, leading to error accumulation and undesirable robustness. A handful of approaches have endeavored to establish feedback mechanisms leveraging pixel-level differences or pre-trained visual representations, yet their efficacy and adaptability have been found to be constrained. Inspired by classic closed-loop control systems, we propose CLOVER, a closed-loop visuomotor control framework that incorporates feedback mechanisms to improve adaptive robotic control. CLOVER consists of a text-conditioned video diffusion model for generating visual plans as reference inputs, a measurable embedding space for accurate error quantification, and a feedback-driven controller that refines actions from feedback and initiates replans as needed. Our framework exhibits notable advancement in real-world robotic tasks and achieves state-of-the-art on CALVIN benchmark, improving by 8% over previous open-loop counterparts. Code and checkpoints are maintained at https://github.com/OpenDriveLab/CLOVER.",JournalArticle,English,closedloop_visuomotor_control_with_generative_expectation_for_2024,,Citations: 74
SS-0062,API,Semantic Scholar,2026-09-22,Multiple queries (Q1-Q10),Nano World Models: A Minimalist Implementation of Future Video Prediction,Siqiao Huang; Partha Kaushik; Michael Chen; Hengkai Pan; O. Chehab; Fernando Moreno-Pino; Max Simchowitz,2026,arXiv.org,10.48550/arXiv.2605.23993,https://www.semanticscholar.org/paper/301530307604741d8f9d39bb16fe0f69922a6b5d,"World models have become a central paradigm for learning predictive simulators that support generation, planning, and decision-making. Yet, despite rapid progress in industry-scale interactive video generation, the broader research community still lacks compact, reproducible, and easily extensible implementations for studying the design choices underlying modern world models. We introduce Nano World Models, a minimalist codebase for future video prediction centered around diffusion forcing. Nano World Models provides a unified interface for generative objectives, model scales, action-conditioning mechanisms, latent observation spaces, datasets, evaluation protocols, and long-horizon rollout procedures. This design enables controlled studies of world-modeling components that are often entangled across separate implementations. Through experiments across simple control environments, game simulation, and real-robot data, we examine how prediction parameterization, architecture scale, action injection, sampling budget, and domain complexity affect video prediction quality and autoregressive rollout behavior. By releasing code, configurations, evaluation scripts, and pretrained checkpoints, Nano World Models aims to provide a compact yet extensible experimental substrate for open, reproducible, and scientific world-model research.",JournalArticle,English,nano_world_models_a_minimalist_implementation_of_2026,,Citations: 2
SS-0063,API,Semantic Scholar,2026-09-22,Multiple queries (Q1-Q10),G-HOP: Generative Hand-Object Prior for Interaction Reconstruction and Grasp Synthesis,Yufei Ye; Abhinav Gupta; K. Kitani; Shubham Tulsiani,2024,Computer Vision and Pattern Recognition,10.1109/CVPR52733.2024.00187,https://www.semanticscholar.org/paper/eaa0078838310afb0e9a92e929e85a274d696dbb,"We propose G-HOP, a denoising diffusion based generative prior for hand-object interactions that allows modeling both the 3D object and a human hand, conditioned on the object category. To learn a 3D spatial diffusion model that can capture this joint distribution, we represent the human hand via a skeletal distance field to obtain a representation aligned with the (latent) signed distance field for the object. We show that this hand-object prior can then serve as generic guidance to facilitate other tasks like reconstruction from interaction clip and human grasp synthesis. We believe that our model, trained by aggregating seven diverse real-world interaction datasets spanning across 155 cate-gories, represents a first approach that allows jointly generating both hand and object. Our empirical evaluations demonstrate the benefit of this joint prior in video-based reconstruction and human grasp synthesis, outperforming current task-specific baselines.","JournalArticle, Conference",English,ghop_generative_handobject_prior_for_interaction_reconstruction_2024,,Citations: 55
SS-0064,API,Semantic Scholar,2026-09-22,Multiple queries (Q1-Q10),Cycle-World: Mitigating Error Accumulation in Long-term Video World Models via Reverse-Prediction Cycle Consistency,Zi-Han Su; Teng Hu; Jiangning Zhang; Rui-Yan Wang; Ran Yi; Lizhuang Ma; Dacheng Tao,2026,arXiv.org,10.48550/arXiv.2607.11836,https://www.semanticscholar.org/paper/fc30bd6879001320797c8ad17fa2b5862edc1189,"Autoregressive diffusion models have enabled high-quality video generation, yet their sequential nature inherently suffers from error accumulation. In long-horizon video synthesis, minor prediction deviations compound over time, inevitably leading to unconstrained generative drift, structural collapse, and severe visual degradation. To address this, we propose Cycle-World, a novel framework designed for stable and temporally consistent long-video generation. Our approach tackles error drift by enforcing strict temporal reversibility across both the training and inference phases. Theoretically, we demonstrate that forward generative drift can be strictly bottlenecked by a cycle-consistency objective. During training, we integrate an efficient reverse-prediction model to implicitly embed causal constraints into the forward generator, compelling it to produce reversible sequences that tightly adhere to the natural video manifold. At inference time, we repurpose this frozen reverse model as a runtime corrector. Through gradient-based cycle guidance, it iteratively refines the generated latent representations, actively suppressing accumulated errors before they are committed to the historical context. Extensive experiments on the VBench benchmark demonstrate that Cycle-World's dual-phase synergy significantly mitigates error drift, achieving state-of-the-art overall generation quality and long-horizon temporal consistency in 60-second synthesis.",JournalArticle,English,cycleworld_mitigating_error_accumulation_in_longterm_video_2026,,Citations: 1
SS-0065,API,Semantic Scholar,2026-09-22,Multiple queries (Q1-Q10),DiffGSL: A Graph Structure Learning Diffusion Model for Dynamic Spatio-Temporal Forecasting,C. Jung; Yun Jang,2024,BigData Congress [Services Society],10.1109/BigData62323.2024.10825558,https://www.semanticscholar.org/paper/e7a2b304969ec3d5eca9e8e30b84553e9bcc92bd,"Researchers have been actively engaged in recent studies utilizing the denoising diffusion probabilistic model (DDPM), a generative model that shows stable convergence during training, unlike other generative models, and represents data distributions that approximate real-world data. Due to these advantages, DDPM is widely employed for image, video, and audio generation. Recent DDPM research extends beyond image, video, and audio to various datasets and applications. The majority of real-world scenarios involve spatiotemporal data. Consequently, researchers propose prediction models using spatiotemporal data across domains such as traffic forecasting, weather prediction, and disease tracking. While most spatiotemporal data prediction models focus on traffic data, weather and epidemic data present higher uncertainty due to regional variations, seasonal changes, fluctuations in infection rates, and uncertainties in reported cases. To address these challenges of spatiotemporal data, we propose a DDPM-based model. In contrast to previous DDPM studies, we propose a denoising network combining Graph Structure Learning (GSL) to utilize the dynamic nature of spatiotemporal data. We assess performance using three real-world datasets encompassing traffic, weather, and epidemics and conduct an ablation study comparing GSL methods.","JournalArticle, Conference",English,diffgsl_a_graph_structure_learning_diffusion_model_2024,,Citations: 1
SS-0066,API,Semantic Scholar,2026-09-22,Multiple queries (Q1-Q10),Generative Artificial Intelligence and Musculoskeletal Health Care,Kyle N. Kunze,2025,HSS Journal ®,10.1177/15563316251335334,https://www.semanticscholar.org/paper/9d9bcc265e54dd2751b2015103a5175a82af65e8,"Generative artificial intelligence (AI) comprises a class of AI models that generate synthetic outputs based on learning acquired from a dataset that trained the model. This means that they can create entirely new outputs that resemble real-world data despite not being explicitly instructed to do so during training. Regarding technological capabilities, computing power, and data availability, generative AI has given rise to more advanced and versatile models including diffusion and large language models that hold promise in healthcare. In musculoskeletal healthcare, generative AI applications may involve the enhancement of images, generation of audio and video, automation of clinical documentation and administrative tasks, use of surgical planning aids, augmentation of treatment decisions, and personalization of patient communication. Limitations of the use of generative AI in healthcare include hallucinations, model bias, ethical considerations during clinical use, knowledge gaps, and lack of transparency. This review introduces critical concepts of generative AI, presents clinical applications relevant to musculoskeletal healthcare that are in development, and highlights limitations preventing deployment in clinical settings.","Review, JournalArticle",English,generative_artificial_intelligence_and_musculoskeletal_health_care_2025,,Citations: 8
SS-0067,API,Semantic Scholar,2026-09-22,Multiple queries (Q1-Q10),Depth Any Video with Scalable Synthetic Data,Honghui Yang; Di Huang; Wei Yin; Chunhua Shen; Haifeng Liu; Xiaofei He; Binbin Lin; Wanli Ouyang; Tong He,2024,International Conference on Learning Representations,10.48550/arXiv.2410.10815,https://www.semanticscholar.org/paper/600e1ac2336426f2a58c81be0ac19c4b691023ff,"Video depth estimation has long been hindered by the scarcity of consistent and scalable ground truth data, leading to inconsistent and unreliable results. In this paper, we introduce Depth Any Video, a model that tackles the challenge through two key innovations. First, we develop a scalable synthetic data pipeline, capturing real-time video depth data from diverse virtual environments, yielding 40,000 video clips of 5-second duration, each with precise depth annotations. Second, we leverage the powerful priors of generative video diffusion models to handle real-world videos effectively, integrating advanced techniques such as rotary position encoding and flow matching to further enhance flexibility and efficiency. Unlike previous models, which are limited to fixed-length video sequences, our approach introduces a novel mixed-duration training strategy that handles videos of varying lengths and performs robustly across different frame rates-even on single frames. At inference, we propose a depth interpolation method that enables our model to infer high-resolution video depth across sequences of up to 150 frames. Our model outperforms all previous generative depth models in terms of spatial accuracy and temporal consistency. The code and model weights are open-sourced.",JournalArticle,English,depth_any_video_with_scalable_synthetic_data_2024,,Citations: 66
SS-0068,API,Semantic Scholar,2026-09-22,Multiple queries (Q1-Q10),P‐2.12: A Comprehensive Study of Content Generation Using Diffusion Model,Jing Li; Zhengping Li; Ying Li; Lijun Wang,2023,SID Symposium Digest of Technical Papers,10.1002/sdtp.16346,https://www.semanticscholar.org/paper/66d356a6edcee1e3679d3134737ada1b15403df4,"The essence of the Metaverse is the process of integrating a large number of existing technologies to virtualize and digitize the real world. With the development of artificial intelligence technology, a large number of digital native content in the Metaverse needs to be completed by artificial intelligence. The current artificial intelligence technology allows computers to automatically and efficiently generate text, pictures, audio, video, and even 3D models. With the further development of natural language processing technology and generative network models, future artificial intelligence generation will subvert the existing content generation methods and gradually become an accelerator for the development of the Metaverse. In this paper, we have analyzed and studied the basic principles of diffusion models, clarified some existing problems of diffusion models, considered the key areas of concern and potential areas to be further explored, and looked forward to the future application of diffusion models in the field of Metaverse.",JournalArticle,English,p212_a_comprehensive_study_of_content_generation_2023,,Citations: 1
SS-0069,API,Semantic Scholar,2026-09-22,Multiple queries (Q1-Q10),Genie Envisioner: A Unified World Foundation Platform for Robotic Manipulation,Yue Liao; Yue Liao; Pengfei Zhou; Siyuan Huang; Donglin Yang; Shengcong Chen; Yuxin Jiang; Hu Yue; Jing-Tian Cai; Si Liu; Jianlan Luo; Liliang Chen; Shuicheng Yan; Maoqing Yao; Guanghui Ren,2025,arXiv.org,10.48550/arXiv.2508.05635,https://www.semanticscholar.org/paper/cc446fc0a6c6f4f331f7e914f33f2cc42f1d991e,"We introduce Genie Envisioner (GE), a unified world foundation platform for robotic manipulation that integrates policy learning, evaluation, and simulation within a single video-generative framework. At its core, GE-Base is a large-scale, instruction-conditioned video diffusion model that captures the spatial, temporal, and semantic dynamics of real-world robotic interactions in a structured latent space. Built upon this foundation, GE-Act maps latent representations to executable action trajectories through a lightweight, flow-matching decoder, enabling precise and generalizable policy inference across diverse embodiments with minimal supervision. To support scalable evaluation and training, GE-Sim serves as an action-conditioned neural simulator, producing high-fidelity rollouts for closed-loop policy development. The platform is further equipped with EWMBench, a standardized benchmark suite measuring visual fidelity, physical consistency, and instruction-action alignment. Together, these components establish Genie Envisioner as a scalable and practical foundation for instruction-driven, general-purpose embodied intelligence. All code, models, and benchmarks will be released publicly.",JournalArticle,English,genie_envisioner_a_unified_world_foundation_platform_2025,,Citations: 129
SS-0070,API,Semantic Scholar,2026-09-22,Multiple queries (Q1-Q10),GR3EN: Generative Relighting for 3D Environments,Xiaoyan Xing; Philipp Henzler; Junhwa Hur; Runze Li; Jonathan T. Barron; P. Srinivasan; Dor Verbin,2026,International Conference on Computer Graphics and Interactive Techniques,10.1145/3799902.3811181,https://www.semanticscholar.org/paper/226fb092437ee58208c45ce5bce0929e720b2028,"We present a method for relighting 3D reconstructions of large room-scale environments. Existing solutions for 3D scene relighting often require solving under-determined or ill-conditioned inverse rendering problems, and are as such unable to produce high-quality results on complex real-world scenes. Though recent progress in using generative image and video diffusion models for relighting has been promising, these techniques are either limited to 2D image and video relighting or 3D relighting of individual objects. Our approach enables controllable 3D relighting of room-scale scenes by distilling the outputs of a video-to-video relighting diffusion model into a 3D reconstruction. This side-steps the need to solve a difficult inverse rendering problem, and results in a flexible system that can relight 3D reconstructions of complex real-world scenes. We validate our approach on both synthetic and real-world datasets to show that it can faithfully render novel views of scenes under new lighting conditions.","JournalArticle, Book, Conference",English,gr3en_generative_relighting_for_3d_environments_2026,,Citations: 5
SS-0071,API,Semantic Scholar,2026-09-22,Multiple queries (Q1-Q10),VETA-DiT: Variance-Equalized and Temporally Adaptive Quantization for Efficient 4-bit Diffusion Transformers,Qinkai Xu; Yijin Liu; Yang Chen; Lin F. Yang; Erran L. Li; Yuxiang Fu,2025,Neural Information Processing Systems,10.52202/085713-5113,https://www.semanticscholar.org/paper/f156b9130f4b5b15467fcca8e3d7004d443f32fe,"Diffusion Transformers (DiTs) have recently demonstrated remarkable performance in visual generation tasks, surpassing traditional U-Net-based diffusion models by significantly improving image and video generation quality and scalability. However, the large model size and iterative denoising process introduce substantial computational and memory overhead, limiting their deployment in real-world applications. Post-training quantization (PTQ) is a promising solution that compresses models and accelerates inference by converting weights and activations to low-bit representations. Despite its potential, PTQ faces significant challenges when applied to DiTs, often resulting in severe degradation of generative quality. To address these issues, we propose VETA-DiT ( V ariance-E qualized and T emporal A daptation for Di ffusion T ransformers), a dedicated quantization framework for DiTs. Our method first analyzes the sources of quantization error from the perspective of inter-channel variance and introduces a Karhunen–Loève Transform enhanced alignment to equalize variance across channels, facilitating effective quantization under low bit-widths. Furthermore, to handle the temporal variation of activation distributions inherent in the iterative denoising steps of DiTs, we de-sign an incoherence-aware adaptive method that identifies and properly calibrates timesteps with high quantization difficulty. We validate VETA-DiT on extensive image and video generation tasks, preserving acceptable visual quality under the more aggressive W4A4 configuration. Specifically, VETA-DiT reduces FID by 33.65 on the DiT-XL/2 model and by 45.76 on the PixArt-Σ model compared to the base-line under W4A4, demonstrating its strong quantization",JournalArticle,English,vetadit_varianceequalized_and_temporally_adaptive_quantization_for_2025,,Citations: 2
SS-0072,API,Semantic Scholar,2026-09-22,Multiple queries (Q1-Q10),ArtifactWorld: Scaling 3D Gaussian Splatting Artifact Restoration via Video Generation Models,Xinliang Wang; Yifeng Shi; Zhenyu Wu,2026,arXiv.org,10.48550/arXiv.2604.12251,https://www.semanticscholar.org/paper/3389527024f24265f216c0831b16b84aa8e71d8a,"3D Gaussian Splatting (3DGS) delivers high-fidelity real-time rendering but suffers from geometric and photometric degradations under sparse-view constraints. Current generative restoration approaches are often limited by insufficient temporal coherence, a lack of explicit spatial constraints, and a lack of large-scale training data, resulting in multi-view inconsistencies, erroneous geometric hallucinations, and limited generalization to diverse real-world artifact distributions. In this paper, we present ArtifactWorld, a framework that resolves 3DGS artifact repair through systematic data expansion and a homogeneous dual-model paradigm. To address the data bottleneck, we establish a fine-grained phenomenological taxonomy of 3DGS artifacts and construct a comprehensive training set of 107.5K diverse paired video clips to enhance model robustness. Architecturally, we unify the restoration process within a video diffusion backbone, utilizing an isomorphic predictor to localize structural defects via an artifact heatmap. This heatmap then guides the restoration through an Artifact-Aware Triplet Fusion mechanism, enabling precise, intensity-guided spatio-temporal repair within native self-attention. Extensive experiments demonstrate that ArtifactWorld achieves state-of-the-art performance in sparse novel view synthesis and robust 3D reconstruction. Code and dataset will be made public.",JournalArticle,English,artifactworld_scaling_3d_gaussian_splatting_artifact_restoration_2026,,Citations: 6
SS-0073,API,Semantic Scholar,2026-09-22,Multiple queries (Q1-Q10),Future Optical Flow Prediction Improves Robot Control & Video Generation,Kanchana Ranasinghe; Honglu Zhou; Yu Fang; Luyu Yang; Le Xue; Ran Xu; Caiming Xiong; Silvio Savarese; Michael S. Ryoo; Juan Carlos Niebles,2026,arXiv.org,10.48550/arXiv.2601.10781,https://www.semanticscholar.org/paper/5e451560f40eac1f5f46f3d81e8eb8f2d5a87502,"Future motion representations, such as optical flow, offer immense value for control and generative tasks. However, forecasting generalizable spatially dense motion representations remains a key challenge, and learning such forecasting from noisy, real-world data remains relatively unexplored. We introduce FOFPred, a novel language-conditioned optical flow forecasting model featuring a unified Vision-Language Model (VLM) and Diffusion architecture. This unique combination enables strong multimodal reasoning with pixel-level generative fidelity for future motion prediction. Our model is trained on web-scale human activity data-a highly scalable but unstructured source. To extract meaningful signals from this noisy video-caption data, we employ crucial data preprocessing techniques and our unified architecture with strong image pretraining. The resulting trained model is then extended to tackle two distinct downstream tasks in control and generation. Evaluations across robotic manipulation and video generation under language-driven settings establish the cross-domain versatility of FOFPred, confirming the value of a unified VLM-Diffusion architecture and scalable learning from diverse web data for future optical flow prediction.",JournalArticle,English,future_optical_flow_prediction_improves_robot_control_2026,,Citations: 5
SS-0074,API,Semantic Scholar,2026-09-22,Multiple queries (Q1-Q10),Nuclear Diffusion Models for Low-Rank Background Suppression in Videos,Tristan S. W. Stevens; Oisín Nolan; Jean-Luc Robert; R. V. van Sloun,2025,"IEEE International Conference on Acoustics, Speech, and Signal Processing",10.48550/arXiv.2509.20886,https://www.semanticscholar.org/paper/0dc42d111be6d47a642eabc9d09082eabe9a4266,"Video sequences often contain structured noise and background artifacts that obscure dynamic content, posing challenges for accurate analysis and restoration. Robust principal component methods address this by decomposing data into low-rank and sparse components. Still, the sparsity assumption often fails to capture the rich variability present in real video data. To overcome this limitation, a hybrid framework that integrates low-rank temporal modeling with diffusion posterior sampling is proposed. The proposed method, Nuclear Diffusion, is evaluated on a real-world medical imaging problem, namely cardiac ultrasound dehazing, and demonstrates improved dehazing performance compared to traditional RPCA concerning contrast enhancement (gCNR) and signal preservation (KS statistic). These results highlight the potential of combining model-based temporal models with deep generative priors for high-fidelity video restoration.","JournalArticle, Conference",English,nuclear_diffusion_models_for_lowrank_background_suppression_2025,,Citations: 0
SS-0075,API,Semantic Scholar,2026-09-22,Multiple queries (Q1-Q10),Diffusion-Derep: Removing Sample Replication During Diffusion Inference,Nithin Gopalakrishnan Nair; Vibashan Vishnukuamr Sharmini; Vishal M. Patel,2025,IEEE International Symposium on Biomedical Imaging,10.1109/ISBI60581.2025.10981018,https://www.semanticscholar.org/paper/fbba8a58ea48aec17b0362dc47e7a7ced7e64719,"Recent advancements in research on diffusion-based generative models have yielded excellent results in image, video, and 3D generation. Several open-source models for real-world images have recently been released, generating photorealistic results. However, in the medical domain, most major foundation diffusion models are held privately due to the data replication issue inherent in diffusion models. The data replication issue refers to a sampling problem observed in diffusion models, where the model tends to generate samples closely resembling the training data. This phenomenon becomes pronounced when a diffusion model is trained on a small dataset containing only a few hundred images. In this work, we address the data replication issue in diffusion models by proposing a novel inference process guidance algorithm. Specifically, during the inference process, we steer the generated samples away from the training samples by utilizing a similarity loss that quantifies the distance between the generated sample and the embedded representations of the training examples. To the best of our knowledge, this is the first attempt to tackle the sample replication problem in diffusion models. Our method can be easily integrated with existing methods, enhancing their performance in generating new, novel samples. We present results across 8 datasets across different domains and show that utilizing our sampling algorithm significantly reduces data mitigation and observed in our FID and SSCD experiments. Code: https://github.com/Vibashan/MedDataset",JournalArticle,English,diffusionderep_removing_sample_replication_during_diffusion_inference_2025,,Citations: 0
SS-0076,API,Semantic Scholar,2026-09-22,Multiple queries (Q1-Q10),TDM-R1: Reinforcing Few-Step Diffusion Models with Non-Differentiable Reward,Yihong Luo; Tianyang Hu; Weijian Luo; Jing Tang,2026,arXiv.org,10.48550/arXiv.2603.07700,https://www.semanticscholar.org/paper/85ff9eede2146a29c474e4c6978a2b5375ef0d6d,"While few-step generative models have enabled powerful image and video generation at significantly lower cost, generic reinforcement learning (RL) paradigms for few-step models remain an unsolved problem. Existing RL approaches for few-step diffusion models strongly rely on back-propagating through differentiable reward models, thereby excluding the majority of important real-world reward signals, e.g., non-differentiable rewards such as humans'binary likeness, object counts, etc. To properly incorporate non-differentiable rewards to improve few-step generative models, we introduce TDM-R1, a novel reinforcement learning paradigm built upon a leading few-step model, Trajectory Distribution Matching (TDM). TDM-R1 decouples the learning process into surrogate reward learning and generator learning. Furthermore, we developed practical methods to obtain per-step reward signals along the deterministic generation trajectory of TDM, resulting in a unified RL post-training method that significantly improves few-step models'ability with generic rewards. We conduct extensive experiments ranging from text-rendering, visual quality, and preference alignment. All results demonstrate that TDM-R1 is a powerful reinforcement learning paradigm for few-step text-to-image models, achieving state-of-the-art reinforcement learning performances on both in-domain and out-of-domain metrics. Furthermore, TDM-R1 also scales effectively to the recent strong Z-Image model, consistently outperforming both its 100-NFE and few-step variants with only 4 NFEs. Project page: https://github.com/Luo-Yihong/TDM-R1",JournalArticle,English,tdmr1_reinforcing_fewstep_diffusion_models_with_nondifferentiable_2026,,Citations: 7
SS-0077,API,Semantic Scholar,2026-09-22,Multiple queries (Q1-Q10),UNIVERSE: Unified Video Action Models for Autonomous Driving with Flexible Mask-Modulated Modality Generation,Mengmeng Liu; Dian-Kun Zhang; Jiuming Liu; Jian-Feng Cui; Hong-Bin Xie; Guang Chen; Hang-Jun Ye; Francesco Nex; Hao Cheng; Michael Ying Yang,2026,arXiv.org,10.48550/arXiv.2607.05133,https://www.semanticscholar.org/paper/093c43f7fdf96f284a99f39e68f73638530adbb8,"World Action Models (WAMs) have shown strong potential for improving action generalization in autonomous driving by using future video prediction as dense supervision for scene dynamics and temporal causality. However, it remains unclear which architecture better transfers video-modeling benefits to trajectory generation. Existing cascaded or dual-DiT designs separate video imagination from action prediction, weakening the transfer of video-learned world dynamics to the trajectory branch: the action model may still overfit dataset-specific driving priors, while the video model only indirectly regularizes planning. We propose UNIVERSE, a unified video-action model built upon a single mask-modulated Diffusion Transformer. By co-training future video latents and ego-trajectory tokens within shared generative parameters, UNIVERSE allows dense video supervision to directly shape trajectory denoising, leading to stronger cross-domain action generalization. To ensure causal validity and efficient deployment, we introduce a Modality-Decoupling Visibility Mask, which shares historical context across modalities while blocking mutual attention between future video and trajectory tokens. This prevents future-target leakage and enables trajectory-only inference by removing future-video denoising at test time, achieving a $4.3\times$ speedup over joint video-action rollout while maintaining comparable planning accuracy. The same model also supports video-only and joint video-action rollouts. Experiments show that UNIVERSE achieves 91.0 PDMS on NAVSIM (vs. 89.6 for the Two-DiT variant), and demonstrates strong zero-shot transfer to nuScenes and Bench2Drive without fine-tuning, while ablations confirm the importance of single-DiT unification, video co-training, and mask-based modality decoupling.",JournalArticle,English,universe_unified_video_action_models_for_autonomous_2026,,Citations: 1
SS-0078,API,Semantic Scholar,2026-09-22,Multiple queries (Q1-Q10),Sequential Posterior Sampling with Diffusion Models,Tristan S. W. Stevens; Oisín Nolan; Jean-Luc Robert; R. V. van Sloun,2024,"IEEE International Conference on Acoustics, Speech, and Signal Processing",10.1109/ICASSP49660.2025.10889752,https://www.semanticscholar.org/paper/554114b7d9f7de6728545d3a874cf71b4d818119,"Diffusion models have quickly risen in popularity for their ability to model complex distributions and perform effective posterior sampling. Unfortunately, the iterative nature of these generative models makes them computationally expensive and unsuitable for real-time sequential inverse problems such as ultrasound imaging. Considering the strong temporal structure across sequences of frames, we propose a novel approach that models the transition dynamics to improve the efficiency of sequential diffusion posterior sampling in conditional image synthesis. Through modeling sequence data using a video vision transformer (ViViT) transition model based on previous diffusion outputs, we can initialize the reverse diffusion trajectory at a lower noise scale, greatly reducing the number of iterations required for convergence. We demonstrate the effectiveness of our approach on a real-world dataset of high frame rate cardiac ultrasound images and show that it achieves the same performance as a full diffusion trajectory while accelerating inference 25×, enabling real-time posterior sampling. Furthermore, we show that the addition of a transition model improves the PSNR up to 8% in cases with severe motion. Our method opens up new possibilities for real-time applications of diffusion models in imaging and other domains requiring real-time inference.","JournalArticle, Conference",English,sequential_posterior_sampling_with_diffusion_models_2024,,Citations: 13
SS-0079,API,Semantic Scholar,2026-09-22,Multiple queries (Q1-Q10),Infinite Gaze Generation for Videos with Autoregressive Diffusion,Jenna Kang; Colin Groth; Tong Wu; Finley Torrens; Patsorn Sangkloy; Gordon Wetzstein; Qi Sun,2026,arXiv.org,10.48550/arXiv.2603.24938,https://www.semanticscholar.org/paper/20b2008e648e03a82ff7f59910ca207116f0395f,"Predicting human gaze in video is fundamental to advancing scene understanding and multimodal interaction. While traditional saliency maps provide spatial probability distributions and scanpaths offer ordered fixations, both abstractions often collapse the fine-grained temporal dynamics of raw gaze. Furthermore, existing models are typically constrained to short-term windows ($\approx$ 3-5s), failing to capture the long-range behavioral dependencies inherent in real-world content. We present a generative framework for infinite-horizon raw gaze prediction in videos of arbitrary length. By leveraging an autoregressive diffusion model, we synthesize gaze trajectories characterized by continuous spatial coordinates and high-resolution timestamps. Our model is conditioned on a saliency-aware visual latent space. Quantitative and qualitative evaluations demonstrate that our approach significantly outperforms existing approaches in long-range spatio-temporal accuracy and trajectory realism.",JournalArticle,English,infinite_gaze_generation_for_videos_with_autoregressive_2026,,Citations: 1
SS-0080,API,Semantic Scholar,2026-09-22,Multiple queries (Q1-Q10),GenLCA: 3D Diffusion for Full-Body Avatars from In-the-Wild Videos,Yiqian Wu; Rawal Khirodkar; Egor Zakharov; Timur M. Bagautdinov; Lei Xiao; Zhaoen Su; Shunsuke Saito; Xiaogang Jin; Junxuan Li,2026,arXiv.org,10.48550/arXiv.2604.07273,https://www.semanticscholar.org/paper/2f9c5d82b927e688ab2aa5c218e69881d30a1ccf,"We present GenLCA, a diffusion-based generative model for generating and editing photorealistic full-body avatars from text and image inputs. The generated avatars are faithful to the inputs, while supporting high-fidelity facial and full-body animations. The core idea is a novel paradigm that enables training a full-body 3D diffusion model from partially observable 2D data, allowing the training dataset to scale to millions of real-world videos. This scalability contributes to the superior photorealism and generalizability of GenLCA. Specifically, we scale up the dataset by repurposing a pretrained feed-forward avatar reconstruction model as an animatable 3D tokenizer, which encodes unstructured video frames into structured 3D tokens. However, most real-world videos only provide partial observations of body parts, resulting in excessive blurring or transparency artifacts in the 3D tokens. To address this, we propose a novel visibility-aware diffusion training strategy that replaces invalid regions with learnable tokens and computes losses only over valid regions. We then train a flow-based diffusion model on the token dataset, inherently maintaining the photorealism and animatability provided by the pretrained avatar reconstruction model. Our approach effectively enables the use of large-scale real-world video data to train a diffusion model natively in 3D. We demonstrate the efficacy of our method through diverse and high-fidelity generation and editing results, outperforming existing solutions by a large margin. The project page is available at https://onethousandwu.com/GenLCA-Page.",JournalArticle,English,genlca_3d_diffusion_for_fullbody_avatars_from_2026,,Citations: 1
SS-0081,API,Semantic Scholar,2026-09-22,Multiple queries (Q1-Q10),Object detection using augmented attention assisted diffusion based vision transformer,Kumari Neha Yadav; S. Parihar,2026,"Signal, Image and Video Processing",10.1007/s11760-026-05561-6,https://www.semanticscholar.org/paper/f53536c7da1c2fe426f36ee87d6cb3521a83becd,,JournalArticle,English,object_detection_using_augmented_attention_assisted_diffusion_2026,,Citations: 0
SS-0082,API,Semantic Scholar,2026-09-22,Multiple queries (Q1-Q10),Recent Advances in Deep Learning-Based Video Super-Resolution,J. Kang; Junki Lee; Lae-Hoon Kim,2026,IEEE Access,10.1109/ACCESS.2026.3701009,https://www.semanticscholar.org/paper/d6cc2fb172ee0c40cdd2b5e471fd16a93de1dc6f,"Video Super-Resolution (VSR) aims to reconstruct high-resolution (HR) videos from low-resolution (LR) inputs, enabling enhanced visual experiences and reliable video analysis across diverse domains. While early methods relied on signal processing and optimization techniques, deep learning has driven rapid progress, with architectures evolving from convolutional neural networks (CNNs) to transformers, generative models such as generative adversarial networks (GANs) and diffusion models, as well as state-space models such as Mamba. However, most existing surveys focus on CNN-based methods developed prior to 2021, leaving recent advances insufficiently explored. This paper presents a comprehensive review of VSR research published from 2021 onward and introduces a hierarchical taxonomy that organizes methods by problem scope, model architecture, and temporal dependency modeling. We systematically analyze general-purpose methods as well as specialized approaches addressing compression-aware, blind, real-world, RAW data, space-time, and event camera-based scenarios. In addition, we survey application-driven VSR studies spanning online streaming, remote sensing, animation, medical imaging, and multi-camera systems, highlighting the expanding practical relevance of VSR. We also summarize evaluation fundamentals, including benchmark datasets, metrics, and challenges, and provide a comparative performance analysis. Our review reveals clear architectural trends: transformer-based methods enable effective long-range spatial-temporal modeling, diffusion models improve perceptual quality, and Mamba-based approaches offer efficient restoration with temporal consistency. Finally, we discuss open challenges and future research directions, offering a structured reference for both researchers and practitioners in the rapidly evolving field of video super-resolution.","JournalArticle, Review",English,recent_advances_in_deep_learningbased_video_superresolution_2026,,Citations: 0
SS-0083,API,Semantic Scholar,2026-09-22,Multiple queries (Q1-Q10),UniVG: Towards UNIfied-modal Video Generation,Ludan Ruan; Lei Tian; Chuanwei Huang; Xu Zhang; Xinyan Xiao,2024,IEEE International Conference on Multimedia and Expo,10.1109/ICME59968.2025.11210223,https://www.semanticscholar.org/paper/147ceee32c1e33f332ac7b2dcabf397788a01d1a,"Diffusion based video generation has received significant attention in both the academic and industrial communities. Despite recent exploration of diverse conditional inputs for better video generation control, existing methods, primarily targeting individual tasks, often fall short in real-world scenarios where users may use any form of conditioning, either individually or combined. To address this, we propose a Unified-modal Video Generation system capable of handling multiple video generation tasks across different modalities. Our approach introduces the concept of generative freedom in the diffusion process, which allows us to reclassify video generation tasks into high-freedom and low-freedom categories based on the solution space given certain conditions. We then design different diffusion paradigms for each category. For high-freedom video generation, we present a base model that is capable of handling varied semantic combinations of text and image. For low-freedom video generation, we propose the Biased Gaussian Noise (BGN) to tackle the discrepancy of the diffusion process between the training and inference stage when using strong conditional guidance strategy. Our proposed UniVG achieves superior objective results on public datasets, surpassing the current open-source methods and is on par with the current close-source method Gen2 and Pika in human evaluations. For more samples, visit our homepage.","JournalArticle, Conference",English,univg_towards_unifiedmodal_video_generation_2024,,Citations: 5
SS-0084,API,Semantic Scholar,2026-09-22,Multiple queries (Q1-Q10),Can World Models Benefit VLMs for World Dynamics?,Kevin Zhang; Kuangzhi Ge; Xiaowei Chi; Renrui Zhang; Shaojun Shi; Zhen Dong; Sirui Han; Shanghang Zhang,2025,arXiv.org,10.48550/arXiv.2510.00855,https://www.semanticscholar.org/paper/6fd4bf68d5b0ea1cade215b468692d733b453240,"Trained on internet-scale video data, generative world models are increasingly recognized as powerful world simulators that can generate consistent and plausible dynamics over structure, motion, and physics. This raises a natural question: with the advent of strong video foundational models, might they supplant conventional vision encoder paradigms for general-purpose multimodal understanding? While recent studies have begun to explore the potential of world models on common vision tasks, these explorations typically lack a systematic investigation of generic, multimodal tasks. In this work, we strive to investigate the capabilities when world model priors are transferred into Vision-Language Models: we re-purpose a video diffusion model as a generative encoder to perform a single denoising step and treat the resulting latents as a set of visual embedding. We empirically investigate this class of models, which we refer to as World-Language Models (WorldLMs), and we find that generative encoders can capture latents useful for downstream understanding that show distinctions from conventional encoders. Naming our best-performing variant Dynamic Vision Aligner (DyVA), we further discover that this method significantly enhances spatial reasoning abilities and enables single-image models to perform multi-frame reasoning. Through the curation of a suite of visual reasoning tasks, we find DyVA to surpass both open-source and proprietary baselines, achieving state-of-the-art or comparable performance. We attribute these gains to WorldLM's inherited motion-consistency internalization from video pre-training. Finally, we systematically explore extensive model designs to highlight promising directions for future work. We hope our study can pave the way for a new family of VLMs that leverage priors from world models and are on a promising path towards generalist vision learners.",JournalArticle,English,can_world_models_benefit_vlms_for_world_2025,,Citations: 11
SS-0085,API,Semantic Scholar,2026-09-22,Multiple queries (Q1-Q10),VISTAv2: World Imagination for Indoor Vision-and-Language Navigation,Yan-Jia Huang; Xianshun Jiang; Xiangbo Gao; Mingyang Wu; Zhengzhong Tu,2025,arXiv.org,10.48550/arXiv.2512.00041,https://www.semanticscholar.org/paper/4df81705e32935671146a61f843df7f4e74a7d33,"Vision-and-Language Navigation (VLN) requires agents to follow language instructions while acting in continuous real-world spaces. Prior image imagination based VLN work shows benefits for discrete panoramas but lacks online, action-conditioned predictions and does not produce explicit planning values; moreover, many methods replace the planner with long-horizon objectives that are brittle and slow. To bridge this gap, we propose VISTAv2, a generative world model that rolls out egocentric future views conditioned on past observations, candidate action sequences, and instructions, and projects them into an online value map for planning. Unlike prior approaches, VISTAv2 does not replace the planner. The online value map is fused at score level with the base objective, providing reachability and risk-aware guidance. Concretely, we employ an action-aware Conditional Diffusion Transformer video predictor to synthesize short-horizon futures, align them with the natural language instruction via a vision-language scorer, and fuse multiple rollouts in a differentiable imagination-to-value head to output an imagined egocentric value map. For efficiency, rollouts occur in VAE latent space with a distilled sampler and sparse decoding, enabling inference on a single consumer GPU. Evaluated on MP3D and RoboTHOR, VISTAv2 improves over strong baselines, and ablations show that action-conditioned imagination, instruction-guided value fusion, and the online value-map planner are all critical, suggesting that VISTAv2 offers a practical and interpretable route to robust VLN.",JournalArticle,English,vistav2_world_imagination_for_indoor_visionandlanguage_navigation_2025,,Citations: 6
SS-0086,API,Semantic Scholar,2026-09-22,Multiple queries (Q1-Q10),Towards Suturing World Models: Learning Predictive Models for Robotic Surgical Tasks,Mehmet Kerem Türkcan; Mattia Ballo; Filippo Filicori; Zoran Kostic,2025,arXiv.org,10.48550/arXiv.2503.12531,https://www.semanticscholar.org/paper/6f7b026701a8e9f0b79ba2ba9fa39c1fe2e7ea5a,"We introduce specialized diffusion-based generative models that capture the spatiotemporal dynamics of fine-grained robotic surgical sub-stitch actions through supervised learning on annotated laparoscopic surgery footage. The proposed models form a foundation for data-driven world models capable of simulating the biomechanical interactions and procedural dynamics of surgical suturing with high temporal fidelity. Annotating a dataset of $\sim2K$ clips extracted from simulation videos, we categorize surgical actions into fine-grained sub-stitch classes including ideal and non-ideal executions of needle positioning, targeting, driving, and withdrawal. We fine-tune two state-of-the-art video diffusion models, LTX-Video and HunyuanVideo, to generate high-fidelity surgical action sequences at $\ge$768x512 resolution and $\ge$49 frames. For training our models, we explore both Low-Rank Adaptation (LoRA) and full-model fine-tuning approaches. Our experimental results demonstrate that these world models can effectively capture the dynamics of suturing, potentially enabling improved training simulators, surgical skill assessment tools, and autonomous surgical systems. The models also display the capability to differentiate between ideal and non-ideal technique execution, providing a foundation for building surgical training and evaluation systems. We release our models for testing and as a foundation for future research. Project Page: https://mkturkcan.github.io/suturingmodels/",JournalArticle,English,towards_suturing_world_models_learning_predictive_models_2025,,Citations: 6
SS-0087,API,Semantic Scholar,2026-09-22,Multiple queries (Q1-Q10),RealCraft: Attention Control as A Tool for Zero-Shot Consistent Video Editing,Shutong Jin; Rui-Yu Wang; Florian T. Pokorny,2023,International Conference on Neural Information Processing,10.1007/978-981-95-4378-6_10,https://www.semanticscholar.org/paper/271fe5d51aa7b9a7217a828ea31a4577a7a21d43,"Even though large-scale text-to-image generative models show promising performance in synthesizing high-quality images, applying these models directly to image editing remains a significant challenge. This challenge is further amplified in video editing due to the additional dimension of time. This is especially the case for editing real-world videos as it necessitates maintaining a stable structural layout across frames while executing localized edits without disrupting the existing content. In this paper, we propose RealCraft, an attention-control-based method for zero-shot real-world video editing. By swapping cross-attention for new feature injection and relaxing spatial-temporal attention of the editing object, we achieve localized shape-wise edit along with enhanced temporal consistency. Our model directly uses Stable Diffusion and operates without the need for additional information. We showcase the proposed zero-shot attention-control-based method across a range of videos, demonstrating shape-wise, time-consistent and parameter-free editing in videos of up to 64 frames.",JournalArticle,English,realcraft_attention_control_as_a_tool_for_2023,,Citations: 3
SS-0088,API,Semantic Scholar,2026-09-22,Multiple queries (Q1-Q10),CausalDrive: Real-time Causal World Models for Autonomous Driving,Tianyi Yan; Huan Zheng; Dubing Chen; Meizhi Qu; Ying Shen; Lijun Zhou; Ming Tu; Bin Wang; Guang Chen; Hang-Jun Ye; Haiyang Sun; Cheng-Zhong Xu; Jianbing Shen,2026,arXiv.org,10.48550/arXiv.2606.15341,https://www.semanticscholar.org/paper/5ea9c809c6cc0ee154ed0c20109b7e17325e14c3,"World models have emerged as a promising paradigm for scaling autonomous driving (AD) data, yet existing video generative models fall short as interactive simulators. Layout-conditioned renderers rely on""oracle""future trajectories of all background agents, rendering them strictly non-reactive. Conversely, pure action-conditioned predictors lack semantic control over complex interactions and suffer from prohibitive diffusion latencies, hindering closed-loop policy learning. To bridge this gap, we present CausalDrive, a controllable, real-time foundation driving world renderer. CausalDrive operates solely on the initial front-view frame, the ego-vehicle's trajectory, and a macroscopic text prompt. By excluding future NPC layouts, we compel the model to intrinsically predict causal interactions, enabling text-driven control over Driving Sociology, allowing users to dynamically orchestrate diverse counterfactual reactions to identical ego-actions. To overcome the efficiency bottleneck and address the covariate shift in autoregressive generation, we propose a novel Context-Forced DMD architecture. This combines continuous flow-matching with a self-correcting distillation objective, achieving interactive speeds of 12 FPS. This breakthrough transforms the passive video generator into a playable neural simulator. We demonstrate its versatility across three downstream applications: (1) generative closed-loop evaluation with significantly mitigated collision artifacts, (2) large-scale Reinforcement Learning (RL) post-training driven by a Video2Reward module, and (3) real-time human-in-the-loop simulation. Extensive experiments validate that policies trained within CausalDrive's reactive scenarios exhibit superior interaction capabilities in the real world.",JournalArticle,English,causaldrive_realtime_causal_world_models_for_autonomous_2026,,Citations: 5
SS-0089,API,Semantic Scholar,2026-09-22,Multiple queries (Q1-Q10),Learning Visual Feature-Based World Models via Residual Latent Action,Xinyu Zhang; Zheng-Tong Xu; Yu Tao; Ye Wang; Yuqin She; Abdeslam Boularias,2026,arXiv.org,10.48550/arXiv.2605.07079,https://www.semanticscholar.org/paper/62059de2d3b417212bb7e4f1f61c974f2d0cf0c1,"World models predict future transitions from observations and actions. Existing works predominantly focus on image generation only. Visual feature-based world models, on the other hand, predict future visual features instead of raw video pixels, offering a promising alternative that is more efficient and less prone to hallucination. However, current feature-based approaches rely on direct regression, which leads to blurry or collapsed predictions in complex interactions, while generative modeling in high-dimensional feature spaces still remains challenging. In this work, we discover that a new type of latent action representation, which we refer to as *Residual Latent Action* (RLA), can be easily learned from DINO residuals. We also show that RLA is predictive, generalizable, and encodes temporal progression. Building on RLA, we propose *RLA World Model* (RLA-WM), which predicts RLA values via flow matching. RLA-WM outperforms both state-of-the-art feature-based and video-diffusion world models on simulation and real-world datasets, while being orders of magnitude faster than video diffusion. Furthermore, we develop two robot learning techniques that use RLA-WM to improve policy learning. The first one is a minimalist world action model with RLA that learns from actionless demonstration videos. The second one is the first visual RL framework trained entirely inside a world model learned from offline videos only, using a video-aligned reward and no online interactions or handcrafted rewards. Project page: https://mlzxy.github.io/rla-wm",JournalArticle,English,learning_visual_featurebased_world_models_via_residual_2026,,Citations: 2
SS-0090,API,Semantic Scholar,2026-09-22,Multiple queries (Q1-Q10),Real-Time Person Image Synthesis Using a Flow Matching Model,Jiwoo Jeong; Kirok Kim; Wooju Kim; Nam-joon Kim,2025,arXiv.org,10.48550/arXiv.2505.03562,https://www.semanticscholar.org/paper/6bc3386bb80e2ef36bce73c129a28b0f0a20a7da,"Pose-Guided Person Image Synthesis (PGPIS) generates realistic person images conditioned on a target pose and a source image. This task plays a key role in various real-world applications, such as sign language video generation, AR/VR, gaming, and live streaming. In these scenarios, real-time PGPIS is critical for providing immediate visual feedback and maintaining user immersion.However, achieving real-time performance remains a significant challenge due to the complexity of synthesizing high-fidelity images from diverse and dynamic human poses. Recent diffusion-based methods have shown impressive image quality in PGPIS, but their slow sampling speeds hinder deployment in time-sensitive applications. This latency is particularly problematic in tasks like generating sign language videos during live broadcasts, where rapid image updates are required. Therefore, developing a fast and reliable PGPIS model is a crucial step toward enabling real-time interactive systems. To address this challenge, we propose a generative model based on flow matching (FM). Our approach enables faster, more stable, and more efficient training and sampling. Furthermore, the proposed model supports conditional generation and can operate in latent space, making it especially suitable for real-time PGPIS applications where both speed and quality are critical. We evaluate our proposed method, Real-Time Person Image Synthesis Using a Flow Matching Model (RPFM), on the widely used DeepFashion dataset for PGPIS tasks. Our results show that RPFM achieves near-real-time sampling speeds while maintaining performance comparable to the state-of-the-art models. Our methodology trades off a slight, acceptable decrease in generated-image accuracy for over a twofold increase in generation speed, thereby ensuring real-time performance.",JournalArticle,English,realtime_person_image_synthesis_using_a_flow_2025,,Citations: 1
SS-0091,API,Semantic Scholar,2026-09-22,Multiple queries (Q1-Q10),RoboDream: Compositional World Models for Scalable Robot Data Synthesis,Junjie Ye; Rong Xue; Basile Van Hoorick; Runhao Li; Harshitha Rajaprakash; P. Tokmakov; Muhammad Zubair Irshad; V. Guizilini; Yue Wang,2026,arXiv.org,10.48550/arXiv.2606.02577,https://www.semanticscholar.org/paper/3ff90ab4b0261514684776cdc54f6939097b0521,"Scaling robot learning requires large-scale, diverse demonstrations, yet real-world data collection via teleoperation remains prohibitively expensive and time-consuming. While video diffusion models offer a promising avenue for data scaling, existing generative approaches are often limited to superficial visual augmentation, or suffer from embodiment hallucinations that yield physically infeasible motions. We present a generalizable embodiment-centric world model that achieves scalable data generation by synthesizing photorealistic demonstrations with novel objects, in novel scenes, and from novel viewpoints. Our approach anchors generation to rendered robot motion while conditioning on explicit scene and object priors, effectively decoupling trajectory execution from environment synthesis. This formulation has the potential to unlock two powerful data scaling capabilities: (1) retrieval and rebirth, which repurposes existing trajectories into entirely new contexts without new motion data; and (2) prop-free teleoperation, where operators manipulate empty air and the model hallucinates the target objects and scene afterwards, eliminating reset time. We demonstrate with real-world experiments that our generated data consistently improves downstream policy performance and significantly reduces real-world data requirements across diverse manipulation tasks.",JournalArticle,English,robodream_compositional_world_models_for_scalable_robot_2026,,Citations: 0
SS-0092,API,Semantic Scholar,2026-09-22,Multiple queries (Q1-Q10),EnerVerse: Envisioning Embodied Future Space for Robotics Manipulation,Siyuan Huang; Liliang Chen; Pengfei Zhou; Shengcong Chen; Zhengkai Jiang; Yutao Hu; Peng Gao; Hongsheng Li; Maoqing Yao; Guanghui Ren,2025,Neural Information Processing Systems,10.48550/arXiv.2501.01895,https://www.semanticscholar.org/paper/0602b015c64394c0802f53dc15b678a64bc9a46e,"We introduce EnerVerse, a generative robotics foundation model that constructs and interprets embodied spaces. EnerVerse employs a chunk-wise autoregressive video diffusion framework to predict future embodied spaces from instructions, enhanced by a sparse context memory for long-term reasoning. To model the 3D robotics world, we adopt a multi-view video representation, providing rich perspectives to address challenges like motion ambiguity and 3D grounding. Additionally, EnerVerse-D, a data engine pipeline combining generative modeling with 4D Gaussian Splatting, forms a self-reinforcing data loop to reduce the sim-to-real gap. Leveraging these innovations, EnerVerse translates 4D world representations into physical actions via a policy head (EnerVerse-A), achieving state-of-the-art performance in both simulation and real-world tasks. For efficiency, EnerVerse-A reuses features from the first denoising step and predicts action chunks, achieving about 280 ms per 8-step action chunk on a single RTX 4090. Further video demos, dataset samples could be found in our project page.",JournalArticle,English,enerverse_envisioning_embodied_future_space_for_robotics_2025,,Citations: 64
SS-0093,API,Semantic Scholar,2026-09-22,Multiple queries (Q1-Q10),SkyReels-V3 Technique Report,Debang Li; Zhengcong Fei; Tuanhui Li; Yikun Dou; Zhenghao Chen; Jiangping Yang; Mingyuan Fan; Jing-Tao Xu; Jiahua Wang; Baoxuan Gu; Min-Kyu Chang; Wenjing Cai; Yuqiang Xie; Binjie Mao; Youqiang Zhang; Nuo Pang; Hao Zhang; Yuzhe Jin; Zhi-Xin Xu; Dixuan Lin; Guibin Chen; Yahui Zhou,2026,arXiv.org,10.48550/arXiv.2601.17323,https://www.semanticscholar.org/paper/c1bbf208cb844ec911ecbfa542b66e61d8228a3b,"Video generation serves as a cornerstone for building world models, where multimodal contextual inference stands as the defining test of capability. In this end, we present SkyReels-V3, a conditional video generation model, built upon a unified multimodal in-context learning framework with diffusion Transformers. SkyReels-V3 model supports three core generative paradigms within a single architecture: reference images-to-video synthesis, video-to-video extension and audio-guided video generation. (i) reference images-to-video model is designed to produce high-fidelity videos with strong subject identity preservation, temporal coherence, and narrative consistency. To enhance reference adherence and compositional stability, we design a comprehensive data processing pipeline that leverages cross frame pairing, image editing, and semantic rewriting, effectively mitigating copy paste artifacts. During training, an image video hybrid strategy combined with multi-resolution joint optimization is employed to improve generalization and robustness across diverse scenarios. (ii) video extension model integrates spatio-temporal consistency modeling with large-scale video understanding, enabling both seamless single-shot continuation and intelligent multi-shot switching with professional cinematographic patterns. (iii) Talking avatar model supports minute-level audio-conditioned video generation by training first-and-last frame insertion patterns and reconstructing key-frame inference paradigms. On the basis of ensuring visual quality, synchronization of audio and videos has been optimized. Extensive evaluations demonstrate that SkyReels-V3 achieves state-of-the-art or near state-of-the-art performance on key metrics including visual quality, instruction following, and specific aspect metrics, approaching leading closed-source systems. Github: https://github.com/SkyworkAI/SkyReels-V3.",JournalArticle,English,skyreelsv3_technique_report_2026,,Citations: 15
SS-0094,API,Semantic Scholar,2026-09-22,Multiple queries (Q1-Q10),Prediction with Action: Visual Policy Learning via Joint Denoising Process,Yanjiang Guo; Yucheng Hu; Jianke Zhang; Yen-Jen Wang; Xiaoyu Chen; Chaochao Lu; Jianyu Chen,2024,Neural Information Processing Systems,10.48550/arXiv.2411.18179,https://www.semanticscholar.org/paper/3fbf40b6d2125b0593f34d8e5e597abc00c976eb,"Diffusion models have demonstrated remarkable capabilities in image generation tasks, including image editing and video creation, representing a good understanding of the physical world. On the other line, diffusion models have also shown promise in robotic control tasks by denoising actions, known as diffusion policy. Although the diffusion generative model and diffusion policy exhibit distinct capabilities--image prediction and robotic action, respectively--they technically follow a similar denoising process. In robotic tasks, the ability to predict future images and generate actions is highly correlated since they share the same underlying dynamics of the physical world. Building on this insight, we introduce PAD, a novel visual policy learning framework that unifies image Prediction and robot Action within a joint Denoising process. Specifically, PAD utilizes Diffusion Transformers (DiT) to seamlessly integrate images and robot states, enabling the simultaneous prediction of future images and robot actions. Additionally, PAD supports co-training on both robotic demonstrations and large-scale video datasets and can be easily extended to other robotic modalities, such as depth images. PAD outperforms previous methods, achieving a significant 26.3% relative improvement on the full Metaworld benchmark, by utilizing a single text-conditioned visual policy within a data-efficient imitation learning setting. Furthermore, PAD demonstrates superior generalization to unseen tasks in real-world robot manipulation settings with 28.0% success rate increase compared to the strongest baseline. Project page at https://sites.google.com/view/pad-paper",JournalArticle,English,prediction_with_action_visual_policy_learning_via_2024,,Citations: 84
SS-0095,API,Semantic Scholar,2026-09-22,Multiple queries (Q1-Q10),Exploring Representation-Aligned Latent Space for Better Generation,Wanghan Xu; Xiaoyu Yue; Zidong Wang; Yao Teng; Wenlong Zhang; Xihui Liu; Luping Zhou; Wanli Ouyang; Lei Bai,2025,arXiv.org,10.48550/arXiv.2502.00359,https://www.semanticscholar.org/paper/94491e8ff00b2947c1a1cc575a923bd75cf93bae,"Generative models serve as powerful tools for modeling the real world, with mainstream diffusion models, particularly those based on the latent diffusion model paradigm, achieving remarkable progress across various tasks, such as image and video synthesis. Latent diffusion models are typically trained using Variational Autoencoders (VAEs), interacting with VAE latents rather than the real samples. While this generative paradigm speeds up training and inference, the quality of the generated outputs is limited by the latents' quality. Traditional VAE latents are often seen as spatial compression in pixel space and lack explicit semantic representations, which are essential for modeling the real world. In this paper, we introduce ReaLS (Representation-Aligned Latent Space), which integrates semantic priors to improve generation performance. Extensive experiments show that fundamental DiT and SiT trained on ReaLS can achieve a 15% improvement in FID metric. Furthermore, the enhanced semantic latent space enables more perceptual downstream tasks, such as segmentation and depth estimation.",JournalArticle,English,exploring_representationaligned_latent_space_for_better_generation_2025,,Citations: 21
SS-0096,API,Semantic Scholar,2026-09-22,Multiple queries (Q1-Q10),Generation Models Know Space: Unleashing Implicit 3D Priors for Scene Understanding,Xian Wu; Dingkang Liang; Tianrui Feng; Kui Xia; Yu-Meng Zhang; Xiaofan Li; X. Tan; Xiangyu Bai,2026,arXiv.org,10.48550/arXiv.2603.19235,https://www.semanticscholar.org/paper/96a41f13d16f81fdfcfcce1e00394ac7637fbeaa,"While Multimodal Large Language Models demonstrate impressive semantic capabilities, they often suffer from spatial blindness, struggling with fine-grained geometric reasoning and physical dynamics. Existing solutions typically rely on explicit 3D modalities or complex geometric scaffolding, which are limited by data scarcity and generalization challenges. In this work, we propose a paradigm shift by leveraging the implicit spatial prior within large-scale video generation models. We posit that to synthesize temporally coherent videos, these models inherently learn robust 3D structural priors and physical laws. We introduce VEGA-3D (Video Extracted Generative Awareness), a plug-and-play framework that repurposes a pre-trained video diffusion model as a Latent World Simulator. By extracting spatiotemporal features from intermediate noise levels and integrating them with semantic representations via a token-level adaptive gated fusion mechanism, we enrich MLLMs with dense geometric cues without explicit 3D supervision. Extensive experiments across 3D scene understanding, spatial reasoning, and embodied manipulation benchmarks demonstrate that our method outperforms state-of-the-art baselines, validating that generative priors provide a scalable foundation for physical-world understanding. Code is publicly available at https://github.com/H-EmbodVis/VEGA-3D.",JournalArticle,English,generation_models_know_space_unleashing_implicit_3d_2026,,Citations: 11
SS-0097,API,Semantic Scholar,2026-09-22,Multiple queries (Q1-Q10),WorldCam: Interactive Autoregressive 3D Gaming Worlds with Camera Pose as a Unifying Geometric Representation,Jisu Nam; Yicong Hong; C. Huang; Feng Liu; Joungbin Lee; Jiyoung Kim; Siyoon Jin; Yunsung Lee; Jaeyoon Jung; Suhwan Choi; Seungryong Kim; Yang Zhou,2026,arXiv.org,10.48550/arXiv.2603.16871,https://www.semanticscholar.org/paper/3c4119724d7bd58898c064e0c317e0c112db63f0,"Recent advances in video diffusion transformers have enabled interactive gaming world models that allow users to explore generated environments over extended horizons. However, existing approaches struggle with precise action control and long-horizon 3D consistency. Most prior works treat user actions as abstract conditioning signals, overlooking the fundamental geometric coupling between actions and the 3D world, whereby actions induce relative camera motions that accumulate into a global camera pose within a 3D world. In this paper, we establish camera pose as a unifying geometric representation to jointly ground immediate action control and long-term 3D consistency. First, we define a physics-based continuous action space and represent user inputs in the Lie algebra to derive precise 6-DoF camera poses, which are injected into the generative model via a camera embedder to ensure accurate action alignment. Second, we use global camera poses as spatial indices to retrieve relevant past observations, enabling geometrically consistent revisiting of locations during long-horizon navigation. To support this research, we introduce a large-scale dataset comprising 3,000 minutes of authentic human gameplay annotated with camera trajectories and textual descriptions. Extensive experiments show that our approach substantially outperforms state-of-the-art interactive gaming world models in action controllability, long-horizon visual quality, and 3D spatial consistency.",JournalArticle,English,worldcam_interactive_autoregressive_3d_gaming_worlds_with_2026,,Citations: 9
SS-0098,API,Semantic Scholar,2026-09-22,Multiple queries (Q1-Q10),3D-Fixup: Advancing Photo Editing with 3D Priors,Yen-Chi Cheng; Krishna Kumar Singh; Jae Shin Yoon; Alexander G. Schwing; Liang-Yan Gui; Matheus Gadelha; Paul Guerrero; Nanxuan Zhao,2025,International Conference on Computer Graphics and Interactive Techniques,10.1145/3721238.3730695,https://www.semanticscholar.org/paper/8fbfbff35570431c59d766410aca2f6acbd0afe8,"Despite significant advances in modeling image priors via diffusion models, 3D-aware image editing remains challenging, in part because the object is only specified via a single image. To tackle this challenge, we propose 3D-Fixup, a new framework for editing 2D images guided by learned 3D priors. The framework supports difficult editing situations such as object translation and 3D rotation. To achieve this, we leverage a training-based approach that harnesses the generative power of diffusion models. As video data naturally encodes real-world physical dynamics, we turn to video data for generating training data pairs, i.e., a source and a target frame. Rather than relying solely on a single trained model to infer transformations between source and target frames, we incorporate 3D guidance from an Image-to-3D model, which bridges this challenging task by explicitly projecting 2D information into 3D space. We design a data generation pipeline to ensure high-quality 3D guidance throughout training. Results show that by integrating these 3D priors, 3D-Fixup effectively supports complex, identity coherent 3D-aware edits, achieving high-quality results and advancing the application of diffusion models in realistic image manipulation. The code is provided at https://3dfixup.github.io/.","JournalArticle, Book, Conference",English,3dfixup_advancing_photo_editing_with_3d_priors_2025,,Citations: 13
SS-0099,API,Semantic Scholar,2026-09-22,Multiple queries (Q1-Q10),Magic Fixup: Streamlining Photo Editing by Watching Dynamic Videos,Hadi Alzayer; Zhi-Hao Xia; Xuan-Er Zhang; Eli Shechtman; Jia-Bin Huang; Michael Gharbi,2024,ACM Transactions on Graphics,10.1145/3750722,https://www.semanticscholar.org/paper/563b697c33b913ed4973ed7b0c0d6c90568112d9,"We propose a generative model that, given a coarsely edited image, synthesizes a photorealistic output that follows the prescribed layout. Our method transfers fine details from the original image and preserve the identity of its parts. Yet, it adapts it to the lighting and context defined by the new layout. Our key insight is that videos are a powerful source of supervision for this task: objects and camera motions provide many observations of how the world changes with viewpoint, lighting, and physical interactions. We construct an image dataset in which each sample is a pair of source and target frames extracted from the same video at randomly chosen time intervals. We warp the source frame toward the target using two motion models that mimic the expected test-time user edits. We supervise our model to translate the warped image into the ground truth, starting from a pretrained diffusion model. Our model design explicitly enables fine detail transfer from the source frame to the generated image, while closely following the user-specified layout. We show that by using simple segmentations and coarse 2D manipulations, we can synthesize a photorealistic edit faithful to the user’s input while addressing second-order effects like harmonizing the lighting and physical interactions between edited objects. Project page and code can be found at https://magic-fixup.github.io.",JournalArticle,English,magic_fixup_streamlining_photo_editing_by_watching_2024,,Citations: 42
SS-0100,API,Semantic Scholar,2026-09-22,Multiple queries (Q1-Q10),Learning to Generate 4D LiDAR Sequences,Ao Liang; Youquan Liu; Yu Yang; Dongyue Lu; Linfeng Li; Lingdong Kong; Huaici Zhao; W. Ooi,2025,arXiv.org,10.48550/arXiv.2509.11959,https://www.semanticscholar.org/paper/cacc4733b7ed3da21eff710bfe29ec8cbbc2ad7e,"While generative world models have advanced video and occupancy-based data synthesis, LiDAR generation remains underexplored despite its importance for accurate 3D perception. Extending generation to 4D LiDAR data introduces challenges in controllability, temporal stability, and evaluation. We present LiDARCrafter, a unified framework that converts free-form language into editable LiDAR sequences. Instructions are parsed into ego-centric scene graphs, which a tri-branch diffusion model transforms into object layouts, trajectories, and shapes. A range-image diffusion model generates the initial scan, and an autoregressive module extends it into a temporally coherent sequence. The explicit layout design further supports object-level editing, such as insertion or relocation. To enable fair assessment, we provide EvalSuite, a benchmark spanning scene-, object-, and sequence-level metrics. On nuScenes, LiDARCrafter achieves state-of-the-art fidelity, controllability, and temporal consistency, offering a foundation for LiDAR-based simulation and data augmentation.",JournalArticle,English,learning_to_generate_4d_lidar_sequences_2025,,Citations: 3
SS-0101,API,Semantic Scholar,2026-09-22,Multiple queries (Q1-Q10),PAVXploreRL: Physical-Action-Visual World Model Reinforcement Learning with Action Exploration,Hanyin Wang; Zijun Wang; Shuoshuo Xue; Rui Cao; Feng-Jiao Cheng; Xiaodan Liang; Roy Ka-Wei Lee,2026,arXiv.org,10.48550/arXiv.2607.16602,https://www.semanticscholar.org/paper/a9a5bd2a35bd1c52d9ae2067d4ffdfcb7ca448e2,"Action-conditioned world models are a key component of embodied AI, serving as scalable policy evaluators that reduce reliance on expensive real-world rollouts. To accurately capture diverse action-induced dynamics, such models should satisfy three key objectives-Physical Plausibility (P), Action Adherence (A), and Visual Fidelity (V), collectively referred to as PAV-while remaining robust to both in-distribution (ID) expert demonstrations and out-of-distribution (OOD) actions. However, existing methods primarily rely on ID action-video pairs and pixel-level reconstruction losses, which do not explicitly optimize PAV objectives and generalize poorly beyond expert data. To address this, we propose PAVXploreRL, a reinforcement learning framework built on a pretrained latent world model that explicitly optimizes PAV objectives through reward-driven training. To improve action generalization, our method jointly leverages ID trajectories and noise-driven OOD action exploration, without paired video supervision. Experiments show that PAVXploreRL consistently outperforms pretrained baselines, achieving a 5.6% average gain across benchmarks and producing higher-quality PAV properties. As a policy evaluator, it also yields more reliable performance estimates and reduces the overestimation bias of prior expert-only world models such as Ctrl-World. Code: https://github.com/Social-AI-Studio/PAVXploreRL",JournalArticle,English,pavxplorerl_physicalactionvisual_world_model_reinforcement_learning_with_2026,,Citations: 0
SS-0102,API,Semantic Scholar,2026-09-22,Multiple queries (Q1-Q10),World Models for Health Management Decision-Making: a Modality-Independent Pre-Trainable Foundation Model-Based Multimodal Reinforcement Learning,Tsuyoshi Okita,2026,International Conference on Activity and Behavior Computing,10.1109/ABC68169.2026.11567338,https://www.semanticscholar.org/paper/57b067bf7bf88343f782a529aa685c4e63387b55,"This paper proposes a hierarchical reinforcement learning framework that integrates multimodal information. The proposed method combines a pretrained CLIP visual encoder with numerically stabilized Slot Attention to extract object-centric representations from video frames. Furthermore, we apply independent Flow Matching modules to each of the four modalities-state, vision, language, and reward-and integrate them through a Fourier Neural Operator (FNO) guidance mechanism. Language-grounded reward shaping is achieved through mission interpretation using a large language model (LLM) and dynamic phrase generation from observations. By incorporating Differentiable Neural Computer (DNC) memory, the framework enables learning of long-term dependencies. The framework further integrates an RSSM-based world model that learns physiological dynamics in a latent space, enabling imagination-based policy optimization and KL-divergence-driven anomaly detection, as demonstrated through a wearable-sensor-based health management application on the PAMAP2 dataset. In video-text learning experiments on the MSR-VTT dataset, our numerical stabilization techniques reduced the NaN occurrence rate from $\mathbf{2 3. 5 \%}$ to 0 %. Comprehensive evaluation across 31 experimental configurations in MiniGrid environments demonstrated success rates of 93.0 % on MultiRoom-N4-S4 and 94.0 % on N2-S4, representing improvements of up to 45 % compared to standard PPO.","JournalArticle, Conference",English,world_models_for_health_management_decisionmaking_a_2026,,Citations: 0
SS-0103,API,Semantic Scholar,2026-09-22,Multiple queries (Q1-Q10),Kuramoto Object-Centric Reinforcement Learning for Robotic Manipulation Tasks,L. Ugadiarov; Aleksandr Panov,2026,Technologies,10.3390/technologies14050266,https://www.semanticscholar.org/paper/ca62bb94db90cdcbc77e5c8fa1ea5f4b3e2540f8,"Model-based reinforcement learning (MBRL) is a promising approach for achieving high sample efficiency in learning control policies. The existing world models in MBRL typically represent the environment’s state as a single global latent vector. However, such representations limit the model’s ability to capture object interactions and reason about individual objects—capabilities that are critical for visual object-oriented tasks—and may lead to lower sample efficiency. To address this limitation, we propose Kuramoto Object-Centric Reinforcement Learning (KORL), a model-based agent that learns an object-centric world model. Our approach introduces a novel Kuramoto Slot Attention for Video (KSAVi) model that integrates Kuramoto oscillatory neurons with the Slot Attention module to robustly extract object representations. We design a world model that leverages these structured object-centric latents and predicts dynamics using graph neural networks, thereby incorporating an inductive bias for modeling object interactions. We evaluate KORL on a suite of visually diverse object-oriented robotic manipulation tasks and demonstrate that our method outperforms object-centric model-free and model-based approaches.",JournalArticle,English,kuramoto_objectcentric_reinforcement_learning_for_robotic_manipulation_2026,,Citations: 0
SS-0104,API,Semantic Scholar,2026-09-22,Multiple queries (Q1-Q10),Reinforcement Learning with Action-Free Pre-Training from Videos,Younggyo Seo; Kimin Lee; Stephen James; P. Abbeel,2022,International Conference on Machine Learning,10.48550/arXiv.2203.13880,https://www.semanticscholar.org/paper/1c35807e1a4c24e2013fa0a090cee9cc4716a5f5,"Recent unsupervised pre-training methods have shown to be effective on language and vision domains by learning useful representations for multiple downstream tasks. In this paper, we investigate if such unsupervised pre-training methods can also be effective for vision-based reinforcement learning (RL). To this end, we introduce a framework that learns representations useful for understanding the dynamics via generative pre-training on videos. Our framework consists of two phases: we pre-train an action-free latent video prediction model, and then utilize the pre-trained representations for efficiently learning action-conditional world models on unseen environments. To incorporate additional action inputs during fine-tuning, we introduce a new architecture that stacks an action-conditional latent prediction model on top of the pre-trained action-free prediction model. Moreover, for better exploration, we propose a video-based intrinsic bonus that leverages pre-trained representations. We demonstrate that our framework significantly improves both final performances and sample-efficiency of vision-based RL in a variety of manipulation and locomotion tasks. Code is available at https://github.com/younggyoseo/apv.","JournalArticle, Conference",English,reinforcement_learning_with_actionfree_pretraining_from_videos_2022,,Citations: 159
SS-0105,API,Semantic Scholar,2026-09-22,Multiple queries (Q1-Q10),LaWM: Least Action World Models for Long-Horizon Physical Consistency from Visual Observations,Qi-Xin Xiao; Maani Ghaffari,2026,arXiv.org,10.48550/arXiv.2605.08279,https://www.semanticscholar.org/paper/22619446f26ddcd5b05fe63a76a0a544a8de68ed,"Learning predictive world models from visual observations is a core problem in embodied AI, with applications to model-based reinforcement learning and robotic planning. Existing latent world models typically generate future states with unconstrained neural transition functions, while modern video generation systems often prioritize perceptual plausibility or introduce physical structure through auxiliary losses, external guidance, or separate dynamics modules. As a result, long-horizon rollouts can remain weakly grounded in the physical principles that govern real dynamics, leading to compounding error, energy drift, and physically inconsistent futures. We propose Least Action World Models (LaWM), a latent world-modeling framework that operationalizes the Principle of Least Action in learned visual latent space: future rollouts are governed by a learned Lagrangian action functional rather than produced only by an unconstrained transition predictor. Our main technical realization is a latent variational integrator: LaWM encodes observations into learned generalized coordinates, learns a latent discrete Lagrangian over consecutive latent states, constructs a discrete action functional, and advances prediction by solving the corresponding discrete integration condition. Thus, physical structure is not merely used to score, regularize, or constrain a completed trajectory; it defines the latent transition rule itself. Because the transition is induced by a discrete variational principle, LaWM provides a structure-preserving bias for long-horizon visual prediction. Across physics-clean synthetic dynamics and embodied robot interaction benchmarks, LaWM improves physical invariance, background consistency, motion smoothness, and appearance and geometric prediction metrics over video-generation and world-model baselines.",JournalArticle,English,lawm_least_action_world_models_for_longhorizon_2026,,Citations: 1
SS-0106,API,Semantic Scholar,2026-09-22,Multiple queries (Q1-Q10),4DThinker: Thinking with 4D Imagery for Dynamic Spatial Understanding,Zhangquan Chen; Manyuan Zhang; Xinlei Yu; Xiang An; Bo Li; Xin Xie; Zidong Wang; Ming-Ze Sun; Shuang Chen; Hong-Yu Li; Xiaobin Hu; Ruqi Huang,2026,arXiv.org,10.48550/arXiv.2605.05997,https://www.semanticscholar.org/paper/052a65a0097bb15d9f20ce8fc15aa9b426dbad7e,"Dynamic spatial reasoning from monocular video is essential for bridging visual intelligence and the physical world, yet remains challenging for vision-language models (VLMs). Prior approaches either verbalize spatial-temporal reasoning entirely as text, which is inherently verbose and imprecise for complex dynamics, or rely on external geometric modules that increase inference complexity without fostering intrinsic model capability. In this paper, we present 4DThinker, the first framework that enables VLMs to""think with 4D""through dynamic latent mental imagery, i.e., internally simulating how scenes evolve within the continuous hidden space. Specifically, we first introduce a scalable, annotation-free data generation pipeline that synthesizes 4D reasoning data from raw videos. We then propose Dynamic-Imagery Fine-Tuning (DIFT), which jointly supervises textual tokens and 4D latents to ground the model in dynamic visual semantics. Building on this, 4D Reinforcement Learning (4DRL) further tackles complex reasoning tasks via outcome-based rewards, restricting policy gradients to text tokens to ensure stable optimization. Extensive experiments across multiple dynamic spatial reasoning benchmarks demonstrate that 4DThinker consistently outperforms strong baselines and offers a new perspective toward 4D reasoning in VLMs. Our code is available at https://github.com/zhangquanchen/4DThinker.",JournalArticle,English,4dthinker_thinking_with_4d_imagery_for_dynamic_2026,,Citations: 0
SS-0107,API,Semantic Scholar,2026-09-22,Multiple queries (Q1-Q10),Unmanned Surface Vehicle Navigation Under Disturbances: World Model Enhanced Reinforcement Learning,Kefan Jin; Zhe Liu; Jian Wang; Hesheng Wang,2025,IEEE/ASME transactions on mechatronics,10.1109/TMECH.2025.3552601,https://www.semanticscholar.org/paper/7206ffc3dddb43753f2e93ec17adcd46f60a46fd,"Rapidly developing deep reinforcement learning (DRL) methods are suited to address the increasingly complex task requirements of unmanned surface vehicles (USV) that traditional methods cannot resolve. However, current DRL methods fail to make full use of the USV dynamics characteristics and do not consider unknown external disturbances. This article presents a state prediction reinforcement learning (SPRL) framework, to enhance the robustness against disturbances in obstacle avoidance navigation tasks for USVs. A novel latent robust world model (LRWM) with double latent features is elaborated based on probabilistic graphical model (PGM) to learn the transition of the USV navigation and predict future latent features against disturbances. A motion feature is learned to capture the impact of environmental disturbances on USV dynamics, while a prediction feature is extracted to predict future motion states. The proposed SPRL method can provide both the actor and the critic with essential prior information, thereby facilitating its application to actor–critic-based DRL methods. We performed field experiments in a lagoon environment, demonstrating the proposed method's deployability on practical USV platforms and its effectiveness in obstacle avoidance navigation under unknown disturbances.",JournalArticle,English,unmanned_surface_vehicle_navigation_under_disturbances_world_2025,,Citations: 14
SS-0108,API,Semantic Scholar,2026-09-22,Multiple queries (Q1-Q10),DreamerAD: Efficient Reinforcement Learning via Latent World Model for Autonomous Driving,Pengxuan Yang; Yupeng Zheng; Deheng Qian; Zebin Xing; Qichao Zhang; Lin-Bo Wang; Yichen Zhang; Shao Guo; Zhongpu Xia; Qiangyu Chen; Junyu Han; Lingyun Xu; Yifeng Pan; Dong-Bin Zhao,2026,arXiv.org,10.48550/arXiv.2603.24587,https://www.semanticscholar.org/paper/518d905de002e75199a600e2d00629f1db83a78c,"We introduce DreamerAD, the first latent world model framework that enables efficient reinforcement learning for autonomous driving by compressing diffusion sampling from 100 steps to 1 - achieving 80x speedup while maintaining visual interpretability. Training RL policies on real-world driving data incurs prohibitive costs and safety risks. While existing pixel-level diffusion world models enable safe imagination-based training, they suffer from multi-step diffusion inference latency (2s/frame) that prevents high-frequency RL interaction. Our approach leverages denoised latent features from video generation models through three key mechanisms: (1) shortcut forcing that reduces sampling complexity via recursive multi-resolution step compression, (2) an autoregressive dense reward model operating directly on latent representations for fine-grained credit assignment, and (3) Gaussian vocabulary sampling for GRPO that constrains exploration to physically plausible trajectories. DreamerAD achieves 87.7 EPDMS on NavSim v2, establishing state-of-the-art performance and demonstrating that latent-space RL is effective for autonomous driving.",JournalArticle,English,dreamerad_efficient_reinforcement_learning_via_latent_world_2026,,Citations: 12
SS-0109,API,Semantic Scholar,2026-09-22,Multiple queries (Q1-Q10),PlaySlot: Learning Inverse Latent Dynamics for Controllable Object-Centric Video Prediction and Planning,Angel Villar-Corrales; Sven Behnke,2025,International Conference on Machine Learning,10.48550/arXiv.2502.07600,https://www.semanticscholar.org/paper/4c7a24e64d7184c277d33cd6b72a2d423df46a58,"Predicting future scene representations is a crucial task for enabling robots to understand and interact with the environment. However, most existing methods rely on videos and simulations with precise action annotations, limiting their ability to leverage the large amount of available unlabeled video data. To address this challenge, we propose PlaySlot, an object-centric video prediction model that infers object representations and latent actions from unlabeled video sequences. It then uses these representations to forecast future object states and video frames. PlaySlot allows the generation of multiple possible futures conditioned on latent actions, which can be inferred from video dynamics, provided by a user, or generated by a learned action policy, thus enabling versatile and interpretable world modeling. Our results show that PlaySlot outperforms both stochastic and object-centric baselines for video prediction across different environments. Furthermore, we show that our inferred latent actions can be used to learn robot behaviors sample-efficiently from unlabeled video demonstrations. Videos and code are available on https://play-slot.github.io/PlaySlot/.","JournalArticle, Conference",English,playslot_learning_inverse_latent_dynamics_for_controllable_2025,,Citations: 15
SS-0110,API,Semantic Scholar,2026-09-22,Multiple queries (Q1-Q10),Reinforcement Learning with Inverse Rewards for World Model Post-training,Yang Ye; Tianyu He; Shuo Yang; Jiang Bian,2025,arXiv.org,10.48550/arXiv.2509.23958,https://www.semanticscholar.org/paper/547360a8bac4e944aadb2d3be3eca0fc8ba1dbdc,"World models simulate dynamic environments, enabling agents to interact with diverse input modalities. Although recent advances have improved the visual quality and temporal consistency of video world models, their ability of accurately modeling human-specified actions remains under-explored. Reinforcement learning presents a promising approach for directly improving the suboptimal action-following capability of pre-trained models, assuming that an appropriate reward function can be defined. However, transferring reinforcement learning post-training methods to world model is impractical due to the prohibitive cost of large-scale preference annotations and the infeasibility of constructing rule-based video verifiers. To address this gap, we propose Reinforcement Learning with Inverse Rewards (RLIR), a post-training framework that derives verifiable reward signals by recovering input actions from generated videos using an Inverse Dynamics Model. By mapping high-dimensional video modality to a low-dimensional action space, RLIR provides an objective and verifiable reward for optimization via Group Relative Policy Optimization. Experiments across autoregressive and diffusion paradigms demonstrate 5-10% gains in action-following, up to 10% improvements in visual quality, and higher human preference scores, establishing RLIR as the first post-training method specifically designed to enhance action-following in video world models.",JournalArticle,English,reinforcement_learning_with_inverse_rewards_for_world_2025,,Citations: 11
SS-0111,API,Semantic Scholar,2026-09-22,Multiple queries (Q1-Q10),Think2Drive: Efficient Reinforcement Learning by Thinking in Latent World Model for Quasi-Realistic Autonomous Driving (in CARLA-v2),Qifeng Li; Xiaosong Jia; Shao-Bo Wang; Junchi Yan,2024,arXiv.org,10.48550/arXiv.2402.16720,https://www.semanticscholar.org/paper/4f1a59bec54c2bf66cd40b9b9cae486260c4862d,"Real-world autonomous driving (AD) especially urban driving involves many corner cases. The lately released AD simulator CARLA v2 adds 39 common events in the driving scene, and provide more quasi-realistic testbed compared to CARLA v1. It poses new challenge to the community and so far no literature has reported any success on the new scenarios in V2 as existing works mostly have to rely on specific rules for planning yet they cannot cover the more complex cases in CARLA v2. In this work, we take the initiative of directly training a planner and the hope is to handle the corner cases flexibly and effectively, which we believe is also the future of AD. To our best knowledge, we develop the first model-based RL method named Think2Drive for AD, with a world model to learn the transitions of the environment, and then it acts as a neural simulator to train the planner. This paradigm significantly boosts the training efficiency due to the low dimensional state space and parallel computing of tensors in the world model. As a result, Think2Drive is able to run in an expert-level proficiency in CARLA v2 within 3 days of training on a single A6000 GPU, and to our best knowledge, so far there is no reported success (100\% route completion)on CARLA v2. We also propose CornerCase-Repository, a benchmark that supports the evaluation of driving models by scenarios. Additionally, we propose a new and balanced metric to evaluate the performance by route completion, infraction number, and scenario density, so that the driving score could give more information about the actual driving performance.",JournalArticle,English,think2drive_efficient_reinforcement_learning_by_thinking_in_2024,,Citations: 60
SS-0112,API,Semantic Scholar,2026-09-22,Multiple queries (Q1-Q10),Leveraging World Model Disentanglement in Value-Based Multi-Agent Reinforcement Learning,Zhizun Wang; David Meger,2025,IEEE International Joint Conference on Neural Network,10.1109/IJCNN64981.2025.11228644,https://www.semanticscholar.org/paper/37e0a9126e15c9c77dbdc334762275020f0c3217,"In this paper, we propose a novel model-based multi-agent reinforcement learning approach named Value Decomposition Framework with Disentangled World Model to address the challenge of achieving a common goal of multiple agents interacting in the same environment with reduced sample complexity. Due to scalability and non-stationarity problems posed by multi-agent systems, model-free methods rely on a considerable number of samples for training. In contrast, we use a modularized world model, composed of action-conditioned, action-free, and static branches, to unravel the complicated environment dynamics. Our model produces imagined outcomes based on past experience, without sampling directly from the real environment. We employ variational auto-encoders and variational graph auto-encoders to learn the latent representations for the world model, which is merged with a value-based framework to predict the joint action-value function and optimize the overall training objective. Experimental results on StarCraft II micro-management, Multi-Agent MuJoCo, and Level-Based Foraging challenges demonstrate that our method achieves high sample efficiency and exhibits superior performance compared to other baselines across a wide range of multi-agent learning tasks.","JournalArticle, Conference",English,leveraging_world_model_disentanglement_in_valuebased_multiagent_2025,,Citations: 4
SS-0113,API,Semantic Scholar,2026-09-22,Multiple queries (Q1-Q10),Motus: A Unified Latent Action World Model,Hong-Zhe Bi; Heng-Kai Tan; Shenghao Xie; Zeyu Wang; Shu-He Huang; Hai-Tian Liu; Ruowen Zhao; Yao Feng; Chendong Xiang; Yinze Rong; Hongyang Zhao; Han-Yu Liu; Zhi-Zhong Su; Lei Ma; Hang Su; Jun Zhu,2025,arXiv.org,10.48550/arXiv.2512.13030,https://www.semanticscholar.org/paper/c9f926f18886a1e4107f91125aac209a4565bfa0,"While a general embodied agent must function as a unified system, current methods are built on isolated models for understanding, world modeling, and control. This fragmentation prevents unifying multimodal generative capabilities and hinders learning from large-scale, heterogeneous data. In this paper, we propose Motus, a unified latent action world model that leverages existing general pretrained models and rich, sharable motion information. Motus introduces a Mixture-of-Transformer (MoT) architecture to integrate three experts (i.e., understanding, video generation, and action) and adopts a UniDiffuser-style scheduler to enable flexible switching between different modeling modes (i.e., world models, vision-language-action models, inverse dynamics models, video generation models, and video-action joint prediction models). Motus further leverages the optical flow to learn latent actions and adopts a recipe with three-phase training pipeline and six-layer data pyramid, thereby extracting pixel-level""delta action""and enabling large-scale action pretraining. Experiments show that Motus achieves superior performance against state-of-the-art methods in both simulation (a +15% improvement over X-VLA and a +45% improvement over Pi0.5) and real-world scenarios(improved by +11~48%), demonstrating unified modeling of all functionalities and priors significantly benefits downstream robotic tasks.",JournalArticle,English,motus_a_unified_latent_action_world_model_2025,,Citations: 212
SS-0114,API,Semantic Scholar,2026-09-22,Multiple queries (Q1-Q10),Think2Drive: Efficient Reinforcement Learning by Thinking with Latent World Model for Autonomous Driving (in CARLA-V2),Qifeng Li; Xiaosong Jia; Shao-Bo Wang; Junchi Yan,2024,European Conference on Computer Vision,10.1007/978-3-031-72995-9_9,https://www.semanticscholar.org/paper/b65ebf81520ab639a1dd0e9f025011762236ce2f,,"JournalArticle, Conference",English,think2drive_efficient_reinforcement_learning_by_thinking_with_2024,,Citations: 90
SS-0115,API,Semantic Scholar,2026-09-22,Multiple queries (Q1-Q10),WorldRFT: Latent World Model Planning with Reinforcement Fine-Tuning for Autonomous Driving,Pengxuan Yang; Ben Lu; Zhong-Pu Xia; Chao Han; Yinfeng Gao; Teng Zhang; Kun Zhan; Xianpeng Lang; Yupeng Zheng; Qichao Zhang,2025,AAAI Conference on Artificial Intelligence,10.48550/arXiv.2512.19133,https://www.semanticscholar.org/paper/0838871d9d5f8dc6f41e901b4c09648ed554d2ee,"Latent World Models enhance scene representation through temporal self-supervised learning, presenting a perception annotation-free paradigm for end-to-end autonomous driving. However, the reconstruction-oriented representation learning tangles perception with planning tasks, leading to suboptimal optimization for planning. To address this challenge, we propose WorldRFT, a planning-oriented latent world model framework that aligns scene representation learning with planning via a hierarchical planning decomposition and local-aware interactive refinement mechanism, augmented by reinforcement learning fine-tuning (RFT) to enhance safety-critical policy performance. Specifically, WorldRFT integrates a vision-geometry foundation model to improve 3D spatial awareness, employs hierarchical planning task decomposition to guide representation optimization, and utilizes local-aware iterative refinement to derive a planning-oriented driving policy. Furthermore, we introduce Group Relative Policy Optimization (GRPO), which applies trajectory Gaussianization and collision-aware rewards to fine-tune the driving policy, yielding systematic improvements in safety. WorldRFT achieves state-of-the-art (SOTA) performance on both open-loop nuScenes and closed-loop NavSim benchmarks. On nuScenes, it reduces collision rates by 83% (0.30% → 0.05%). On NavSim, using camera-only sensors input, it attains competitive performance with the LiDAR-based SOTA method DiffusionDrive (87.8 vs. 88.1 PDMS).","JournalArticle, Conference",English,worldrft_latent_world_model_planning_with_reinforcement_2025,,Citations: 26
SS-0116,API,Semantic Scholar,2026-09-22,Multiple queries (Q1-Q10),SafeDojo: Safe Reinforcement Learning for VLA via Interactive World Model,Kai Tang; Peidong Jia; Zhong Chu; Ji-Xin Wu; Rui Ma; Jia-Jun Cao; Fangyuan Zhao; Si-Xiang Chen; Yichen Guo; Xiaowei Chi; Chunkai Fan; Kevin Zhang; Jin-Chang Xu; Fubing Yang; Weishi Mi; Xiao-Zhu Ju; Jian Tang; Shanghang Zhang,2026,arXiv.org,10.48550/arXiv.2606.20698,https://www.semanticscholar.org/paper/53f52a9076adae94a70024e04b14d1c841bb92c5,"Safe control is a prerequisite for real-world embodied intelligence, for which safe reinforcement learning has emerged as a promising paradigm. However, existing safe reinforcement learning methods either require costly real-world exploration or depend on hand-crafted safety functions. Neither scales to vision-language-action models deployed in open-world physical environments. We propose SafeDojo, the first model-based safe reinforcement learning framework for vision-language-action policies designed to learn safe actions through world model-based imagination. Specifically, SafeDojo performs online reinforcement learning on top of an interactive video world model. The world model generates action-conditioned future predictions, from which a tailored ResNet success classifier estimates per-step task progress from imagined frames and a lightweight safety head predicts per-step safety costs from latent context together with the proposed action chunk, enabling simultaneous assessment of task execution and trajectory safety. The decoupled task-reward and safety-cost signals are balanced through a Lagrangian-based constrained GRPO objective, enabling coordinated improvement of task success and safety under explicit constraints. On SafeLIBERO, SafeDojo achieves the best aggregate task success, safe success, and execution efficiency among inference-time safety, model-free RL, and model-based RL baselines, with the best average safe-success rate on both levels and an 8.25 percentage-point improvement over the strongest baseline on Level I. Real-world Franka deployment further shows the best average task and safe-success rates across five tasks. Our results position world model-based safe reinforcement learning as a scalable and generalizable path toward safe embodied intelligence.",JournalArticle,English,safedojo_safe_reinforcement_learning_for_vla_via_2026,,Citations: 3
SS-0117,API,Semantic Scholar,2026-09-22,Multiple queries (Q1-Q10),Learning Interactive World Model for Object-Centric Reinforcement Learning,Fan Feng; Phillip Lippe; Sara Magliacane,2025,Neural Information Processing Systems,10.48550/arXiv.2511.02225,https://www.semanticscholar.org/paper/bc80874a0829755613830f42ee248a52ffa35d86,"Agents that understand objects and their interactions can learn policies that are more robust and transferable. However, most object-centric RL methods factor state by individual objects while leaving interactions implicit. We introduce the Factored Interactive Object-Centric World Model (FIOC-WM), a unified framework that learns structured representations of both objects and their interactions within a world model. FIOC-WM captures environment dynamics with disentangled and modular representations of object interactions, improving sample efficiency and generalization for policy learning. Concretely, FIOC-WM first learns object-centric latents and an interaction structure directly from pixels, leveraging pre-trained vision encoders. The learned world model then decomposes tasks into composable interaction primitives, and a hierarchical policy is trained on top: a high level selects the type and order of interactions, while a low level executes them. On simulated robotic and embodied-AI benchmarks, FIOC-WM improves policy-learning sample efficiency and generalization over world-model baselines, indicating that explicit, modular interaction learning is crucial for robust control.",JournalArticle,English,learning_interactive_world_model_for_objectcentric_reinforcement_2025,,Citations: 11
SS-0118,API,Semantic Scholar,2026-09-22,Multiple queries (Q1-Q10),GAWM: Global-Aware World Model for Multi-Agent Reinforcement Learning,Zifeng Shi; Meiqin Liu; Senlin Zhang; Ronghao Zheng; Shan-Ling Dong; Ping Wei,2025,arXiv.org,10.48550/arXiv.2501.10116,https://www.semanticscholar.org/paper/66763e0426fff6d0d9c7cdb7e948f0c21d8fc1a3,"In recent years, Model-based Multi-Agent Reinforcement Learning (MARL) has demonstrated significant advantages over model-free methods in terms of sample efficiency by using independent environment dynamics world models for data sample augmentation. However, without considering the limited sample size, these methods still lag behind model-free methods in terms of final convergence performance and stability. This is primarily due to the world model's insufficient and unstable representation of global states in partially observable environments. This limitation hampers the ability to ensure global consistency in the data samples and results in a time-varying and unstable distribution mismatch between the pseudo data samples generated by the world model and the real samples. This issue becomes particularly pronounced in more complex multi-agent environments. To address this challenge, we propose a model-based MARL method called GAWM, which enhances the centralized world model's ability to achieve globally unified and accurate representation of state information while adhering to the CTDE paradigm. GAWM uniquely leverages an additional Transformer architecture to fuse local observation information from different agents, thereby improving its ability to extract and represent global state information. This enhancement not only improves sample efficiency but also enhances training stability, leading to superior convergence performance, particularly in complex and challenging multi-agent environments. This advancement enables model-based methods to be effectively applied to more complex multi-agent environments. Experimental results demonstrate that GAWM outperforms various model-free and model-based approaches, achieving exceptional performance in the challenging domains of SMAC.",JournalArticle,English,gawm_globalaware_world_model_for_multiagent_reinforcement_2025,,Citations: 9
SS-0119,API,Semantic Scholar,2026-09-22,Multiple queries (Q1-Q10),Learning from Reward-Free Offline Data: A Case for Planning with Latent Dynamics Models,Vlad Sobal; Wancong Zhang; Kynghyun Cho; Randall Balestriero; Tim G. J. Rudner; Yann LeCun,2025,Neural Information Processing Systems,10.48550/arXiv.2502.14819,https://www.semanticscholar.org/paper/b9eb8ba8467d4e8d50c41d4e66f96fa6ec173193,"A long-standing goal in AI is to develop agents capable of solving diverse tasks across a range of environments, including those never seen during training. Two dominant paradigms address this challenge: (i) reinforcement learning (RL), which learns policies via trial and error, and (ii) optimal control, which plans actions using a known or learned dynamics model. However, their comparative strengths in the offline setting - where agents must learn from reward-free trajectories - remain underexplored. In this work, we systematically evaluate RL and control-based methods on a suite of navigation tasks, using offline datasets of varying quality. On the RL side, we consider goal-conditioned and zero-shot methods. On the control side, we train a latent dynamics model using the Joint Embedding Predictive Architecture (JEPA) and employ it for planning. We investigate how factors such as data diversity, trajectory quality, and environment variability influence the performance of these approaches. Our results show that model-free RL benefits most from large amounts of high-quality data, whereas model-based planning generalizes better to unseen layouts and is more data-efficient, while achieving trajectory stitching performance comparable to leading model-free methods. Notably, planning with a latent dynamics model proves to be a strong approach for handling suboptimal offline data and adapting to diverse environments.",JournalArticle,English,learning_from_rewardfree_offline_data_a_case_2025,,Citations: 71
SS-0120,API,Semantic Scholar,2026-09-22,Multiple queries (Q1-Q10),MABL: Bi-Level Latent-Variable World Model for Sample-Efficient Multi-Agent Reinforcement Learning,Aravind Venugopal; Stephanie Milani; Fei Fang; Balaraman Ravindran,2023,Adaptive Agents and Multi-Agent Systems,10.5555/3635637.3663049,https://www.semanticscholar.org/paper/a9d22d8b95ec7f5528cb060d959d0f61aa420ca7,"Multi-agent reinforcement learning (MARL) methods often suffer from high sample complexity, limiting their use in real-world problems where data is sparse or expensive to collect. Although latent-variable world models have been employed to address this issue by generating abundant synthetic data for MARL training, most of these models cannot encode vital global information available during training into their latent states, which hampers learning efficiency. The few exceptions that incorporate global information assume centralized execution of their learned policies, which is impractical in many applications with partial observability. We propose a novel model-based MARL algorithm, MABL (Multi-Agent Bi-Level world model), that learns a bi-level latent-variable world model from high-dimensional inputs. Unlike existing models, MABL is capable of encoding essential global information into the latent states during training while guaranteeing the decentralized execution of learned policies. For each agent, MABL learns a global latent state at the upper level, which is used to inform the learning of an agent latent state at the lower level. During execution, agents exclusively use lower-level latent states and act independently. Crucially, MABL can be combined with any model-free MARL algorithm for policy learning. In our empirical evaluation with complex discrete and continuous multi-agent tasks including SMAC, Flatland, and MAMuJoCo, MABL surpasses SOTA multi-agent latent-variable world models in both sample efficiency and overall performance.","JournalArticle, Conference",English,mabl_bilevel_latentvariable_world_model_for_sampleefficient_2023,,Citations: 9
SS-0121,API,Semantic Scholar,2026-09-22,Multiple queries (Q1-Q10),Reinforcement Learning under Latent Dynamics: Toward Statistical and Algorithmic Modularity,P. Amortila; Dylan J. Foster; Nan Jiang; Akshay Krishnamurthy; Zakaria Mhammedi,2024,Neural Information Processing Systems,10.48550/arXiv.2410.17904,https://www.semanticscholar.org/paper/6d31f43247d9d8d9120d07c4f6dd41dd738fb266,"Real-world applications of reinforcement learning often involve environments where agents operate on complex, high-dimensional observations, but the underlying (''latent'') dynamics are comparatively simple. However, outside of restrictive settings such as small latent spaces, the fundamental statistical requirements and algorithmic principles for reinforcement learning under latent dynamics are poorly understood. This paper addresses the question of reinforcement learning under $\textit{general}$ latent dynamics from a statistical and algorithmic perspective. On the statistical side, our main negative result shows that most well-studied settings for reinforcement learning with function approximation become intractable when composed with rich observations; we complement this with a positive result, identifying latent pushforward coverability as a general condition that enables statistical tractability. Algorithmically, we develop provably efficient observable-to-latent reductions -- that is, reductions that transform an arbitrary algorithm for the latent MDP into an algorithm that can operate on rich observations -- in two settings: one where the agent has access to hindsight observations of the latent dynamics [LADZ23], and one where the agent can estimate self-predictive latent models [SAGHCB20]. Together, our results serve as a first step toward a unified statistical and algorithmic theory for reinforcement learning under latent dynamics.",JournalArticle,English,reinforcement_learning_under_latent_dynamics_toward_statistical_2024,,Citations: 6
SS-0122,API,Semantic Scholar,2026-09-22,Multiple queries (Q1-Q10),Mamba World Model for RL: Enhancing Long-term Memory in Model-based Reinforcement Learning,Mingcong Cao; Yuchen Huang; S. Gumussoy; Ümit Y. Ogras,2025,International Conference on Machine Learning and Applications,10.1109/ICMLA66185.2025.00094,https://www.semanticscholar.org/paper/d3eab0e4c1de5c61a7e37c965ab225c40353b4c3,"Model-based reinforcement learning (MBRL) has achieved strong results in numerous challenging domains with visual inputs. Its success relies on training a robust world model that not only captures the dynamics of the environment but also generates rich, imagined trajectories from minimal real-world interactions. Recurrent Neural Networks (RNNs) and Transformers are commonly used for such sequential learning tasks, but both have their drawbacks: RNNs suffer from poor long-term memory, while Transformers have O(n2) inference complexity and linearly growing KV cache, which can restrict their ability to handle long contexts effectively. We present a Mamba-based world model (MWM) that incorporates a novel entropy term to enhance sample efficiency. Our approach matches RNNs and Transformers in sample efficiency while supporting a longer history with O(1) inference complexity. The proposed MWM approach outperforms the Gated Recurrent Unit (GRU) and Transformer-based state-of-the-art techniques in the challenging Minigrid Memory task, showcasing its ability to capture long-term dependencies accurately. Moreover, our 19.7 million-parameter model performs on par with state-of-the-art methods on the Atari 100k benchmark while having lower training times than other PyTorch-based MBRL algorithms.","JournalArticle, Conference",English,mamba_world_model_for_rl_enhancing_longterm_2025,,Citations: 0
SS-0123,API,Semantic Scholar,2026-09-22,Multiple queries (Q1-Q10),Continual Visual Reinforcement Learning with A Life-Long World Model,Min-Ting Pan; Wendong Zhang; Geng Chen; Xiangming Zhu; Siyu Gao; Yun-Bo Wang; Xiaokang Yang,2023,ECML/PKDD,10.1007/978-3-032-06106-5_9,https://www.semanticscholar.org/paper/0518ecaada7166ff10e7064b49b737827b0105ee,"Learning physical dynamics in a series of non-stationary environments is a challenging but essential task for model-based reinforcement learning (MBRL) with visual inputs. It requires the agent to consistently adapt to novel tasks without forgetting previous knowledge. In this paper, we present a new continual learning approach for visual dynamics modeling and explore its efficacy in visual control. The key assumption is that an ideal world model can provide a non-forgetting environment simulator, which enables the agent to optimize the policy in a multi-task learning manner based on the imagined trajectories from the world model. To this end, we first introduce the life-long world model, which learns task-specific latent dynamics using a mixture of Gaussians and incorporates generative experience replay to mitigate catastrophic forgetting. Then, we further address the value estimation challenge for previous tasks with the exploratory-conservative behavior learning approach. Our model remarkably outperforms the straightforward combinations of existing continual learning and visual RL algorithms on DeepMind Control Suite and Meta-World benchmarks with continual visual control tasks.",JournalArticle,English,continual_visual_reinforcement_learning_with_a_lifelong_2023,,Citations: 6
SS-0124,API,Semantic Scholar,2026-09-22,Multiple queries (Q1-Q10),Disentangled World Models: Learning to Transfer Semantic Knowledge from Distracting Videos for Reinforcement Learning,Qi Wang; Zhipeng Zhang; Baao Xie; Xin Jin; Yun-Bo Wang; Shiyu Wang; Liao-Mo Zheng; Xiaokang Yang; Wenjun Zeng,2025,IEEE International Conference on Computer Vision,10.1109/ICCV51701.2025.00250,https://www.semanticscholar.org/paper/0aefae99e10281f7f64e7100b8da572ba4351d82,"Training visual reinforcement learning (RL) in practical scenarios presents a significant challenge, i.e., RL agents suffer from low sample efficiency in environments with variations. While various approaches have attempted to alleviate this issue by disentangled representation learning, these methods usually start learning from scratch without prior knowledge of the world. This paper, in contrast, tries to learn and understand underlying semantic variations from distracting videos via offline-to-online latent distillation and flexible disentanglement constraints. To enable effective cross-domain semantic knowledge transfer, we introduce an interpretable model-based $R L$ framework, dubbed Disentangled World Models (DisWM). Specifically, we pretrain the action-free video prediction model offline with disentanglement regularization to extract semantic knowledge from distracting videos. The disentanglement capability of the pretrained model is then transferred to the world model through latent distillation. For finetuning in the online environment, we exploit the knowledge from the pretrained model and introduce a disentanglement constraint to the world model. During the adaptation phase, the incorporation of actions and rewards from online environment interactions enriches the diversity of the data, which in turn strengthens the disentangled representation learning. Experimental results validate the superiority of our approach on various benchmarks.","JournalArticle, Conference",English,disentangled_world_models_learning_to_transfer_semantic_2025,,Citations: 10
SS-0125,API,Semantic Scholar,2026-09-22,Multiple queries (Q1-Q10),Video-Enhanced Offline Reinforcement Learning: A Model-Based Approach,Min-Ting Pan; Yitao Zheng; Jiajian Li; Yun-Bo Wang; Xiaokang Yang,2025,International Conference on Machine Learning,10.48550/arXiv.2505.06482,https://www.semanticscholar.org/paper/ad258b6e72e9c70418dd7c58026d4d0cf66a5fca,"Offline reinforcement learning (RL) enables policy optimization using static datasets, avoiding the risks and costs of extensive real-world exploration. However, it struggles with suboptimal offline behaviors and inaccurate value estimation due to the lack of environmental interaction. We present Video-Enhanced Offline RL (VeoRL), a model-based method that constructs an interactive world model from diverse, unlabeled video data readily available online. Leveraging model-based behavior guidance, our approach transfers commonsense knowledge of control policy and physical dynamics from natural videos to the RL agent within the target domain. VeoRL achieves substantial performance gains (over 100% in some cases) across visual control tasks in robotic manipulation, autonomous driving, and open-world video games.","JournalArticle, Conference",English,videoenhanced_offline_reinforcement_learning_a_modelbased_approach_2025,,Citations: 1
SS-0126,API,Semantic Scholar,2026-09-22,Multiple queries (Q1-Q10),medDreamer: Model-Based Reinforcement Learning with Latent Imagination on Complex EHRs for Clinical Decision Support,Qianyi Xu; Gousia Habib; Feng Wu; Dilruk Perera; Mengling Feng,2025,Knowledge Discovery and Data Mining,10.1145/3770854.3780292,https://www.semanticscholar.org/paper/ab5acad2b6ff5ab93c0fc35b95a7a203ad28caad,"Timely and personalized treatment decisions are essential across a wide range of healthcare settings where patient responses can vary significantly and evolve over time. Clinical data used to support these treatment decisions are often irregularly sampled, where missing data frequencies may implicitly convey information about the patient's condition. Existing Reinforcement Learning (RL) based clinical decision support systems often ignore the missing patterns and distort them with coarse discretization and simple imputation. They are also predominantly model-free and largely depend on retrospective data, which could lead to insufficient exploration and bias by historical behaviors. To address these limitations, we propose medDreamer, a novel model-based reinforcement learning framework for personalized treatment recommendation. medDreamer contains a world model with an Adaptive Feature Integration module that simulates latent patient states from irregular data and a two-phase policy trained on a hybrid of real and imagined trajectories. This enables learning optimal policies that go beyond the sub-optimality of historical clinical decisions, while remaining close to real clinical data. We evaluate medDreamer on both sepsis and mechanical ventilation treatment tasks using two large-scale Electronic Health Records (EHRs) datasets. Comprehensive evaluations show that medDreamer significantly outperforms model-free and model-based baselines in both clinical outcomes and off-policy metrics.","Book, JournalArticle, Conference",English,meddreamer_modelbased_reinforcement_learning_with_latent_imagination_2025,,Citations: 7
SS-0127,API,Semantic Scholar,2026-09-22,Multiple queries (Q1-Q10),PhysMaster: Mastering Physical Representation for Video Generation via Reinforcement Learning,Sihui Ji; Xi Chen; Xin Tao; Peng-Fei Wan; Heng-Shuang Zhao,2025,arXiv.org,10.48550/arXiv.2510.13809,https://www.semanticscholar.org/paper/945c5540583a8d9a5dd1712f8ceeec9b2b7ea1b7,"Video generation models nowadays are capable of generating visually realistic videos, but often fail to adhere to physical laws, limiting their ability to generate physically plausible videos and serve as''world models''. To address this issue, we propose PhysMaster, which captures physical knowledge as a representation for guiding video generation models to enhance their physics-awareness. Specifically, PhysMaster is based on the image-to-video task where the model is expected to predict physically plausible dynamics from the input image. Since the input image provides physical priors like relative positions and potential interactions of objects in the scenario, we devise PhysEncoder to encode physical information from it as an extra condition to inject physical knowledge into the video generation process. The lack of proper supervision on the model's physical performance beyond mere appearance motivates PhysEncoder to apply reinforcement learning with human feedback to physical representation learning, which leverages feedback from generation models to optimize physical representations with Direct Preference Optimization (DPO) in an end-to-end manner. PhysMaster provides a feasible solution for improving physics-awareness of PhysEncoder and thus of video generation, proving its ability on a simple proxy task and generalizability to wide-ranging physical scenarios. This implies that our PhysMaster, which unifies solutions for various physical processes via representation learning in the reinforcement learning paradigm, can act as a generic and plug-in solution for physics-aware video generation and broader applications.",JournalArticle,English,physmaster_mastering_physical_representation_for_video_generation_2025,,Citations: 11
SS-0128,API,Semantic Scholar,2026-09-22,Multiple queries (Q1-Q10),TD-JEPA: Latent-predictive Representations for Zero-Shot Reinforcement Learning,M. Bagatella; Matteo Pirotta; Ahmed Touati; A. Lazaric; Andrea Tirinzoni,2025,arXiv.org,10.48550/arXiv.2510.00739,https://www.semanticscholar.org/paper/eadaa117433e9083d45105ba07bb0d1dddf9e0ad,"Latent prediction--where agents learn by predicting their own latents--has emerged as a powerful paradigm for training general representations in machine learning. In reinforcement learning (RL), this approach has been explored to define auxiliary losses for a variety of settings, including reward-based and unsupervised RL, behavior cloning, and world modeling. While existing methods are typically limited to single-task learning, one-step prediction, or on-policy trajectory data, we show that temporal difference (TD) learning enables learning representations predictive of long-term latent dynamics across multiple policies from offline, reward-free transitions. Building on this, we introduce TD-JEPA, which leverages TD-based latent-predictive representations into unsupervised RL. TD-JEPA trains explicit state and task encoders, a policy-conditioned multi-step predictor, and a set of parameterized policies directly in latent space. This enables zero-shot optimization of any reward function at test time. Theoretically, we show that an idealized variant of TD-JEPA avoids collapse with proper initialization, and learns encoders that capture a low-rank factorization of long-term policy dynamics, while the predictor recovers their successor features in latent space. Empirically, TD-JEPA matches or outperforms state-of-the-art baselines on locomotion, navigation, and manipulation tasks across 13 datasets in ExoRL and OGBench, especially in the challenging setting of zero-shot RL from pixels.",JournalArticle,English,tdjepa_latentpredictive_representations_for_zeroshot_reinforcement_learning_2025,,Citations: 14
SS-0129,API,Semantic Scholar,2026-09-22,Multiple queries (Q1-Q10),Accelerating Model-Based Reinforcement Learning with State-Space World Models,Maria Krinner; Elie Aljalbout; Angel Romero; Davide Scaramuzza,2025,arXiv.org,10.48550/arXiv.2502.20168,https://www.semanticscholar.org/paper/6d8f165d6fdcf175c54870225703a03a4fe417d4,"Reinforcement learning (RL) is a powerful approach for robot learning. However, model-free RL (MFRL) requires a large number of environment interactions to learn successful control policies. This is due to the noisy RL training updates and the complexity of robotic systems, which typically involve highly non-linear dynamics and noisy sensor signals. In contrast, model-based RL (MBRL) not only trains a policy but simultaneously learns a world model that captures the environment's dynamics and rewards. The world model can either be used for planning, for data collection, or to provide first-order policy gradients for training. Leveraging a world model significantly improves sample efficiency compared to model-free RL. However, training a world model alongside the policy increases the computational complexity, leading to longer training times that are often intractable for complex real-world scenarios. In this work, we propose a new method for accelerating model-based RL using state-space world models. Our approach leverages state-space models (SSMs) to parallelize the training of the dynamics model, which is typically the main computational bottleneck. Additionally, we propose an architecture that provides privileged information to the world model during training, which is particularly relevant for partially observable environments. We evaluate our method in several real-world agile quadrotor flight tasks, involving complex dynamics, for both fully and partially observable environments. We demonstrate a significant speedup, reducing the world model training time by up to 10 times, and the overall MBRL training time by up to 4 times. This benefit comes without compromising performance, as our method achieves similar sample efficiency and task rewards to state-of-the-art MBRL methods.",JournalArticle,English,accelerating_modelbased_reinforcement_learning_with_statespace_world_2025,,Citations: 16
SS-0130,API,Semantic Scholar,2026-09-22,Multiple queries (Q1-Q10),World-Gymnast: Training Robots with Reinforcement Learning in a World Model,Ansh Kumar Sharma; Y. Sun; Ning Lu; Yun-Zhe Zhang; Jiarao Liu; Sherry Yang,2026,arXiv.org,10.48550/arXiv.2602.02454,https://www.semanticscholar.org/paper/3859de96b3c95d8c814a6c850df29f1b97d0644d,"Robot learning from interacting with the physical world is fundamentally bottlenecked by the cost of physical interaction. The two alternatives, supervised finetuning (SFT) from expert demonstrations and reinforcement learning (RL) in a software-based simulator, are limited by the amount of expert data available and the sim-to-real gap for manipulation. With the recent emergence of world models learned from real-world video-action data, we ask the question of whether training a policy in a world model can be more effective than supervised learning or software simulation in achieving better real-robot performance. We propose World-Gymnast, which performs RL finetuning of a vision-language-action (VLA) policy by rolling out the policy in an action-conditioned video world model and rewarding the rollouts with a vision-language model (VLM). On the Bridge robot setup, World-Gymnast outperforms SFT by as much as 18x and outperforms software simulator by as much as 2x. More importantly, World-Gymnast demonstrates intriguing capabilities of RL with a world model, including training on diverse language instructions and novel scenes from the world model, test-time training in a novel scene, and online iterative world model and policy improvement. Our results suggest learning a world model and training robot policies in the cloud could be the key to bridging the gap between robots that work in demonstrations and robots that can work in anyone's household.",JournalArticle,English,worldgymnast_training_robots_with_reinforcement_learning_in_2026,,Citations: 24
SS-0131,API,Semantic Scholar,2026-09-22,Multiple queries (Q1-Q10),GigaBrain-0.5M*: a VLA That Learns From World Model-Based Reinforcement Learning,Boyuan Wang; Bo-Han Li; Chaojun Ni; Guan Huang; Guosheng Zhao; Hao Li; Jie Li; Jin Lv; Jingyue Liu; Lv Feng; Mingming Yu; Peng Li; Qiuping Deng; Tianze Liu; Xinyu Zhou; Xinze Chen; Xiao-Feng Wang; Yang Wang; Yi-Fan Li; Yifei Nie; Yi-Long Li; Yukun Zhou; Yun Ye; Zhi-Chao Liu; Zhengjia Zhu,2026,arXiv.org,10.48550/arXiv.2602.12099,https://www.semanticscholar.org/paper/734cbfee42c97463f52d52c95c5e03af2e6bd638,"Vision-language-action (VLA) models that directly predict multi-step action chunks from current observations face inherent limitations due to constrained scene understanding and weak future anticipation capabilities. In contrast, video world models pre-trained on web-scale video corpora exhibit robust spatiotemporal reasoning and accurate future prediction, making them a natural foundation for enhancing VLA learning. Therefore, we propose \textit{GigaBrain-0.5M*}, a VLA model trained via world model-based reinforcement learning. Built upon \textit{GigaBrain-0.5}, which is pre-trained on over 10,000 hours of robotic manipulation data, whose intermediate version currently ranks first on the international RoboChallenge benchmark. \textit{GigaBrain-0.5M*} further integrates world model-based reinforcement learning via \textit{RAMP} (Reinforcement leArning via world Model-conditioned Policy) to enable robust cross-task adaptation. Empirical results demonstrate that \textit{RAMP} achieves substantial performance gains over the RECAP baseline, yielding improvements of approximately 30\% on challenging tasks including \texttt{Laundry Folding}, \texttt{Box Packing}, and \texttt{Espresso Preparation}. Critically, \textit{GigaBrain-0.5M$^*$} exhibits reliable long-horizon execution, consistently accomplishing complex manipulation tasks without failure as validated by real-world deployment videos on our \href{https://gigabrain05m.github.io}{project page}.",JournalArticle,English,gigabrain05m_a_vla_that_learns_from_world_2026,,Citations: 10
SS-0132,API,Semantic Scholar,2026-09-22,Multiple queries (Q1-Q10),BFM-Zero: A Promptable Behavioral Foundation Model for Humanoid Control Using Unsupervised Reinforcement Learning,Yitang Li; Zhengyi Luo; Tonghe Zhang; Cunxi Dai; A. Kanervisto; Andrea Tirinzoni; Haoyang Weng; Kris Kitani; Mateusz Guzek; Ahmed Touati; A. Lazaric; Matteo Pirotta; Guanya Shi,2025,arXiv.org,10.48550/arXiv.2511.04131,https://www.semanticscholar.org/paper/b84e1037ba26c74c980c51e1b2dfb32766918c3c,"Building Behavioral Foundation Models (BFMs) for humanoid robots has the potential to unify diverse control tasks under a single, promptable generalist policy. However, existing approaches are either exclusively deployed on simulated humanoid characters, or specialized to specific tasks such as tracking. We propose BFM-Zero, a framework that learns an effective shared latent representation that embeds motions, goals, and rewards into a common space, enabling a single policy to be prompted for multiple downstream tasks without retraining. This well-structured latent space in BFM-Zero enables versatile and robust whole-body skills on a Unitree G1 humanoid in the real world, via diverse inference methods, including zero-shot motion tracking, goal reaching, and reward optimization, and few-shot optimization-based adaptation. Unlike prior on-policy reinforcement learning (RL) frameworks, BFM-Zero builds upon recent advancements in unsupervised RL and Forward-Backward (FB) models, which offer an objective-centric, explainable, and smooth latent representation of whole-body motions. We further extend BFM-Zero with critical reward shaping, domain randomization, and history-dependent asymmetric learning to bridge the sim-to-real gap. Those key design choices are quantitatively ablated in simulation. A first-of-its-kind model, BFM-Zero establishes a step toward scalable, promptable behavioral foundation models for whole-body humanoid control.",JournalArticle,English,bfmzero_a_promptable_behavioral_foundation_model_for_2025,,Citations: 55
SS-0133,API,Semantic Scholar,2026-09-22,Multiple queries (Q1-Q10),Exploring the Effect of Reinforcement Learning on Video Understanding: Insights from SEED-Bench-R1,Yi Chen; Yuying Ge; Rui Wang; Yi-Xiao Ge; Lu Qiu; Shan Ying; Xihui Liu,2025,arXiv.org,10.48550/arXiv.2503.24376,https://www.semanticscholar.org/paper/38ae4151a187cfe760f2ecd9176e7f778b7c8067,"Recent advancements in Chain of Thought (COT) generation have significantly improved the reasoning capabilities of Large Language Models (LLMs), with reinforcement learning (RL) emerging as an effective post-training approach. Multimodal Large Language Models (MLLMs) inherit this reasoning potential but remain underexplored in tasks requiring both perception and logical reasoning. To address this, we introduce SEED-Bench-R1, a benchmark designed to systematically evaluate post-training methods for MLLMs in video understanding. It includes intricate real-world videos and complex everyday planning tasks in the format of multiple-choice questions, requiring sophisticated perception and reasoning. SEED-Bench-R1 assesses generalization through a three-level hierarchy: in-distribution, cross-environment, and cross-environment-task scenarios, equipped with a large-scale training dataset with easily verifiable ground-truth answers. Using Qwen2-VL-Instruct-7B as a base model, we compare RL with supervised fine-tuning (SFT), demonstrating RL's data efficiency and superior performance on both in-distribution and out-of-distribution tasks, even outperforming SFT on general video understanding benchmarks like LongVideoBench. Our detailed analysis reveals that RL enhances visual perception but often produces less logically coherent reasoning chains. We identify key limitations such as inconsistent reasoning and overlooked visual cues, and suggest future improvements in base model reasoning, reward modeling, and RL robustness against noisy signals.",JournalArticle,English,exploring_the_effect_of_reinforcement_learning_on_2025,,Citations: 25
SS-0134,API,Semantic Scholar,2026-09-22,Multiple queries (Q1-Q10),Robot Learning from a Physical World Model,Jiageng Mao; Sicheng He; Hao Wu; Yang You; Shuyang Sun; Zhicheng Wang; Yanan Bao; Huizhong Chen; Leonidas J. Guibas; V. Guizilini; Howard Zhou; Yue Wang,2025,arXiv.org,10.48550/arXiv.2511.07416,https://www.semanticscholar.org/paper/ff46a46dc583bfc8956e744bc01b613429a000ae,"We introduce PhysWorld, a framework that enables robot learning from video generation through physical world modeling. Recent video generation models can synthesize photorealistic visual demonstrations from language commands and images, offering a powerful yet underexplored source of training signals for robotics. However, directly retargeting pixel motions from generated videos to robots neglects physics, often resulting in inaccurate manipulations. PhysWorld addresses this limitation by coupling video generation with physical world reconstruction. Given a single image and a task command, our method generates task-conditioned videos and reconstructs the underlying physical world from the videos, and the generated video motions are grounded into physically accurate actions through object-centric residual reinforcement learning with the physical world model. This synergy transforms implicit visual guidance into physically executable robotic trajectories, eliminating the need for real robot data collection and enabling zero-shot generalizable robotic manipulation. Experiments on diverse real-world tasks demonstrate that PhysWorld substantially improves manipulation accuracy compared to previous approaches. Visit \href{https://pointscoder.github.io/PhysWorld_Web/}{the project webpage} for details.",JournalArticle,English,robot_learning_from_a_physical_world_model_2025,,Citations: 20
SS-0135,API,Semantic Scholar,2026-09-22,Multiple queries (Q1-Q10),Prototypical Context-Aware Dynamics for Generalization in Visual Control With Model-Based Reinforcement Learning,Junjie Wang; Qichao Zhang; Yao Mu; Dong Li; Dongbin Zhao; Yuzheng Zhuang; Ping Luo; Bin Wang; Jianye Hao,2024,IEEE Transactions on Industrial Informatics,10.1109/TII.2024.3396525,https://www.semanticscholar.org/paper/522d00dedb9c9f02072a2644756fb3448b2bfed8,"The latent world model, which efficiently represents high-dimensional observations within a latent space, has shown promise in reinforcement learning-based policies for visual control tasks. Due to a lack of clear environmental context comprehension, its applicability in a variety of contexts with unknown dynamics is constrained. We propose a prototypical contextaware dynamics (ProtoCAD) model to address this issue. This model captures local dynamics using temporally consistent latent contexts and aids generalization in visual control tasks. By grouping prototypes over historical experiences, ProtoCAD collects useful contextual information that improves model-based reinforcement learning dynamics generalization in two ways. First, to guarantee the consistency of prototype assignments for various temporal segments of the same latent trajectory, a temporally consistent prototypes regularizer is used. Then, a context representation is devised to combine the aggregated prototype with the projection embedding of latent states. According to extensive trials, ProtoCAD outperforms competing approaches in terms of dynamics generalization for visual robotic control and autonomous driving applications.",JournalArticle,English,prototypical_contextaware_dynamics_for_generalization_in_visual_2024,,Citations: 13
SS-0136,API,Semantic Scholar,2026-09-22,Multiple queries (Q1-Q10),Learning Multiple Probabilistic Decisions from Latent World Model in Autonomous Driving,Lingyu Xiao; Jiang-jiang Liu; Sen Yang; Xiaofan Li; Xiaoqing Ye; Wan-Kou Yang; Jingdong Wang,2024,IEEE International Conference on Robotics and Automation,10.1109/ICRA55743.2025.11127996,https://www.semanticscholar.org/paper/1d3b4e03bc85c07a6e1c9f78972514c617ffc04e,"The autoregressive world model exhibits robust generalization capabilities in vectorized scene understanding but encounters difficulties in deriving actions due to insufficient uncertainty modeling and self-delusion. In this paper, we explore the feasibility of deriving decisions from an autoregres-sive world model by addressing these challenges through the formulation of multiple probabilistic hypotheses. We propose LatentDriver, a framework models the environment's next states and the ego vehicle's possible actions as a mixture distribution, from which a deterministic control signal is then derived. By incorporating mixture modeling, the stochastic nature of decision-making is captured. Additionally, the self-delusion problem is mitigated by providing intermediate actions sampled from a distribution to the world model. Experimen-tal results on the recently released closed-loop benchmark Waymax demonstrate that LatentDriver surpasses state-of-the-art reinforcement learning and imitation learning methods, achieving expert-level performance. The code and models will be made available at https://github.com/Sephirex-X/LatentDriver.","JournalArticle, Conference",English,learning_multiple_probabilistic_decisions_from_latent_world_2024,,Citations: 12
SS-0137,API,Semantic Scholar,2026-09-22,Multiple queries (Q1-Q10),AdaWM: Adaptive World Model based Planning for Autonomous Driving,Hang Wang; Xin Ye; Feng Tao; Chenbin Pan; Abhirup Mallik; Burhaneddin Yaman; Liu Ren; Jun-Shan Zhang,2025,International Conference on Learning Representations,10.48550/arXiv.2501.13072,https://www.semanticscholar.org/paper/2d84fe2fd81ba7db3239cf9bbd7a35d5a248df73,"World model based reinforcement learning (RL) has emerged as a promising approach for autonomous driving, which learns a latent dynamics model and uses it to train a planning policy. To speed up the learning process, the pretrain-finetune paradigm is often used, where online RL is initialized by a pretrained model and a policy learned offline. However, naively performing such initialization in RL may result in dramatic performance degradation during the online interactions in the new task. To tackle this challenge, we first analyze the performance degradation and identify two primary root causes therein: the mismatch of the planning policy and the mismatch of the dynamics model, due to distribution shift. We further analyze the effects of these factors on performance degradation during finetuning, and our findings reveal that the choice of finetuning strategies plays a pivotal role in mitigating these effects. We then introduce AdaWM, an Adaptive World Model based planning method, featuring two key steps: (a) mismatch identification, which quantifies the mismatches and informs the finetuning strategy, and (b) alignment-driven finetuning, which selectively updates either the policy or the model as needed using efficient low-rank updates. Extensive experiments on the challenging CARLA driving tasks demonstrate that AdaWM significantly improves the finetuning process, resulting in more robust and efficient performance in autonomous driving systems.",JournalArticle,English,adawm_adaptive_world_model_based_planning_for_2025,,Citations: 25
SS-0138,API,Semantic Scholar,2026-09-22,Multiple queries (Q1-Q10),VQAThinker: Exploring Generalizable and Explainable Video Quality Assessment via Reinforcement Learning,Linhan Cao; Wei Sun; Weixia Zhang; Xiang-Yang Zhu; Jun Jia; Kaiwei Zhang; Dan-Dan Zhu; Guangtao Zhai; Xiongkuo Min,2025,AAAI Conference on Artificial Intelligence,10.48550/arXiv.2508.06051,https://www.semanticscholar.org/paper/e3149cb24bd0a8b5f0def83ce381a42b48ec8a52,"Video quality assessment (VQA) aims to objectively quantify perceptual quality degradation in alignment with human visual perception. Despite recent advances, existing VQA models still suffer from two critical limitations: poor generalization to out-of-distribution (OOD) videos and limited explainability, which restrict their applicability in real-world scenarios. To address these challenges, we propose VQAThinker, a reasoning-based VQA framework that leverages large multimodal models (LMMs) with reinforcement learning to jointly model video quality understanding and scoring, emulating human perceptual decision-making. Specifically, we adopt group relative policy optimization (GRPO), a rule-guided reinforcement learning algorithm that enables reasoning over video quality under score-level supervision, and introduce three VQA-specific rewards: (1) a bell-shaped regression reward that increases rapidly as the prediction error decreases and becomes progressively less sensitive near the ground truth; (2) a pairwise ranking reward that guides the model to correctly determine the relative quality between video pairs; and (3) a temporal consistency reward that encourages the model to prefer temporally coherent videos over their perturbed counterparts. Extensive experiments demonstrate that VQAThinker achieves state-of-the-art performance on both in-domain and OOD VQA benchmarks, showing strong generalization for video quality scoring. Furthermore, evaluations on video quality understanding tasks validate its superiority in distortion attribution and quality description compared to existing explainable VQA models and LMMs. These findings demonstrate that reinforcement learning offers an effective pathway toward building generalizable and explainable VQA models solely with score-level supervision.","JournalArticle, Conference",English,vqathinker_exploring_generalizable_and_explainable_video_quality_2025,,Citations: 15
SS-0139,API,Semantic Scholar,2026-09-22,Multiple queries (Q1-Q10),Hierarchical Latent Dynamics Model with Multiple Timescales for Learning Long-Horizon Tasks,Kentaro Fujii; Shingo Murata,2023,International Conference on Development and Learning,10.1109/ICDL55364.2023.10364442,https://www.semanticscholar.org/paper/403247c350d0d3e206087de15809261f5cc56809,"Long-horizon tasks require intelligent agents, such as robots, to handle both temporal uncertainty and temporal dependency. Although world models have shown promise for solving tasks across many domains, they often struggle with managing long context in tasks due to the limited representation ability of their latent dynamics models. To overcome this issue, we propose a novel hierarchical latent dynamics model that takes into account multiple-timescale dynamics. Specifically, our proposed model, called the “multiple timescale recurrent state-space model” (MTRSSM), comprises a higher level with slow dynamics and a lower level with fast dynamics, each incorporating both deterministic and stochastic latent states. We demonstrate, both quantitatively and qualitatively, that a world model with our proposed MTRSSM can generate superior video predictions for long-horizon robotic object-manipulation tasks through latent imagination compared with other baselines. Importantly, we emphasize the critical role of the higher level in effectively handling temporal uncertainty and temporal dependency in long-horizon tasks. These findings indicate that the proposed MTRSSM enables intelligent agents to acquire a better understanding of the environment and generate more accurate predictions, thereby facilitating their learning and planning of long-horizon tasks.","JournalArticle, Conference",English,hierarchical_latent_dynamics_model_with_multiple_timescales_2023,,Citations: 3
SS-0140,API,Semantic Scholar,2026-09-22,Multiple queries (Q1-Q10),Simplifying Latent Dynamics with Softly State-Invariant World Models,Tankred Saanum; Peter Dayan; Eric Schulz,2024,Neural Information Processing Systems,10.52202/079017-1212,https://www.semanticscholar.org/paper/40ff30ebca54dd0969a27a78b7d28e120318fd27,"To solve control problems via model-based reasoning or planning, an agent needs to know how its actions affect the state of the world. The actions an agent has at its disposal often change the state of the environment in systematic ways. However, existing techniques for world modelling do not guarantee that the effect of actions are represented in such systematic ways. We introduce the Parsimonious Latent Space Model (PLSM), a world model that regularizes the latent dynamics to make the effect of the agent's actions more predictable. Our approach minimizes the mutual information between latent states and the change that an action produces in the agent's latent state, in turn minimizing the dependence the state has on the dynamics. This makes the world model softly state-invariant. We combine PLSM with different model classes used for i) future latent state prediction, ii) planning, and iii) model-free reinforcement learning. We find that our regularization improves accuracy, generalization, and performance in downstream tasks, highlighting the importance of systematic treatment of actions in world models.",JournalArticle,English,simplifying_latent_dynamics_with_softly_stateinvariant_world_2024,,Citations: 11
SS-0141,API,Semantic Scholar,2026-09-22,Multiple queries (Q1-Q10),Distilling Reinforcement Learning Algorithms for In-Context Model-Based Planning,Jaehyeon Son; Soochan Lee; Gunhee Kim,2025,International Conference on Learning Representations,10.48550/arXiv.2502.19009,https://www.semanticscholar.org/paper/8b3107bbd2d02585a9ab36312a70128c2cfc72f3,"Recent studies have shown that Transformers can perform in-context reinforcement learning (RL) by imitating existing RL algorithms, enabling sample-efficient adaptation to unseen tasks without parameter updates. However, these models also inherit the suboptimal behaviors of the RL algorithms they imitate. This issue primarily arises due to the gradual update rule employed by those algorithms. Model-based planning offers a promising solution to this limitation by allowing the models to simulate potential outcomes before taking action, providing an additional mechanism to deviate from the suboptimal behavior. Rather than learning a separate dynamics model, we propose Distillation for In-Context Planning (DICP), an in-context model-based RL framework where Transformers simultaneously learn environment dynamics and improve policy in-context. We evaluate DICP across a range of discrete and continuous environments, including Darkroom variants and Meta-World. Our results show that DICP achieves state-of-the-art performance while requiring significantly fewer environment interactions than baselines, which include both model-free counterparts and existing meta-RL methods.",JournalArticle,English,distilling_reinforcement_learning_algorithms_for_incontext_modelbased_2025,,Citations: 13
SS-0142,API,Semantic Scholar,2026-09-22,Multiple queries (Q1-Q10),Constrained Latent Action Policies for Model-Based Offline Reinforcement Learning,Marvin Alles; Philip Becker-Ehmck; Patrick van der Smagt; Maximilian Karl,2024,Neural Information Processing Systems,10.52202/079017-2249,https://www.semanticscholar.org/paper/d319d19973a15c3e9e9dd6875720b4d7e73599fa,"In offline reinforcement learning, a policy is learned using a static dataset in the absence of costly feedback from the environment. In contrast to the online setting, only using static datasets poses additional challenges, such as policies generating out-of-distribution samples. Model-based offline reinforcement learning methods try to overcome these by learning a model of the underlying dynamics of the environment and using it to guide policy search. It is beneficial but, with limited datasets, errors in the model and the issue of value overestimation among out-of-distribution states can worsen performance. Current model-based methods apply some notion of conservatism to the Bellman update, often implemented using uncertainty estimation derived from model ensembles. In this paper, we propose Constrained Latent Action Policies (C-LAP) which learns a generative model of the joint distribution of observations and actions. We cast policy learning as a constrained objective to always stay within the support of the latent action distribution, and use the generative capabilities of the model to impose an implicit constraint on the generated actions. Thereby eliminating the need to use additional uncertainty penalties on the Bellman update and significantly decreasing the number of gradient steps required to learn a policy. We empirically evaluate C-LAP on the D4RL and V-D4RL benchmark, and show that C-LAP is competitive to state-of-the-art methods, especially outperforming on datasets with visual observations.",JournalArticle,English,constrained_latent_action_policies_for_modelbased_offline_2024,,Citations: 5
SS-0143,API,Semantic Scholar,2026-09-22,Multiple queries (Q1-Q10),Temporal Distance-aware Transition Augmentation for Offline Model-based Reinforcement Learning,Dong-Su Lee; Minhae Kwon,2025,International Conference on Machine Learning,10.48550/arXiv.2505.13144,https://www.semanticscholar.org/paper/9da58a29f476f560dda373976e820a369fba9568,"The goal of offline reinforcement learning (RL) is to extract a high-performance policy from the fixed datasets, minimizing performance degradation due to out-of-distribution (OOD) samples. Offline model-based RL (MBRL) is a promising approach that ameliorates OOD issues by enriching state-action transitions with augmentations synthesized via a learned dynamics model. Unfortunately, seminal offline MBRL methods often struggle in sparse-reward, long-horizon tasks. In this work, we introduce a novel MBRL framework, dubbed Temporal Distance-Aware Transition Augmentation (TempDATA), that generates augmented transitions in a temporally structured latent space rather than in raw state space. To model long-horizon behavior, TempDATA learns a latent abstraction that captures a temporal distance from both trajectory and transition levels of state space. Our experiments confirm that TempDATA outperforms previous offline MBRL methods and achieves matching or surpassing the performance of diffusion-based trajectory augmentation and goal-conditioned RL on the D4RL AntMaze, FrankaKitchen, CALVIN, and pixel-based FrankaKitchen.","JournalArticle, Conference",English,temporal_distanceaware_transition_augmentation_for_offline_modelbased_2025,,Citations: 8
SS-0144,API,Semantic Scholar,2026-09-22,Multiple queries (Q1-Q10),ViVa: A Video-Generative Value Model for Robot Reinforcement Learning,Jin Lv; Hao Li; Jie Li; Yifei Nie; Fankun Kong; Yang Wang; Xiaofeng Wang; Zheng Zhu; Chaojun Ni; Qiuping Deng; Heng-Tao Li; Jian-Cheng Lv; Guan Huang,2026,arXiv.org,10.48550/arXiv.2604.08168,https://www.semanticscholar.org/paper/d43a80f41a8c13954e38f38fb416a6fe9e26563d,"Vision-language-action (VLA) models have advanced robot manipulation through large-scale pretraining, but real-world deployment remains challenging due to partial observability and delayed feedback. Reinforcement learning addresses this via value functions, which assess task progress and guide policy improvement. However, existing value models built on vision-language models (VLMs) struggle to capture temporal dynamics and physical interactions, undermining reliable value estimation in long-horizon tasks. In this paper, we propose ViVa, a video-generative value model that repurposes a pretrained video generator to jointly predict future proprioception and a scalar value. By grounding value estimation in anticipated embodiment dynamics, ViVa leverages spatiotemporal priors to intrinsically couple value with foresight beyond static snapshots. ViVa achieves state-of-the-art results in metric-based evaluation across three tasks, producing reliable value signals that accurately track task progress and detect execution errors. Integrated into RECAP, it achieves an average success rate of 80%, highlighting the promise of video-generative models for value estimation.",JournalArticle,English,viva_a_videogenerative_value_model_for_robot_2026,,Citations: 12
SS-0145,API,Semantic Scholar,2026-09-22,Multiple queries (Q1-Q10),WMPO: World Model-based Policy Optimization for Vision-Language-Action Models,Fangqi Zhu; Zhengyang Yan; Zicong Hong; Quanxin Shou; Xiao Ma; Song Guo,2025,arXiv.org,10.48550/arXiv.2511.09515,https://www.semanticscholar.org/paper/d4c33afeb29d05c0c0e4e9e4c5daed53e9e1241a,"Vision-Language-Action (VLA) models have shown strong potential for general-purpose robotic manipulation, but their reliance on expert demonstrations limits their ability to learn from failures and perform self-corrections. Reinforcement learning (RL) addresses these through self-improving interactions with the physical environment, but suffers from high sample complexity on real robots. We introduce World-Model-based Policy Optimization (WMPO), a principled framework for on-policy VLA RL without interacting with the real environment. In contrast to widely used latent world models, WMPO focuses on pixel-based predictions that align the""imagined""trajectories with the VLA features pretrained with web-scale images. Crucially, WMPO enables the policy to perform on-policy GRPO that provides stronger performance than the often-used off-policy methods. Extensive experiments in both simulation and real-robot settings demonstrate that WMPO (i) substantially improves sample efficiency, (ii) achieves stronger overall performance, (iii) exhibits emergent behaviors such as self-correction, and (iv) demonstrates robust generalization and lifelong learning capabilities.",JournalArticle,English,wmpo_world_modelbased_policy_optimization_for_visionlanguageaction_2025,,Citations: 53
SS-0146,API,Semantic Scholar,2026-09-22,Multiple queries (Q1-Q10),Optimization of Pressure Management Strategies for Geological CO2 Sequestration Using Surrogate Model-based Reinforcement Learning,Jungang Chen; E. Gildin; Georgy Kompantsev,2024,International Journal of Greenhouse Gas Control,10.1016/j.ijggc.2024.104262,https://www.semanticscholar.org/paper/6f735766af56425ae57f75007ae89a529b9f16db,"Injecting greenhouse gas into deep underground reservoirs for permanent storage can inadvertently lead to fault reactivation, caprock fracturing and greenhouse gas leakage when the injection-induced stress exceeds the critical threshold. Extraction of pre-existing fluids at various stages of injection process, referred as pressure management, can mitigate associated risks and lessen environmental impact. However, identifying optimal pressure management strategies typically requires thousands of full-order simulations due to the need for function evaluations, making the process computationally prohibitive. This paper introduces a novel surrogate model-based reinforcement learning method for devising optimal pressure management strategies for geological CO2 sequestration efficiently. Our approach comprises two steps. Firstly, a surrogate model is developed through the embed to control method, which employs an encoder-transition-decoder structure to learn latent dynamics. Leveraging this proxy model, reinforcement learning is utilized to find an optimal strategy that maximizes economic benefits while satisfying various control constraints. The reinforcement learning agent receives the latent state space representation and immediate reward tailored for CO2 sequestration and choose real-time controls which are subject to predefined engineering constraints in order to maximize the long-term cumulative rewards. To demonstrate its effectiveness, this framework is applied to a compositional simulation model where CO2 is injected into saline aquifer. The results reveal that our surrogate model-based reinforcement learning approach significantly optimizes CO2 sequestration strategies, leading to notable economic gains compared to baseline scenarios.",JournalArticle,English,optimization_of_pressure_management_strategies_for_geological_2024,,Citations: 44
SS-0147,API,Semantic Scholar,2026-09-22,Multiple queries (Q1-Q10),Dynamics-Aligned Latent Imagination in Contextual World Models for Zero-Shot Generalization,F. Röder; Jan Benad; Manfred Eppe; P. Banerjee,2025,Neural Information Processing Systems,10.48550/arXiv.2508.20294,https://www.semanticscholar.org/paper/391cfbe8a2bccb6308cee7e16c547cb8780f1dd0,"Real-world reinforcement learning demands adaptation to unseen environmental conditions without costly retraining. Contextual Markov Decision Processes (cMDP) model this challenge, but existing methods often require explicit context variables (e.g., friction, gravity), limiting their use when contexts are latent or hard to measure. We introduce Dynamics-Aligned Latent Imagination (DALI), a framework integrated within the Dreamer architecture that infers latent context representations from agent-environment interactions. By training a self-supervised encoder to predict forward dynamics, DALI generates actionable representations conditioning the world model and policy, bridging perception and control. We theoretically prove this encoder is essential for efficient context inference and robust generalization. DALI's latent space enables counterfactual consistency: Perturbing a gravity-encoding dimension alters imagined rollouts in physically plausible ways. On challenging cMDP benchmarks, DALI achieves significant gains over context-unaware baselines, often surpassing context-aware baselines in extrapolation tasks, enabling zero-shot generalization to unseen contextual variations.",JournalArticle,English,dynamicsaligned_latent_imagination_in_contextual_world_models_2025,,Citations: 6
SS-0148,API,Semantic Scholar,2026-09-22,Multiple queries (Q1-Q10),Adapting World Models with Latent-State Dynamics Residuals,JB Lanier; Kyungmin Kim; Armin Karamzade; Yi-Fei Liu; Ankita Sinha; Kat He; Davide Corsi; Roy Fox,2025,arXiv.org,10.48550/arXiv.2504.02252,https://www.semanticscholar.org/paper/bae2080ec1114f266bf1fac48fdccc5c5fc9e0ca,"Simulation-to-reality reinforcement learning (RL) faces the critical challenge of reconciling discrepancies between simulated and real-world dynamics, which can severely degrade agent performance. A promising approach involves learning corrections to simulator forward dynamics represented as a residual error function, however this operation is impractical with high-dimensional states such as images. To overcome this, we propose ReDRAW, a latent-state autoregressive world model pretrained in simulation and calibrated to target environments through residual corrections of latent-state dynamics rather than of explicit observed states. Using this adapted world model, ReDRAW enables RL agents to be optimized with imagined rollouts under corrected dynamics and then deployed in the real world. In multiple vision-based MuJoCo domains and a physical robot visual lane-following task, ReDRAW effectively models changes to dynamics and avoids overfitting in low data regimes where traditional transfer methods fail.",JournalArticle,English,adapting_world_models_with_latentstate_dynamics_residuals_2025,,Citations: 6
SS-0149,API,Semantic Scholar,2026-09-22,Multiple queries (Q1-Q10),MERINA+: Improving Generalization for Neural Video Adaptation via Information-Theoretic Meta-Reinforcement Learning,Nuowen Kan; Chenglin Li; Yuan Jiang; Wenrui Dai; Junni Zou; Hongkai Xiong; Laura Toni,2026,IEEE transactions on circuits and systems for video technology (Print),10.1109/TCSVT.2025.3596636,https://www.semanticscholar.org/paper/04e2f5c1f6b2673d4b5a5189d9c7e6aaee9312d8,"Adaptive bitrate (ABR) streaming is a popular technique used to improve the quality of experience (QoE) for users who watch videos online, which, for example, can provide a smoother video playback by dynamically adjusting the requested video quality with associated bitrate according to the constrained yet diverse network conditions. Recently, learning-based ABR algorithms have achieved a notable performance gain with lower inference overhead than the conventional heuristic or model-based baselines. However, their performance may degrade significantly in an unseen network environment with time-varying and heterogeneous throughput dynamics. For a better generalization, in this paper, we propose a meta-reinforcement learning (meta-RL)-based neural ABR algorithm that is able to quickly adapt its policy to these unseen throughput dynamics. Specifically, we propose a model-free system framework comprising an inference network and a policy network. The inference network infers distribution of the latent representation for underlying dynamics based on the recent throughout context, while the policy network is trained to quickly adapt to the changing throughout dynamics with the sampled latent representation. To effectively learn the inference network and meta-policy on mixed dynamics of the practical ABR scenarios, we further design a variational information bottleneck theory-based loss function for training the inference and policy networks, whose objective is to strike a trade-off between brevity of the latent representation and expressiveness of the meta-policy. We also derive a theoretically necessary condition for the bitrate versions that yield higher long-term QoE, based on which a dynamic action pruning strategy is further developed for practical implementation. This pruning strategy can not only prevent unsafe policy outputs in midst of unseen throughput dynamics, but may also reduce the computational complexity of model-based ABR algorithms. Finally, the meta-training and meta-adaptation procedures of our proposed algorithm are implemented across a range of throughput dynamics. The empirical evaluations on various datasets containing real-world network traces verify that our algorithm surpasses the state-of-the-art ABR algorithms, particularly in terms of the average chunk QoE and fast adaptation across out-of-distribution throughput traces.",JournalArticle,English,merina_improving_generalization_for_neural_video_adaptation_2026,,Citations: 10
SS-0150,API,Semantic Scholar,2026-09-22,Multiple queries (Q1-Q10),Neural Motion Simulator Pushing the Limit of World Models in Reinforcement Learning,Chenjie Hao; Weyl Lu; Yifan Xu; Yubei Chen,2025,Computer Vision and Pattern Recognition,10.1109/CVPR52734.2025.02571,https://www.semanticscholar.org/paper/63df5f97fbfb22f438de2cc36f08967bdd73fd78,"An embodied system must not only model the patterns of the external world but also understand its own motion dynamics. A motion dynamic model is essential for efficient skill acquisition and effective planning. In this work, we introduce the neural motion simulator (MoSim), a world model that predicts the future physical state of an embodied system based on current observations and actions. MoSim achieves state-of-the-art performance in physical state prediction and provides competitive performance across a range of downstream tasks. This works shows that when a world model is accurate enough and performs precise long-horizon predictions, it can facilitate efficient skill acquisition in imagined worlds and even enable zero-shot reinforcement learning. Furthermore, MoSim can transform any model-free reinforcement learning (RL) algorithm into a model-based approach, effectively decoupling physical environment modeling from RL algorithm development. This separation allows for independent advancements in RL algorithms and world modeling, significantly improving sample efficiency and enhancing generalization capabilities. Our findings highlight that world models for motion dynamics is a promising direction for developing more versatile and capable embodied systems.","JournalArticle, Conference",English,neural_motion_simulator_pushing_the_limit_of_2025,,Citations: 12
SS-0151,API,Semantic Scholar,2026-09-22,Multiple queries (Q1-Q10),Continual Reinforcement Learning by Planning with Online World Models,Zichen Liu; Guoji Fu; Chao Du; W. Lee; Min Lin,2025,International Conference on Machine Learning,10.48550/arXiv.2507.09177,https://www.semanticscholar.org/paper/8d1a5fd439dd67f8a16859566b12a35f705f7c83,"Continual reinforcement learning (CRL) refers to a naturalistic setting where an agent needs to endlessly evolve, by trial and error, to solve multiple tasks that are presented sequentially. One of the largest obstacles to CRL is that the agent may forget how to solve previous tasks when learning a new task, known as catastrophic forgetting. In this paper, we propose to address this challenge by planning with online world models. Specifically, we learn a Follow-The-Leader shallow model online to capture the world dynamics, in which we plan using model predictive control to solve a set of tasks specified by any reward functions. The online world model is immune to forgetting by construction with a proven regret bound of $\mathcal{O}(\sqrt{K^2D\log(T)})$ under mild assumptions. The planner searches actions solely based on the latest online model, thus forming a FTL Online Agent (OA) that updates incrementally. To assess OA, we further design Continual Bench, a dedicated environment for CRL, and compare with several strong baselines under the same model-planning algorithmic framework. The empirical results show that OA learns continuously to solve new tasks while not forgetting old skills, outperforming agents built on deep world models with various continual learning techniques.","JournalArticle, Conference",English,continual_reinforcement_learning_by_planning_with_online_2025,,Citations: 12
SS-0152,API,Semantic Scholar,2026-09-22,Multiple queries (Q1-Q10),Learning Real-World Action-Video Dynamics with Heterogeneous Masked Autoregression,Lirui Wang; Kevin Zhao; Chaoqi Liu; Xinlei Chen,2025,arXiv.org,10.48550/arXiv.2502.04296,https://www.semanticscholar.org/paper/eb9e49e6e4c3ce04c511baae4d7475c3c56f2e11,"We propose Heterogeneous Masked Autoregression (HMA) for modeling action-video dynamics to generate high-quality data and evaluation in scaling robot learning. Building interactive video world models and policies for robotics is difficult due to the challenge of handling diverse settings while maintaining computational efficiency to run in real time. HMA uses heterogeneous pre-training from observations and action sequences across different robotic embodiments, domains, and tasks. HMA uses masked autoregression to generate quantized or soft tokens for video predictions. \ourshort achieves better visual fidelity and controllability than the previous robotic video generation models with 15 times faster speed in the real world. After post-training, this model can be used as a video simulator from low-level action inputs for evaluating policies and generating synthetic data. See this link https://liruiw.github.io/hma for more information.",JournalArticle,English,learning_realworld_actionvideo_dynamics_with_heterogeneous_masked_2025,,Citations: 22
SS-0153,API,Semantic Scholar,2026-09-22,Multiple queries (Q1-Q10),TeViR: Text-to-Video Reward With Diffusion Models for Efficient Reinforcement Learning,Yuhui Chen; Haoran Li; Zhen Jiang; Haowei Wen; Dongbin Zhao,2025,"IEEE Transactions on Systems, Man & Cybernetics. Systems",10.1109/TSMC.2025.3638818,https://www.semanticscholar.org/paper/efc028b1a397eeb46eb6b945faea536d068b752a,"Developing scalable and generalizable reward engineering for reinforcement learning (RL) is crucial for creating general-purpose agents, especially in the challenging domain of robotic manipulation. While recent advances in reward engineering with vision–language models (VLMs) have shown promise, their sparse reward nature significantly limits sample efficiency. This article introduces text-to-video reward (TeViR), a novel method that leverages a pretrained text-to-video diffusion model to generate dense rewards by comparing the predicted image sequence with current observations. Experimental results across 13 simulation and real-world robotic tasks demonstrate that TeViR outperforms traditional methods leveraging sparse rewards and other state-of-the-art (SOTA) methods, achieving better sample efficiency and performance without ground truth environmental rewards. TeViR’s ability to efficiently guide agents in complex environments highlights its potential to advance RL applications in robotic manipulation.",JournalArticle,English,tevir_texttovideo_reward_with_diffusion_models_for_2025,,Citations: 10
SS-0154,API,Semantic Scholar,2026-09-22,Multiple queries (Q1-Q10),Latent Reward: LLM-Empowered Credit Assignment in Episodic Reinforcement Learning,Yun Qu; Yuhang Jiang; Boyuan Wang; Yixiu Mao; Qi Cheems Wang; Chang Liu; Xiangyang Ji,2024,AAAI Conference on Artificial Intelligence,10.48550/arXiv.2412.11120,https://www.semanticscholar.org/paper/7a38224a0a3968fc174cf5f2f187667d24f78d67,"Reinforcement learning (RL) often encounters delayed and sparse feedback in real-world applications, even with only episodic rewards. Previous approaches have made some progress in reward redistribution for credit assignment but still face challenges, including training difficulties due to redundancy and ambiguous attributions stemming from overlooking the multifaceted nature of mission performance evaluation. Hopefully, Large Language Model (LLM) encompasses fruitful decision-making knowledge and provides a plausible tool for reward redistribution. Even so, deploying LLM in this case is non-trivial due to the misalignment between linguistic knowledge and the symbolic form requirement, together with inherent randomness and hallucinations in inference. To tackle these issues, we introduce LaRe, a novel LLM-empowered symbolic-based decision-making framework, to improve credit assignment. Key to LaRe is the concept of the Latent Reward, which works as a multi-dimensional performance evaluation, enabling more interpretable goal attainment from various perspectives and facilitating more effective reward redistribution. We examine that semantically generated code from LLM can bridge linguistic knowledge and symbolic latent rewards, as it is executable for symbolic objects. Meanwhile, we design latent reward self-verification to increase the stability and reliability of LLM inference. Theoretically, reward-irrelevant redundancy elimination in the latent reward benefits RL performance from more accurate reward estimation. Extensive experimental results witness that LaRe (i) achieves superior temporal credit assignment to SOTA methods, (ii) excels in allocating contributions among multiple agents, and (iii) outperforms policies trained with ground truth rewards for certain tasks.","JournalArticle, Conference",English,latent_reward_llmempowered_credit_assignment_in_episodic_2024,,Citations: 39
SS-0155,API,Semantic Scholar,2026-09-22,Multiple queries (Q1-Q10),Reinforcement World Model Learning for LLM-based Agents,Xiao Yu; Baolin Peng; Rui-Ze Xu; Yelong Shen; Pengcheng He; Suman Nath; Nikhil Singh; Jian Gao; Zhou Yu,2026,arXiv.org,10.48550/arXiv.2602.05842,https://www.semanticscholar.org/paper/22da573d32143122808ae537de027e4d7b99ce1f,"Large language models (LLMs) have achieved strong performance in language-centric tasks. However, in agentic settings, LLMs often struggle to anticipate action consequences and adapt to environment dynamics, highlighting the need for world-modeling capabilities in LLM-based agents. We propose Reinforcement World Model Learning (RWML), a self-supervised method that learns action-conditioned world models for LLM-based agents on textual states using sim-to-real gap rewards. Our method aligns simulated next states produced by the model with realized next states observed from the environment, encouraging consistency between internal world simulations and actual environment dynamics in a pre-trained embedding space. Unlike next-state token prediction, which prioritizes token-level fidelity (i.e., reproducing exact wording) over semantic equivalence and can lead to model collapse, our method provides a more robust training signal and is empirically less susceptible to reward hacking than LLM-as-a-judge. We evaluate our method on ALFWorld and $\tau^2$ Bench and observe significant gains over the base model, despite being entirely self-supervised. When combined with task-success rewards, our method outperforms direct task-success reward RL by 6.9 and 5.7 points on ALFWorld and $\tau^2$ Bench respectively, while matching the performance of expert-data training.",JournalArticle,English,reinforcement_world_model_learning_for_llmbased_agents_2026,,Citations: 15
SS-0156,API,Semantic Scholar,2026-09-22,Multiple queries (Q1-Q10),Fine-Grained Causal Dynamics Learning with Quantization for Improving Robustness in Reinforcement Learning,Inwoo Hwang; Yunhyeok Kwak; Suhyung Choi; Byoung-Tak Zhang; Sanghack Lee,2024,International Conference on Machine Learning,10.48550/arXiv.2406.03234,https://www.semanticscholar.org/paper/bebadf2e75bb9d79d488bbf2fb75364e4b8c0016,"Causal dynamics learning has recently emerged as a promising approach to enhancing robustness in reinforcement learning (RL). Typically, the goal is to build a dynamics model that makes predictions based on the causal relationships among the entities. Despite the fact that causal connections often manifest only under certain contexts, existing approaches overlook such fine-grained relationships and lack a detailed understanding of the dynamics. In this work, we propose a novel dynamics model that infers fine-grained causal structures and employs them for prediction, leading to improved robustness in RL. The key idea is to jointly learn the dynamics model with a discrete latent variable that quantizes the state-action space into subgroups. This leads to recognizing meaningful context that displays sparse dependencies, where causal structures are learned for each subgroup throughout the training. Experimental results demonstrate the robustness of our method to unseen states and locally spurious correlations in downstream tasks where fine-grained causal reasoning is crucial. We further illustrate the effectiveness of our subgroup-based approach with quantization in discovering fine-grained causal relationships compared to prior methods.","JournalArticle, Conference",English,finegrained_causal_dynamics_learning_with_quantization_for_2024,,Citations: 13
SS-0157,API,Semantic Scholar,2026-09-22,Multiple queries (Q1-Q10),Knowledge Retention for Continual Model-Based Reinforcement Learning,Y. Sun; Haotian Fu; Michael S. Littman; G. Konidaris,2025,arXiv.org,10.48550/arXiv.2503.04256,https://www.semanticscholar.org/paper/de8856e1755fdbbb9ba94e3a4d56628a0526ad8f,"We propose DRAGO, a novel approach for continual model-based reinforcement learning aimed at improving the incremental development of world models across a sequence of tasks that differ in their reward functions but not the state space or dynamics. DRAGO comprises two key components: Synthetic Experience Rehearsal, which leverages generative models to create synthetic experiences from past tasks, allowing the agent to reinforce previously learned dynamics without storing data, and Regaining Memories Through Exploration, which introduces an intrinsic reward mechanism to guide the agent toward revisiting relevant states from prior tasks. Together, these components enable the agent to maintain a comprehensive and continually developing world model, facilitating more effective learning and adaptation across diverse environments. Empirical evaluations demonstrate that DRAGO is able to preserve knowledge across tasks, achieving superior performance in various continual learning scenarios.",JournalArticle,English,knowledge_retention_for_continual_modelbased_reinforcement_learning_2025,,Citations: 9
SS-0158,API,Semantic Scholar,2026-09-22,Multiple queries (Q1-Q10),Pre-training Contextualized World Models with In-the-wild Videos for Reinforcement Learning,Jialong Wu; Haoyu Ma; Chao Deng; Mingsheng Long,2023,Neural Information Processing Systems,10.48550/arXiv.2305.18499,https://www.semanticscholar.org/paper/9314fa28ccb7308367efe704241944baf66534f4,"Unsupervised pre-training methods utilizing large and diverse datasets have achieved tremendous success across a range of domains. Recent work has investigated such unsupervised pre-training methods for model-based reinforcement learning (MBRL) but is limited to domain-specific or simulated data. In this paper, we study the problem of pre-training world models with abundant in-the-wild videos for efficient learning of downstream visual control tasks. However, in-the-wild videos are complicated with various contextual factors, such as intricate backgrounds and textured appearance, which precludes a world model from extracting shared world knowledge to generalize better. To tackle this issue, we introduce Contextualized World Models (ContextWM) that explicitly separate context and dynamics modeling to overcome the complexity and diversity of in-the-wild videos and facilitate knowledge transfer between distinct scenes. Specifically, a contextualized extension of the latent dynamics model is elaborately realized by incorporating a context encoder to retain contextual information and empower the image decoder, which encourages the latent dynamics model to concentrate on essential temporal variations. Our experiments show that in-the-wild video pre-training equipped with ContextWM can significantly improve the sample efficiency of MBRL in various domains, including robotic manipulation, locomotion, and autonomous driving. Code is available at this repository: https://github.com/thuml/ContextWM.",JournalArticle,English,pretraining_contextualized_world_models_with_inthewild_videos_2023,,Citations: 54
SS-0159,API,Semantic Scholar,2026-09-22,Multiple queries (Q1-Q10),iDiffODE: Learning Continuous-Time Latent Dynamics for Generative Spatiotemporal Modeling,S. Yeddula; Abhijeet Bhattacharya; Chen Jiang,2025,International Conference on Machine Learning and Applications,10.1109/ICMLA66185.2025.00194,https://www.semanticscholar.org/paper/43b9b9fc8adbf1d8381e9a6861685ca9fb621ee4,"Irregularly sampled time series are prevalent in domains such as healthcare, wearable sensing, and geospatial event monitoring. These datasets pose significant challenges for traditional time-series models, which assume uniform sampling and struggle with missing or delayed observations. In this work, we present iDiffODE, a novel continuous-time generative model that explicitly constructs smooth latent trajectories from irregular observations, enabling both accurate reconstruction and realistic simulation of multivariate system states. We evaluate our method on three representative datasets demonstrating consistent improvements over the existing methods. Our results demonstrate that iDiffODE and it’s model variants effectively learn continuous latent dynamics and generate time series data even under conditions of severe irregular sampling, positioning it as a highly promising solution for handling irregular time series data in the real world with enhanced generalizability. Github: https://github.com/Abhijeet399/iDiffODE","JournalArticle, Conference",English,idiffode_learning_continuoustime_latent_dynamics_for_generative_2025,,Citations: 0
SS-0160,API,Semantic Scholar,2026-09-22,Multiple queries (Q1-Q10),World-VLA-Loop: Closed-Loop Learning of Video World Model and VLA Policy,Xiaokang Liu; Ze-Chen Bai; Hai Ci; K. Ma; M. Shou,2026,arXiv.org,10.48550/arXiv.2602.06508,https://www.semanticscholar.org/paper/936122c1ae597d12187b6633e1d85806a0d4b3ab,"Reinforcement learning (RL) can refine Vision-Language-Action (VLA) policies beyond behavior cloning, but real-world RL remains expensive due to extensive rollouts, resets, supervision, and safety risks. Action-conditioned video world models offer an option to train in virtual environments, yet they exhibit imprecise action following, particularly on subtle near-success failures. Besides, they lack native reward signals for RL. Computing rewards based on inaccurate visual predictions remain unreliable. We introduce World-VLA-Loop, structured around two foundational designs and a higher-level co-evolving paradigm. We first curate SANS, dedicatedly mixing successful and near-success trajectories to improve action-outcome alignment. Then, we train a state-aware video world model that jointly predicts future frames and binary rewards from diffusion latents. It couples reward estimation to the generator rather than a separate module, and in turn, benefits visual prediction. Since VLA behavior shifts during RL, a fixed simulator can misalign with the updated policy, World-VLA-Loop therefore closes the loop by using the refined world model for iterative VLA post-training while feeding rollouts from each improved policy back to augment and fine-tune the world model. Across simulation and real-robot experiments, World-VLA-Loop substantially improves VLA performance while reducing reliance on costly physical interaction.",JournalArticle,English,worldvlaloop_closedloop_learning_of_video_world_model_2026,,Citations: 30
SS-0161,API,Semantic Scholar,2026-09-22,Multiple queries (Q1-Q10),CarDreamer: Open-Source Learning Platform for World-Model-Based Autonomous Driving,De-Chen Gao; Shuangyu Cai; Han-Chu Zhou; Hang Wang; Iman Soltani; Jun-Shan Zhang,2024,IEEE Internet of Things Journal,10.1109/JIOT.2024.3479088,https://www.semanticscholar.org/paper/5de56a818f2575dbf7b7fcbaa22b793a4178f90d,"To safely navigate intricate real-world scenarios, autonomous vehicles (AVs) must be able to adapt to diverse road conditions and anticipate future events. World model (WM)-based reinforcement learning (RL) has emerged as a promising approach by learning and predicting the complex dynamics of various environments. Nevertheless, to the best of our knowledge, there does not exist an open-source platform for training and testing such algorithms in complicated driving environments. To fill this void, we introduce CarDreamer, the first open-source learning platform designed specifically for developing and evaluating WM-based autonomous driving algorithms. It comprises a few key components, including 1) WM Backbone: CarDreamer has integrated some state-of-the-art WMs, which simplifies the reproduction of RL algorithms; 2) Built-In Tasks: CarDreamer offers a comprehensive set of highly configurable driving tasks which are compatible with gym interfaces and are equipped with empirically optimized reward functions; and 3) Task Development Suite: CarDreamer integrates a flexible task development suite to streamline the creation of driving tasks. This suite enables easy definition of traffic flows and vehicle routes, along with automatic collection of multimodal observation data. Furthermore, we conduct extensive experiments using built-in tasks to evaluate the performance and potential of WMs in autonomous driving. Thanks to the richness and flexibility of CarDreamer, we also systematically study the impact of observation modality, observability, and sharing of vehicle intentions on AV safety and efficiency. All code and documents are accessible on our GitHub page https://github.com/ucd-dare/CarDreamer.",JournalArticle,English,cardreamer_opensource_learning_platform_for_worldmodelbased_autonomous_2024,,Citations: 23
SS-0162,API,Semantic Scholar,2026-09-22,Multiple queries (Q1-Q10),Model-Based Reinforcement Learning for Control of Strongly Disturbed Unsteady Aerodynamic Flows,Zhe-Cheng Liu; D. Beckers; J. Eldredge,2024,AIAA Journal,10.2514/1.J064790,https://www.semanticscholar.org/paper/1ed00b921694331d480533e5710f002af6f6ca39,"The intrinsic high dimension of fluid dynamics is an inherent challenge to control of aerodynamic flows, and this is further complicated by a flow’s nonlinear response to strong disturbances. Deep reinforcement learning, which takes advantage of the exploratory aspects of reinforcement learning (RL) and the rich nonlinearity of a deep neural network, provides a promising approach to discover feasible control strategies. However, the typical model-free approach to reinforcement learning requires a significant amount of interaction between the flow environment and the RL agent during training, and this high training cost impedes its development and application. In this work, we propose a model-based reinforcement learning (MBRL) approach by incorporating a novel reduced-order model as a surrogate for the full environment. The model consists of a physics-augmented autoencoder, which compresses high-dimensional CFD flowfield snapshots into a three-dimensional latent space, and a latent dynamics model that is trained to accurately predict the long-time dynamics of trajectories in the latent space in response to action sequences. The accuracy and robustness of the model are demonstrated in the scenario of a pitching airfoil within a highly disturbed environment. Additionally, an application to a vertical-axis wind turbine in a disturbance-free environment is discussed in the Appendix. Based on the model trained in the pitching airfoil problem, we realize an MBRL strategy to mitigate lift variation during gust-airfoil encounters. We demonstrate that the policy learned in the reduced-order environment translates to an effective control strategy in the full CFD environment.",JournalArticle,English,modelbased_reinforcement_learning_for_control_of_strongly_2024,,Citations: 12
SS-0163,API,Semantic Scholar,2026-09-22,Multiple queries (Q1-Q10),Object-Centric World Models for Causality-Aware Reinforcement Learning,Yosuke Nishimoto; Takashi Matsubara,2025,AAAI Conference on Artificial Intelligence,10.48550/arXiv.2511.14262,https://www.semanticscholar.org/paper/16da3feb82151da3ae8a121d0cf08cb7077d7c2e,"World models have been developed to support sample-efficient deep reinforcement learning agents. However, it remains challenging for world models to accurately replicate environments that are high-dimensional, non-stationary, and composed of multiple objects with rich interactions since most world models learn holistic representations of all environmental components. By contrast, humans perceive the environment by decomposing it into discrete objects, facilitating efficient decision-making. Motivated by this insight, we propose Slot Transformer Imagination with CAusality-aware reinforcement learning (STICA), a unified framework in which object-centric Transformers serve as the world model and causality-aware policy and value networks. STICA represents each observation as a set of object-centric tokens, together with tokens for the agent action and the resulting reward, enabling the world model to predict token-level dynamics and interactions. The policy and value networks then estimate token-level cause--effect relations and use them in the attention layers, yielding causality-guided decision-making. Experiments on object-rich benchmarks demonstrate that STICA consistently outperforms state-of-the-art agents in both sample efficiency and final performance.","JournalArticle, Conference",English,objectcentric_world_models_for_causalityaware_reinforcement_learning_2025,,Citations: 4
SS-0164,API,Semantic Scholar,2026-09-22,Multiple queries (Q1-Q10),Owl-1: Omni World Model for Consistent Long Video Generation,Yuanhui Huang; Wenzhao Zheng; Yuan Gao; Xin Tao; Pengfei Wan; Di Zhang; Jie Zhou; Jiwen Lu,2024,arXiv.org,10.48550/arXiv.2412.09600,https://www.semanticscholar.org/paper/b688c1412bc861e59da2659ad4fe0e25a3f574d6,"Video generation models (VGMs) have received extensive attention recently and serve as promising candidates for general-purpose large vision models. While they can only generate short videos each time, existing methods achieve long video generation by iteratively calling the VGMs, using the last-frame output as the condition for the next-round generation. However, the last frame only contains short-term fine-grained information about the scene, resulting in inconsistency in the long horizon. To address this, we propose an Omni World modeL (Owl-1) to produce long-term coherent and comprehensive conditions for consistent long video generation. As videos are observations of the underlying evolving world, we propose to model the long-term developments in a latent space and use VGMs to film them into videos. Specifically, we represent the world with a latent state variable which can be decoded into explicit video observations. These observations serve as a basis for anticipating temporal dynamics which in turn update the state variable. The interaction between evolving dynamics and persistent state enhances the diversity and consistency of the long videos. Extensive experiments show that Owl-1 achieves comparable performance with SOTA methods on VBench-I2V and VBench-Long, validating its ability to generate high-quality video observations. Code: https://github.com/huang-yh/Owl.",JournalArticle,English,owl1_omni_world_model_for_consistent_long_2024,,Citations: 17
SS-0165,API,Semantic Scholar,2026-09-22,Multiple queries (Q1-Q10),Learning Hierarchical World Models with Adaptive Temporal Abstractions from Discrete Latent Dynamics,Christian Gumbsch; Noor Sajid; G. Martius; Martin Volker Butz,2024,International Conference on Learning Representations,,https://www.semanticscholar.org/paper/c262e1fe4e11d5e91222d03f824ee08ed327ba75,,JournalArticle,English,learning_hierarchical_world_models_with_adaptive_temporal_2024,,Citations: 35
SS-0166,API,Semantic Scholar,2026-09-22,Multiple queries (Q1-Q10),Robotic World Model: A Neural Network Simulator for Robust Policy Optimization in Robotics,Chen-Hao Li; Andreas Krause; Marco Hutter,2025,arXiv.org,10.48550/arXiv.2501.10100,https://www.semanticscholar.org/paper/5c0c62a4a5b7ab7ba4b86e848f9cdab4e699eb38,"Learning robust and generalizable world models is crucial for enabling efficient and scalable robotic control in real-world environments. In this work, we introduce a novel framework for learning world models that accurately capture complex, partially observable, and stochastic dynamics. The proposed method employs a dual-autoregressive mechanism and self-supervised training to achieve reliable long-horizon predictions without relying on domain-specific inductive biases, ensuring adaptability across diverse robotic tasks. We further propose a policy optimization framework that leverages world models for efficient training in imagined environments and seamless deployment in real-world systems. This work advances model-based reinforcement learning by addressing the challenges of long-horizon prediction, error accumulation, and sim-to-real transfer. By providing a scalable and robust framework, the introduced methods pave the way for adaptive and efficient robotic systems in real-world applications.",JournalArticle,English,robotic_world_model_a_neural_network_simulator_2025,,Citations: 57
SS-0167,API,Semantic Scholar,2026-09-22,Multiple queries (Q1-Q10),Knowledge Retention in Continual Model-Based Reinforcement Learning,Haotian Fu; Y. Sun; Michael S. Littman; G. Konidaris,2025,International Conference on Machine Learning,,https://www.semanticscholar.org/paper/0410942deba14df1cf37f3045ea6ddb788a674f7,,"JournalArticle, Conference",English,knowledge_retention_in_continual_modelbased_reinforcement_learning_2025,,Citations: 0
SS-0168,API,Semantic Scholar,2026-09-22,Multiple queries (Q1-Q10),RoboScape: Physics-informed Embodied World Model,Yu Shang; Xin Zhang; Yin-Zhou Tang; Lei Jin; Chen Gao; Wei Wu; Yong Li,2025,Neural Information Processing Systems,10.48550/arXiv.2506.23135,https://www.semanticscholar.org/paper/25d4708f2daad2b41ea902325186b115f8247bf5,"World models have become indispensable tools for embodied intelligence, serving as powerful simulators capable of generating realistic robotic videos while addressing critical data scarcity challenges. However, current embodied world models exhibit limited physical awareness, particularly in modeling 3D geometry and motion dynamics, resulting in unrealistic video generation for contact-rich robotic scenarios. In this paper, we present RoboScape, a unified physics-informed world model that jointly learns RGB video generation and physics knowledge within an integrated framework. We introduce two key physics-informed joint training tasks: temporal depth prediction that enhances 3D geometric consistency in video rendering, and keypoint dynamics learning that implicitly encodes physical properties (e.g., object shape and material characteristics) while improving complex motion modeling. Extensive experiments demonstrate that RoboScape generates videos with superior visual fidelity and physical plausibility across diverse robotic scenarios. We further validate its practical utility through downstream applications including robotic policy training with generated data and policy evaluation. Our work provides new insights for building efficient physics-informed world models to advance embodied intelligence research. The code is available at: https://github.com/tsinghua-fib-lab/RoboScape.",JournalArticle,English,roboscape_physicsinformed_embodied_world_model_2025,,Citations: 41
SS-0169,API,Semantic Scholar,2026-09-22,Multiple queries (Q1-Q10),Edge-Cloud Collaborative Streaming Video Analytics With Multi-Agent Deep Reinforcement Learning,Bin Qian; Yubo Xuan; Di Wu; Zhenyu Wen; Ren-Yu Yang; Shibo He; Jiming Chen; R. Ranjan,2025,IEEE Network,10.1109/MNET.2024.3398724,https://www.semanticscholar.org/paper/3a766ccf4a1aca13f5328f3c3205dac57b8de185,"Streaming video analytics focuses on the real-time analysis of streaming video data from multiple resources, such as security cameras, and IoT devices with video capabilities. It involves applications of various techniques to extract valuable information from live video streams. Edge computing and cloud computing facilitate video stream analytics by utilizing computation resources across both ends, enabling both high accuracy and low latency. However, video streaming behaviours are dynamic and constantly evolving across the edge and the cloud. The network conditions, computing resources, and video content can change rapidly, making it crucial to continuously adjust the analytics methods to provide accurate results. Previous works both based on deep neural networks (DNNs) or heuristic algorithms learn a suitable deployment plan for streaming video analytics applications from historical data or synthetic data and therefore are not able to capture the dynamics. Hence, we propose reinforcement learning-based methods that can adapt to ongoing changes in video streaming behaviours. To ensure the scalability of video analytics in distributed environments, we implement OsmoticGate2, a distributed streaming video analytics system that features optimized processing pipelines and multi-agent RL-based controllers for fast adapting the system configurations across the edge and the cloud. Experiments on a real testbed show that our method outperforms baselines, assuring real-time video analysis and high accuracy in dynamic and distributed environments.",JournalArticle,English,edgecloud_collaborative_streaming_video_analytics_with_multiagent_2025,,Citations: 22
SS-0170,API,Semantic Scholar,2026-09-22,Multiple queries (Q1-Q10),Learning Visual Representation for Autonomous Drone Navigation via a Contrastive World Model,Jiang Zhao; Yi-Bo Wang; Zhihao Cai; Ning-Jun Liu; Kun Wu; Ying-Xun Wang,2024,IEEE Transactions on Artificial Intelligence,10.1109/TAI.2023.3283488,https://www.semanticscholar.org/paper/d7b0ecfd49af85ff10a93ae879862751280e7fce,"Visuomotor policy learning for vision-based navigation tasks is still challenging and necessary for autonomous systems. Learning a task-specific policy from scratch simplifies the training pipeline while suffering from poor data efficiency and transfer ability. This problem intends to be more intractable under a low-data regime. In this work, we present a self-supervised representation learning architecture that incorporates Spatial and Temporal information via a Contrastive world model (STC) to extract image representation for vision-based navigation tasks. Specifically, STC leverages the dynamics transition model based on a recurrent neural network to construct a joint low-dimensional latent space for spatial and temporal representations. We simultaneously optimize all components of this architecture using a multiobjective contrastive training loss. The resulting pretrained encoder model acts as a standalone feature extractor to promote the policy learning procedure. We evaluate the final optimized visuomotor policy on both the simulated drone navigation environment and the out-of-domain dataset. Experimental results demonstrate that our proposed method outperforms task-specific and representative contrastive learning baselines in challenging complex visual environments with more than half the improvement in data efficiency and provides significant gains in learning speed as well as the final performance. Code and video are available at: https://github.com/yibow-wang/cwm4drone.",JournalArticle,English,learning_visual_representation_for_autonomous_drone_navigation_2024,,Citations: 14
SS-0171,API,Semantic Scholar,2026-09-22,Multiple queries (Q1-Q10),World4RL: Diffusion World Models for Policy Refinement With Reinforcement Learning for Robotic Manipulation,Zhen Jiang; Kai Liu; Yu-Xing Qin; Shuai Tian; Yupeng Zheng; Ming-Cai Zhou; Zhengtao Zhang; Chao Yu; Hao-Ran Li; Dong-Bin Zhao,2025,IEEE Robotics and Automation Letters,10.1109/LRA.2026.3728345,https://www.semanticscholar.org/paper/2083f2f7cf24d23793c0ba4495a407a4717f8db7,"Robotic manipulation policies are commonly initialized through imitation learning, but their performance is limited by the scarcity and narrow coverage of expert data. Reinforcement learning can refine policies to alleviate this limitation, yet real-robot training is costly and unsafe, while training in simulators suffers from the sim-to-real gap. Recent advances in generative models have demonstrated remarkable capabilities in real-world simulation, with diffusion models in particular excelling at generation. This raises the question of how diffusion model-based world models can be combined to enhance pre-trained policies in robotic manipulation. In this work, we propose World4RL, a two-stage system-level framework for robotic manipulation that uses a frozen diffusion visual world model as an imagined environment for reinforcement-learning-based policy refinement. Unlike prior works that primarily employ world models for planning, our framework enables direct end-to-end policy optimization. World4RL is designed around two principles: pre-training a diffusion world model that captures diverse dynamics on multi-task datasets and refining policies entirely within a frozen world model to avoid online real-world interactions. Extensive simulation and real-world experiments demonstrate that World4RL provides high-fidelity environment modeling and enables consistent policy refinement, yielding significantly higher success rates compared to imitation learning and other baselines.",JournalArticle,English,world4rl_diffusion_world_models_for_policy_refinement_2025,,Citations: 35
SS-0172,API,Semantic Scholar,2026-09-22,Multiple queries (Q1-Q10),Vista: A Generalizable Driving World Model with High Fidelity and Versatile Controllability,Shenyuan Gao; Jiazhi Yang; Li Chen; Kashyap Chitta; Yihang Qiu; Andreas Geiger; Jun Zhang; Hongyang Li,2024,Neural Information Processing Systems,10.48550/arXiv.2405.17398,https://www.semanticscholar.org/paper/ece57d6dcb7ee3e88d2ee94328badb5b41098744,"World models can foresee the outcomes of different actions, which is of paramount importance for autonomous driving. Nevertheless, existing driving world models still have limitations in generalization to unseen environments, prediction fidelity of critical details, and action controllability for flexible application. In this paper, we present Vista, a generalizable driving world model with high fidelity and versatile controllability. Based on a systematic diagnosis of existing methods, we introduce several key ingredients to address these limitations. To accurately predict real-world dynamics at high resolution, we propose two novel losses to promote the learning of moving instances and structural information. We also devise an effective latent replacement approach to inject historical frames as priors for coherent long-horizon rollouts. For action controllability, we incorporate a versatile set of controls from high-level intentions (command, goal point) to low-level maneuvers (trajectory, angle, and speed) through an efficient learning strategy. After large-scale training, the capabilities of Vista can seamlessly generalize to different scenarios. Extensive experiments on multiple datasets show that Vista outperforms the most advanced general-purpose video generator in over 70% of comparisons and surpasses the best-performing driving world model by 55% in FID and 27% in FVD. Moreover, for the first time, we utilize the capacity of Vista itself to establish a generalizable reward for real-world action evaluation without accessing the ground truth actions.",JournalArticle,English,vista_a_generalizable_driving_world_model_with_2024,,Citations: 380
SS-0173,API,Semantic Scholar,2026-09-22,Multiple queries (Q1-Q10),Improving Generalization for Neural Adaptive Video Streaming via Meta Reinforcement Learning,Nuowen Kan; Yuan Jiang; Chenglin Li; Wenrui Dai; Junni Zou; H. Xiong,2022,ACM Multimedia,10.1145/3503161.3548331,https://www.semanticscholar.org/paper/d4f7476d249521b7cd03a81dc5ad878d7fd8b64c,"In this paper, we present a meta reinforcement learning (Meta-RL)-based neural adaptive bitrate streaming (ABR) algorithm that is able to rapidly adapt its control policy to the changing network throughput dynamics. Specifically, to allow rapid adaptation, we discuss the necessity of detaching the inference of throughput dynamics with the universal control mechanism that is in essence shared by all potential throughput dynamics for neural ABR algorithms. To meta-learn the ABR policy, we then build up a model-free system framework, composed of a probabilistic latent encoder that infers the underlying dynamics from the recent throughput context, and a policy network that is conditioned on latent variable and learns to quickly adapt to new environments. Additionally, to address the difficulties caused by training the policy on mixed dynamics, on-policy RL (or imitation learning) algorithms are suggested for policy training, with a mutual information-based regularization to make the latent variable more informative about the policy. Finally, we implement our algorithm's meta-training and meta-adaptation procedures under a variety of throughput dynamics. Empirical evaluations on different QoE metrics and multiple datasets containing real-world network traces demonstrate that our algorithm outperforms state-of-the-art ABR algorithms, in terms of the performance on the average chunk QoE, consistency and fast adaptation across a wide range of throughput patterns.","Book, JournalArticle",English,improving_generalization_for_neural_adaptive_video_streaming_2022,,Citations: 53
SS-0174,API,Semantic Scholar,2026-09-22,Multiple queries (Q1-Q10),Model-Based Reinforcement Learning With Isolated Imaginations,Min-Ting Pan; Xiangming Zhu; Yitao Zheng; Yun-Bo Wang; Xiaokang Yang,2023,IEEE Transactions on Pattern Analysis and Machine Intelligence,10.1109/TPAMI.2023.3335263,https://www.semanticscholar.org/paper/f89465a8809b640fde405af305a48719ba371c50,"World models learn the consequences of actions in vision-based interactive systems. However, in practical scenarios like autonomous driving, noncontrollable dynamics that are independent or sparsely dependent on action signals often exist, making it challenging to learn effective world models. To address this issue, we propose Iso-Dream++, a model-based reinforcement learning approach that has two main contributions. First, we optimize the inverse dynamics to encourage the world model to isolate controllable state transitions from the mixed spatiotemporal variations of the environment. Second, we perform policy optimization based on the decoupled latent imaginations, where we roll out noncontrollable states into the future and adaptively associate them with the current controllable state. This enables long-horizon visuomotor control tasks to benefit from isolating mixed dynamics sources in the wild, such as self-driving cars that can anticipate the movement of other vehicles, thereby avoiding potential risks. On top of our previous work (Pan et al. 2022), we further consider the sparse dependencies between controllable and noncontrollable states, address the training collapse problem of state decoupling, and validate our approach in transfer learning setups. Our empirical study demonstrates that Iso-Dream++ outperforms existing reinforcement learning models significantly on CARLA and DeepMind Control.",JournalArticle,English,modelbased_reinforcement_learning_with_isolated_imaginations_2023,,Citations: 9
SS-0175,API,Semantic Scholar,2026-09-22,Multiple queries (Q1-Q10),RLVR-World: Training World Models with Reinforcement Learning,Jialong Wu; Shaofeng Yin; Ningya Feng; Mingsheng Long,2025,Neural Information Processing Systems,10.48550/arXiv.2505.13934,https://www.semanticscholar.org/paper/78169fd4729b3da0f5cf72f57bd968515a5ed646,"World models predict state transitions in response to actions and are increasingly developed across diverse modalities. However, standard training objectives such as maximum likelihood estimation (MLE) often misalign with task-specific goals of world models, i.e., transition prediction metrics like accuracy or perceptual quality. In this paper, we present RLVR-World, a unified framework that leverages reinforcement learning with verifiable rewards (RLVR) to directly optimize world models for such metrics. Despite formulating world modeling as autoregressive prediction of tokenized sequences, RLVR-World evaluates metrics of decoded predictions as verifiable rewards. We demonstrate substantial performance gains on both languageand video-based world models across domains, including text games, web navigation, and robot manipulation. Our work indicates that, beyond recent advances in reasoning language models, RLVR offers a promising post-training paradigm for enhancing the utility of generative models more broadly. Code, datasets, models, and video samples are available at the project website: https://thuml.github.io/RLVR-World.",JournalArticle,English,rlvrworld_training_world_models_with_reinforcement_learning_2025,,Citations: 50
SS-0176,API,Semantic Scholar,2026-09-22,Multiple queries (Q1-Q10),Dream to Generalize: Zero-Shot Model-Based Reinforcement Learning for Unseen Visual Distractions,Jeongsoo Ha; KyungSoo Kim; Yusung Kim,2023,AAAI Conference on Artificial Intelligence,10.1609/aaai.v37i6.25945,https://www.semanticscholar.org/paper/dbe429e7edf790b26c0f117027dc2cddb8ab9815,"Model-based reinforcement learning (MBRL) has been used to efficiently solve vision-based control tasks in high-dimensional image observations. Although recent MBRL algorithms perform well in trained observations, they fail when faced with visual distractions in observations. These task-irrelevant distractions (e.g., clouds, shadows, and light) may be constantly present in real-world scenarios. In this study, we propose a novel self-supervised method, Dream to Generalize (Dr. G), for zero-shot MBRL. Dr. G trains its encoder and world model with dual contrastive learning which efficiently captures task-relevant features among multi-view data augmentations. We also introduce a recurrent state inverse dynamics model that helps the world model to better understand the temporal structure. The proposed methods can enhance the robustness of the world model against visual distractions. To evaluate the generalization performance, we first train Dr. G on simple backgrounds and then test it on complex natural video backgrounds in the DeepMind Control suite, and the randomizing environments in Robosuite. Dr. G yields a performance improvement of 117% and 14% over prior works, respectively. Our code is open-sourced and available at https://github.com/JeongsooHa/DrG.git","JournalArticle, Conference",English,dream_to_generalize_zeroshot_modelbased_reinforcement_learning_2023,,Citations: 11
SS-0177,API,Semantic Scholar,2026-09-22,Multiple queries (Q1-Q10),Reinforcement Learning from Delayed Observations via World Models,Armin Karamzade; Kyungmin Kim; Montek Kalsi; Roy Fox,2024,RLJ,10.48550/arXiv.2403.12309,https://www.semanticscholar.org/paper/8dfcc25c5f06f575bee0c2ab9e12a4d8c95c1fd2,"In standard reinforcement learning settings, agents typically assume immediate feedback about the effects of their actions after taking them. However, in practice, this assumption may not hold true due to physical constraints and can significantly impact the performance of learning algorithms. In this paper, we address observation delays in partially observable environments. We propose leveraging world models, which have shown success in integrating past observations and learning dynamics, to handle observation delays. By reducing delayed POMDPs to delayed MDPs with world models, our methods can effectively handle partial observability, where existing approaches achieve sub-optimal performance or degrade quickly as observability decreases. Experiments suggest that one of our methods can outperform a naive model-based approach by up to 250%. Moreover, we evaluate our methods on visual delayed environments, for the first time showcasing delay-aware reinforcement learning continuous control with visual observations.",JournalArticle,English,reinforcement_learning_from_delayed_observations_via_world_2024,,Citations: 19
SS-0178,API,Semantic Scholar,2026-09-22,Multiple queries (Q1-Q10),Latent Intuitive Physics: Learning to Transfer Hidden Physics from A 3D Video,Xiangming Zhu; Huayu Deng; Haochen Yuan; Yun-Bo Wang; Xiaokang Yang,2024,International Conference on Learning Representations,10.48550/arXiv.2406.12769,https://www.semanticscholar.org/paper/c3e62fa890f4208789b78536311a730f7578c869,"We introduce latent intuitive physics, a transfer learning framework for physics simulation that can infer hidden properties of fluids from a single 3D video and simulate the observed fluid in novel scenes. Our key insight is to use latent features drawn from a learnable prior distribution conditioned on the underlying particle states to capture the invisible and complex physical properties. To achieve this, we train a parametrized prior learner given visual observations to approximate the visual posterior of inverse graphics, and both the particle states and the visual posterior are obtained from a learned neural renderer. The converged prior learner is embedded in our probabilistic physics engine, allowing us to perform novel simulations on unseen geometries, boundaries, and dynamics without knowledge of the true physical parameters. We validate our model in three ways: (i) novel scene simulation with the learned visual-world physics, (ii) future prediction of the observed fluid dynamics, and (iii) supervised particle simulation. Our model demonstrates strong performance in all three tasks.",JournalArticle,English,latent_intuitive_physics_learning_to_transfer_hidden_2024,,Citations: 8
SS-0179,API,Semantic Scholar,2026-09-22,Multiple queries (Q1-Q10),Latent Variable Modeling in Multi-Agent Reinforcement Learning via Expectation-Maximization for UAV-Based Wildlife Protection,Mazyar Taghavi; R. Farnoosh,2025,i-manager's Journal on Artificial Intelligence & Machine Learning,10.48550/arXiv.2509.02579,https://www.semanticscholar.org/paper/28b1b00313fe6eb2b17af9281c0b1a77c7362bf1,"Protecting endangered wildlife from illegal poaching presents a critical challenge, particularly in vast and partially observable environments where real-time response is essential. This paper introduces a novel Expectation-Maximization (EM) based latent variable modeling approach in the context of Multi-Agent Reinforcement Learning (MARL) for Unmanned Aerial Vehicle (UAV) coordination in wildlife protection. By modeling hidden environmental factors and interagent dynamics through latent variables, our method enhances exploration and coordination under uncertainty. We implement and evaluate our EM-MARL framework using a custom simulation involving 10 UAVs tasked with patrolling protected habitats of the endangered Iranian leopard. Extensive experimental results demonstrate superior performance in detection accuracy, adaptability, and policy convergence when compared to standard algorithms such as Proximal Policy Optimization (PPO) and Deep Deterministic Policy Gradient (DDPG). Our findings underscore the potential of combining EM inference with MARL to improve decentralized decisionmaking in complex, high-stakes conservation scenarios. The full implementation, simulation environment, and training scripts are publicly available on GitHub.",JournalArticle,English,latent_variable_modeling_in_multiagent_reinforcement_learning_2025,,Citations: 3
SS-0180,API,Semantic Scholar,2026-09-22,Multiple queries (Q1-Q10),Learning Latent Dynamic Robust Representations for World Models,Ruixiang Sun; Hongyu Zang; Xin Li; Riashat Islam,2024,International Conference on Machine Learning,10.48550/arXiv.2405.06263,https://www.semanticscholar.org/paper/e70d671b3333e2f437e00f5dbab98c29d412bc80,"Visual Model-Based Reinforcement Learning (MBRL) promises to encapsulate agent's knowledge about the underlying dynamics of the environment, enabling learning a world model as a useful planner. However, top MBRL agents such as Dreamer often struggle with visual pixel-based inputs in the presence of exogenous or irrelevant noise in the observation space, due to failure to capture task-specific features while filtering out irrelevant spatio-temporal details. To tackle this problem, we apply a spatio-temporal masking strategy, a bisimulation principle, combined with latent reconstruction, to capture endogenous task-specific aspects of the environment for world models, effectively eliminating non-essential information. Joint training of representations, dynamics, and policy often leads to instabilities. To further address this issue, we develop a Hybrid Recurrent State-Space Model (HRSSM) structure, enhancing state representation robustness for effective policy learning. Our empirical evaluation demonstrates significant performance improvements over existing methods in a range of visually complex control tasks such as Maniskill \cite{gu2023maniskill2} with exogenous distractors from the Matterport environment. Our code is avaliable at https://github.com/bit1029public/HRSSM.","JournalArticle, Conference",English,learning_latent_dynamic_robust_representations_for_world_2024,,Citations: 26
SS-0181,API,Semantic Scholar,2026-09-22,Multiple queries (Q1-Q10),Offline Reinforcement Learning of Robotic Control Using Deep Kinematics and Dynamics,Xiang Li; Weiwei Shang; Shuang Cong,2024,IEEE/ASME transactions on mechatronics,10.1109/TMECH.2023.3336316,https://www.semanticscholar.org/paper/4ced46f4049fb056ef6e56aad6b2444daab065c4,"With the rapid development of deep learning, model-free reinforcement learning algorithms have achieved remarkable results in many fields. However, their high sample complexity and the potential for causing damage to environments and robots pose severe challenges for their application in real-world environments. Model-based reinforcement learning algorithms are often used to reduce the sample complexity. One limitation of these algorithms is the inevitable modeling errors. While the black-box model can fit complex state transition models, it ignores the existing knowledge of physics and robotics, especially studies of kinematic and dynamic models of the robotic manipulator. Compared with the black-box model, the physics-inspired deep models do not require specific knowledge of each system to obtain interpretable kinematic and dynamic models. In model-based reinforcement learning, these models can simulate the motion and be combined with classical controllers. This is due to their sharing the same form as traditional models, leading to higher precision tracking results. In this work, we utilize physics-inspired deep models to learn the kinematics and dynamics of a robotic manipulator. We propose a model-based offline reinforcement learning algorithm for controller parameter learning, combined with the traditional computed-torque controller. Experiments on trajectory tracking control of the Baxter manipulator, both in joint and operational space, are conducted in simulation and real environments. Experimental results demonstrate that our algorithm can significantly improve tracking accuracy and exhibits strong generalization and robustness.",JournalArticle,English,offline_reinforcement_learning_of_robotic_control_using_2024,,Citations: 13
SS-0182,API,Semantic Scholar,2026-09-22,Multiple queries (Q1-Q10),Model-Based Deep Reinforcement Learning Framework for Channel Access in Wireless Networks,Jong In Park; J. Chae; K. Choi,2024,IEEE Internet of Things Journal,10.1109/JIOT.2023.3325575,https://www.semanticscholar.org/paper/6cc8ea9396bf0fa051690a449f12c87fb1a5db5b,"In this article, we propose a model-based reinforcement learning (RL) algorithm for wireless channel access. The model-based RL is a relatively new RL paradigm that integrates the concept of the world model into the agent. The world model is built based on the neural network and is capable of predicting the future trajectories of actions, rewards, and observations. In this article, we focus on developing a sophisticated world model based on the partially observable Markov decision process (POMDP). The proposed world model can describe the environment in which only the partial observation emitted from the hidden state is available. For establishing the wireless channel access problem, we introduce two separate environments, one of which describes the channel occupancy dynamics and the other governs data traffic arrival patterns. Both environments are modeled by the proposed partially observable MDP (POMDP)-based world model. For designing an agent capable of making a decision on the next action, we propose a planning algorithm, which makes use of the future trajectories generated from the trained world model differently from the existing model-free RL algorithms. We have conducted extensive simulations to verify the performance of the proposed method in various wireless channel access scenarios.",JournalArticle,English,modelbased_deep_reinforcement_learning_framework_for_channel_2024,,Citations: 7
SS-0183,API,Semantic Scholar,2026-09-22,Multiple queries (Q1-Q10),Policy-shaped prediction: avoiding distractions in model-based reinforcement learning,Miles Hutson; Isaac Kauvar; Nick Haber,2024,Neural Information Processing Systems,10.48550/arXiv.2412.05766,https://www.semanticscholar.org/paper/4620f6e5e223fef12e3413448ce8799e383defec,"Model-based reinforcement learning (MBRL) is a promising route to sample-efficient policy optimization. However, a known vulnerability of reconstruction-based MBRL consists of scenarios in which detailed aspects of the world are highly predictable, but irrelevant to learning a good policy. Such scenarios can lead the model to exhaust its capacity on meaningless content, at the cost of neglecting important environment dynamics. While existing approaches attempt to solve this problem, we highlight its continuing impact on leading MBRL methods -- including DreamerV3 and DreamerPro -- with a novel environment where background distractions are intricate, predictable, and useless for planning future actions. To address this challenge we develop a method for focusing the capacity of the world model through synergy of a pretrained segmentation model, a task-aware reconstruction loss, and adversarial learning. Our method outperforms a variety of other approaches designed to reduce the impact of distractors, and is an advance towards robust model-based reinforcement learning.",JournalArticle,English,policyshaped_prediction_avoiding_distractions_in_modelbased_reinforcement_2024,,Citations: 7
SS-0184,API,Semantic Scholar,2026-09-22,Multiple queries (Q1-Q10),Learning Low-dimensional Latent Dynamics from High-dimensional Observations: Non-asymptotics and Lower Bounds,Yuyang Zhang; Shahriar Talebi; Na Li,2024,International Conference on Machine Learning,10.48550/arXiv.2405.06089,https://www.semanticscholar.org/paper/5a624f76c5d25645f744f4c9fd61310534c0fc6f,"In this paper, we focus on learning a linear time-invariant (LTI) model with low-dimensional latent variables but high-dimensional observations. We provide an algorithm that recovers the high-dimensional features, i.e. column space of the observer, embeds the data into low dimensions and learns the low-dimensional model parameters. Our algorithm enjoys a sample complexity guarantee of order $\tilde{\mathcal{O}}(n/\epsilon^2)$, where $n$ is the observation dimension. We further establish a fundamental lower bound indicating this complexity bound is optimal up to logarithmic factors and dimension-independent constants. We show that this inevitable linear factor of $n$ is due to the learning error of the observer's column space in the presence of high-dimensional noises. Extending our results, we consider a meta-learning problem inspired by various real-world applications, where the observer column space can be collectively learned from datasets of multiple LTI systems. An end-to-end algorithm is then proposed, facilitating learning LTI systems from a meta-dataset which breaks the sample complexity lower bound in certain scenarios.","JournalArticle, Conference",English,learning_lowdimensional_latent_dynamics_from_highdimensional_observations_2024,,Citations: 6
SS-0185,API,Semantic Scholar,2026-09-22,Multiple queries (Q1-Q10),OSVI-WM: One-Shot Visual Imitation for Unseen Tasks using World-Model-Guided Trajectory Generation,Raktim Gautam Goswami; P. Krishnamurthy; Yann LeCun; F. Khorrami,2025,Neural Information Processing Systems,10.48550/arXiv.2505.20425,https://www.semanticscholar.org/paper/b6f6263a206c18e4fb9e01ed26af532a9bd44b3a,"Visual imitation learning enables robotic agents to acquire skills by observing expert demonstration videos. In the one-shot setting, the agent generates a policy after observing a single expert demonstration without additional fine-tuning. Existing approaches typically train and evaluate on the same set of tasks, varying only object configurations, and struggle to generalize to unseen tasks with different semantic or structural requirements. While some recent methods attempt to address this, they exhibit low success rates on hard test tasks that, despite being visually similar to some training tasks, differ in context and require distinct responses. Additionally, most existing methods lack an explicit model of environment dynamics, limiting their ability to reason about future states. To address these limitations, we propose a novel framework for one-shot visual imitation learning via world-model-guided trajectory generation. Given an expert demonstration video and the agent's initial observation, our method leverages a learned world model to predict a sequence of latent states and actions. This latent trajectory is then decoded into physical waypoints that guide the agent's execution. Our method is evaluated on two simulated benchmarks and three real-world robotic platforms, where it consistently outperforms prior approaches, with over 30% improvement in some cases. The code is available at https://github.com/raktimgg/osvi-wm.",JournalArticle,English,osviwm_oneshot_visual_imitation_for_unseen_tasks_2025,,Citations: 12
SS-0186,API,Semantic Scholar,2026-09-22,Multiple queries (Q1-Q10),VLA-JEPA: Enhancing Vision-Language-Action Model with Latent World Model,Jing-Wen Sun; Wenyao Zhang; Ze-Kun Qi; Shaojie Ren; Zezhi Liu; Han-Xin Zhu; Guang-Zhong Sun; Xin Jin; Zhi-Bo Chen,2026,arXiv.org,10.48550/arXiv.2602.10098,https://www.semanticscholar.org/paper/7d2c6d3db847add8ccb33d34f8e25f83fdf8cd69,"Pretraining Vision-Language-Action (VLA) policies on internet-scale video is appealing, yet current latent-action objectives often learn the wrong thing: they remain anchored to pixel variation rather than action-relevant state transitions, making them vulnerable to appearance bias, nuisance motion, and information leakage. We introduce VLA-JEPA, a JEPA-style pretraining framework that sidesteps these pitfalls by design. The key idea is leakage-free state prediction: a target encoder produces latent representations from future frames, while the student pathway sees only the current observation -- future information is used solely as supervision targets, never as input. By predicting in latent space rather than pixel space, VLA-JEPA learns dynamics abstractions that are robust to camera motion and irrelevant background changes. This yields a simple two-stage recipe -- JEPA pretraining followed by action-head fine-tuning -- without the multi-stage complexity of prior latent-action pipelines. Experiments on LIBERO, LIBERO-Plus, SimplerEnv and real-world manipulation tasks show that VLA-JEPA achieves consistent gains in generalization and robustness over existing methods.",JournalArticle,English,vlajepa_enhancing_visionlanguageaction_model_with_latent_world_2026,,Citations: 82
SS-0187,API,Semantic Scholar,2026-09-22,Multiple queries (Q1-Q10),Chain of World: World Model Thinking in Latent Motion,Fu-Yao Yang; Donglin Di; Lulu Tang; Xuan Zhang; Lei Fan; Hao Li; Chen Wei; Tonghua Su; Baorui Ma,2026,arXiv.org,10.48550/arXiv.2603.03195,https://www.semanticscholar.org/paper/f9234e389eba3db0a85bc24b388d9fc7dc6249ff,"Vision-Language-Action (VLA) models are a promising path toward embodied intelligence, yet they often overlook the predictive and temporal-causal structure underlying visual dynamics. World-model VLAs address this by predicting future frames, but waste capacity reconstructing redundant backgrounds. Latent-action VLAs encode frame-to-frame transitions compactly, but lack temporally continuous dynamic modeling and world knowledge. To overcome these limitations, we introduce CoWVLA (Chain-of-World VLA), a new""Chain of World""paradigm that unifies world-model temporal reasoning with a disentangled latent motion representation. First, a pretrained video VAE serves as a latent motion extractor, explicitly factorizing video segments into structure and motion latents. Then, during pre-training, the VLA learns from an instruction and an initial frame to infer a continuous latent motion chain and predict the segment's terminal frame. Finally, during co-fine-tuning, this latent dynamic is aligned with discrete action prediction by jointly modeling sparse keyframes and action sequences in a unified autoregressive decoder. This design preserves the world-model benefits of temporal reasoning and world knowledge while retaining the compactness and interpretability of latent actions, enabling efficient visuomotor learning. Extensive experiments on robotic simulation benchmarks show that CoWVLA outperforms existing world-model and latent-action approaches and achieves moderate computational efficiency, highlighting its potential as a more effective VLA pretraining paradigm. The project website can be found at https://fx-hit.github.io/cowvla-io.",JournalArticle,English,chain_of_world_world_model_thinking_in_2026,,Citations: 7
SS-0188,API,Semantic Scholar,2026-09-22,Multiple queries (Q1-Q10),Real-World Fluid Directed Rigid Body Control via Deep Reinforcement Learning,Mohak Bhardwaj; Thomas Lampe; M. Neunert; Francesco Romano; A. Abdolmaleki; Arunkumar Byravan; Markus Wulfmeier; M. Riedmiller; J. Buchli,2024,Conference on Learning for Dynamics & Control,10.48550/arXiv.2402.06102,https://www.semanticscholar.org/paper/c39b3a7c12a1fad1d6fe8923bb9ea5e40afe4982,"Recent advances in real-world applications of reinforcement learning (RL) have relied on the ability to accurately simulate systems at scale. However, domains such as fluid dynamical systems exhibit complex dynamic phenomena that are hard to simulate at high integration rates, limiting the direct application of modern deep RL algorithms to often expensive or safety critical hardware. In this work, we introduce""Box o Flows"", a novel benchtop experimental control system for systematically evaluating RL algorithms in dynamic real-world scenarios. We describe the key components of the Box o Flows, and through a series of experiments demonstrate how state-of-the-art model-free RL algorithms can synthesize a variety of complex behaviors via simple reward specifications. Furthermore, we explore the role of offline RL in data-efficient hypothesis testing by reusing past experiences. We believe that the insights gained from this preliminary study and the availability of systems like the Box o Flows support the way forward for developing systematic RL algorithms that can be generally applied to complex, dynamical systems. Supplementary material and videos of experiments are available at https://sites.google.com/view/box-o-flows/home.",JournalArticle,English,realworld_fluid_directed_rigid_body_control_via_2024,,Citations: 1
SS-0189,API,Semantic Scholar,2026-09-22,Multiple queries (Q1-Q10),ReconDreamer-RL: Enhancing Reinforcement Learning via Diffusion-based Scene Reconstruction,Chaojun Ni; Guosheng Zhao; Xiaofeng Wang; Zheng Zhu; Wenkang Qin; Xinze Chen; Guanghong Jia; Guan Huang; Wenjun Mei,2025,arXiv.org,10.48550/arXiv.2508.08170,https://www.semanticscholar.org/paper/c43496023fcf45f5149557febfd541f56ea2c149,"Reinforcement learning for training end-to-end autonomous driving models in closed-loop simulations is gaining growing attention. However, most simulation environments differ significantly from real-world conditions, creating a substantial simulation-to-reality (sim2real) gap. To bridge this gap, some approaches utilize scene reconstruction techniques to create photorealistic environments as a simulator. While this improves realistic sensor simulation, these methods are inherently constrained by the distribution of the training data, making it difficult to render high-quality sensor data for novel trajectories or corner case scenarios. Therefore, we propose ReconDreamer-RL, a framework designed to integrate video diffusion priors into scene reconstruction to aid reinforcement learning, thereby enhancing end-to-end autonomous driving training. Specifically, in ReconDreamer-RL, we introduce ReconSimulator, which combines the video diffusion prior for appearance modeling and incorporates a kinematic model for physical modeling, thereby reconstructing driving scenarios from real-world data. This narrows the sim2real gap for closed-loop evaluation and reinforcement learning. To cover more corner-case scenarios, we introduce the Dynamic Adversary Agent (DAA), which adjusts the trajectories of surrounding vehicles relative to the ego vehicle, autonomously generating corner-case traffic scenarios (e.g., cut-in). Finally, the Cousin Trajectory Generator (CTG) is proposed to address the issue of training data distribution, which is often biased toward simple straight-line movements. Experiments show that ReconDreamer-RL improves end-to-end autonomous driving training, outperforming imitation learning methods with a 5x reduction in the Collision Ratio.",JournalArticle,English,recondreamerrl_enhancing_reinforcement_learning_via_diffusionbased_scene_2025,,Citations: 29
SS-0190,API,Semantic Scholar,2026-09-22,Multiple queries (Q1-Q10),PreLAR: World Model Pre-training with Learnable Action Representation,Li-Xuan Zhang; Meina Kan; Shiguang Shan; Xilin Chen,2024,European Conference on Computer Vision,10.1007/978-3-031-73337-6_11,https://www.semanticscholar.org/paper/f5ef05e654d4555704f180ad7436f6afb72fb343,,"JournalArticle, Conference",English,prelar_world_model_pretraining_with_learnable_action_2024,,Citations: 10
SS-0191,API,Semantic Scholar,2026-09-22,Multiple queries (Q1-Q10),Latent Particle World Models: Self-supervised Object-centric Stochastic Dynamics Modeling,Tal Daniel; Carl Qi; Dan Haramati; Amir Zadeh; Chuan Li; Aviv Tamar; Deepak Pathak; David Held,2026,arXiv.org,10.48550/arXiv.2603.04553,https://www.semanticscholar.org/paper/2d214cbd13cbecfe242096d075c93df9474d698e,"We introduce Latent Particle World Model (LPWM), a self-supervised object-centric world model scaled to real-world multi-object datasets and applicable in decision-making. LPWM autonomously discovers keypoints, bounding boxes, and object masks directly from video data, enabling it to learn rich scene decompositions without supervision. Our architecture is trained end-to-end purely from videos and supports flexible conditioning on actions, language, and image goals. LPWM models stochastic particle dynamics via a novel latent action module and achieves state-of-the-art results on diverse real-world and synthetic datasets. Beyond stochastic video modeling, LPWM is readily applicable to decision-making, including goal-conditioned imitation learning, as we demonstrate in the paper. Code, data, pre-trained models and video rollouts are available: https://taldatech.github.io/lpwm-web",JournalArticle,English,latent_particle_world_models_selfsupervised_objectcentric_stochastic_2026,,Citations: 11
SS-0192,API,Semantic Scholar,2026-09-22,Multiple queries (Q1-Q10),MOSS-ChatV: Reinforcement Learning with Process Reasoning Reward for Video Temporal Reasoning,Sicheng Tao; Jungang Li; Yibo Yan; Jun-Yan Zhang; Yu-Bo Gao; Hanqian Li; Shuhang Xun; Yuxuan Fan; Hong Chen; Jianxiang He; Xuming Hu,2025,arXiv.org,10.48550/arXiv.2509.21113,https://www.semanticscholar.org/paper/d380ab09237ca3bad68ae0df9fee01bce360731c,"Video reasoning has emerged as a critical capability for multimodal large language models (MLLMs), requiring models to move beyond static perception toward coherent understanding of temporal dynamics in complex scenes. Yet existing MLLMs often exhibit process inconsistency, where intermediate reasoning drifts from video dynamics even when the final answer is correct, undermining interpretability and robustness. To address this issue, we introduce MOSS-ChatV, a reinforcement learning framework with a Dynamic Time Warping (DTW)-based process reward. This rule-based reward aligns reasoning traces with temporally grounded references, enabling efficient process supervision without auxiliary reward models. We further identify dynamic state prediction as a key measure of video reasoning and construct MOSS-Video, a benchmark with annotated reasoning traces, where the training split is used to fine-tune MOSS-ChatV and the held-out split is reserved for evaluation. MOSS-ChatV achieves 87.2\% on MOSS-Video (test) and improves performance on general video benchmarks such as MVBench and MMVU. The framework consistently yields gains across different architectures, including Qwen2.5-VL and Phi-2, confirming its broad applicability. Evaluations with GPT-4o-as-judge further show that MOSS-ChatV produces more consistent and stable reasoning traces.",JournalArticle,English,mosschatv_reinforcement_learning_with_process_reasoning_reward_2025,,Citations: 10
SS-0193,API,Semantic Scholar,2026-09-22,Multiple queries (Q1-Q10),LDA-1B: Scaling Latent Dynamics Action Model via Universal Embodied Data Ingestion,Jiangran Lyu; Kai Liu; Xuheng Zhang; Hao-Ran Liao; Yusen Feng; Wenxuan Zhu; Tingrui Shen; Jiayi Chen; Jiazhao Zhang; Yifei Dong; Wen-Bo Cui; Senmao Qi; Shuo Wang; Yi-Xin Zheng; Mingqi Yan; Xuesong Shi; Haoran Li; Dong-Bin Zhao; Mingyu Liu; Zhizheng Zhang; Li Yi; Yizhou Wang; He Wang,2026,Robotics,10.48550/arXiv.2602.12215,https://www.semanticscholar.org/paper/a2782010c9e695b00d36e3ed958545917eaad030,"Recent robot foundation models largely rely on large-scale behavior cloning, which imitates expert actions but discards transferable dynamics knowledge embedded in heterogeneous embodied data. While the Unified World Model (UWM) formulation has the potential to leverage such diverse data, existing instantiations struggle to scale to foundation-level due to coarse data usage and fragmented datasets. We introduce LDA-1B, a robot foundation model that scales through universal embodied data ingestion by jointly learning dynamics, policy, and visual forecasting, assigning distinct roles to data of varying quality. To support this regime at scale, we assemble and standardize EI-30k, an embodied interaction dataset comprising over 30k hours of human and robot trajectories in a unified format. Scalable dynamics learning over such heterogeneous data is enabled by prediction in a structured DINO latent space, which avoids redundant pixel-space appearance modeling. Complementing this representation, LDA-1B employs a multi-modal diffusion transformer to handle asynchronous vision and action streams, enabling stable training at the 1B-parameter scale. Experiments in simulation and the real world show LDA-1B outperforms prior methods (e.g., $\pi_{0.5}$) by up to 21\%, 48\%, and 23\% on contact-rich, dexterous, and long-horizon tasks, respectively. Notably, LDA-1B enables data-efficient fine-tuning, gaining 10\% by leveraging 30\% low-quality trajectories typically harmful and discarded.",JournalArticle,English,lda1b_scaling_latent_dynamics_action_model_via_2026,,Citations: 46
SS-0194,API,Semantic Scholar,2026-09-22,Multiple queries (Q1-Q10),MOBODY: Model Based Off-Dynamics Offline Reinforcement Learning,Yi Guo; Yu Yang; Pan Xu; Anqi Liu,2025,arXiv.org,10.48550/arXiv.2506.08460,https://www.semanticscholar.org/paper/9fdc926e2c8ceb61348e49b0150dc1b88575f522,"We study off-dynamics offline reinforcement learning, where the goal is to learn a policy from offline source and limited target datasets with mismatched dynamics. Existing methods either penalize the reward or discard source transitions occurring in parts of the transition space with high dynamics shift. As a result, they optimize the policy using data from low-shift regions, limiting exploration of high-reward states in the target domain that do not fall within these regions. Consequently, such methods often fail when the dynamics shift is significant or the optimal trajectories lie outside the low-shift regions. To overcome this limitation, we propose MOBODY, a Model-Based Off-Dynamics Offline RL algorithm that optimizes a policy using learned target dynamics transitions to explore the target domain, rather than only being trained with the low dynamics-shift transitions. For the dynamics learning, built on the observation that achieving the same next state requires taking different actions in different domains, MOBODY employs separate action encoders for each domain to encode different actions to the shared latent space while sharing a unified representation of states and a common transition function. We further introduce a target Q-weighted behavior cloning loss in policy optimization to avoid out-of-distribution actions, which push the policy toward actions with high target-domain Q-values, rather than high source domain Q-values or uniformly imitating all actions in the offline dataset. We evaluate MOBODY on a wide range of MuJoCo and Adroit benchmarks, demonstrating that it outperforms state-of-the-art off-dynamics RL baselines as well as policy learning methods based on different dynamics learning baselines, with especially pronounced improvements in challenging scenarios where existing methods struggle.",JournalArticle,English,mobody_model_based_offdynamics_offline_reinforcement_learning_2025,,Citations: 10
SS-0195,API,Semantic Scholar,2026-09-22,Multiple queries (Q1-Q10),Serving Long-Context LLMs at the Mobile Edge: Test-Time Reinforcement Learning-based Model Caching and Inference Offloading,Minrui Xu; D. Niyato; Christopher G. Brinton,2025,Global Communications Conference,10.1109/GLOBECOM59602.2025.11432543,https://www.semanticscholar.org/paper/75665bdbd0162478c2e92c107ca2b0bdbac7b8e5,"Large Language Models (LLMs) can process data to perform zero-shot learning on unseen tasks and few-shot learning on complex reasoning tasks for devices. However, resource-limited mobile edge networks struggle to support long-context LLM serving for deploying and executing LLM agents during multi-round interactions with users. Unlike stateless computation offloading and static service offloading in edge computing, optimizing LLM serving at edge servers is challenging because LLMs continuously learn from context, which makes their accuracy, latency, and resource consumption dynamics. In this paper, we propose a joint model caching and inference offloading framework that utilizes test-time deep reinforcement learning (T2DRL) to optimize deployment and execution strategies for long-context LLM serving. In this framework, we analyze the performance convergence and design an optimization problem considering the utilization of context windows in LLMs. Furthermore, the T2DRL algorithm can learn not only in the training phase but also in the testing phase to proactively manage cached models and service requests and adapt to context changes and usage patterns during execution. Finally, experimental results demonstrate that the T2DRL algorithm can reduce system costs by at least 30% compared to baselines while guaranteeing the performance of LLM agents in real-world perception and reasoning tasks.","JournalArticle, Conference",English,serving_longcontext_llms_at_the_mobile_edge_2025,,Citations: 23
SS-0196,API,Semantic Scholar,2026-09-22,Multiple queries (Q1-Q10),World Model for Robot Learning: A Comprehensive Survey,Bohan Hou; Gen Li; Jin-Dou Jia; Tuo An; Xinying Guo; Sicong Leng; Haoran Geng; Yanjie Ze; Tatsuya Harada; Philip H. S. Torr; Oier Mees; Marc Pollefeys; Zhuang Liu; Jiajun Wu; Pieter Abbeel; Jitendra Malik; Yilun Du; Jian-Fei Yang,2026,arXiv.org,10.48550/arXiv.2605.00080,https://www.semanticscholar.org/paper/ddfe191f758ed8d74ceaf769392af5c5c9546e52,"World models, which are predictive representations of how environments evolve under actions, have become a central component of robot learning. They support policy learning, planning, simulation, evaluation, data generation, and have advanced rapidly with the rise of foundation models and large-scale video generation. However, the literature remains fragmented across architectures, functional roles, and embodied application domains. To address this gap, we present a comprehensive review of world models from a robot-learning perspective. We examine how world models are coupled with robot policies, how they serve as learned simulators for reinforcement learning and evaluation, and how robotic video world models have progressed from imagination-based generation to controllable, structured, and foundation-scale formulations. We further connect these ideas to navigation and autonomous driving, and summarize representative datasets, benchmarks, and evaluation protocols. Overall, this survey systematically reviews the rapidly growing literature on world models for robot learning, clarifies key paradigms and applications, and highlights major challenges and future directions for predictive modeling in embodied agents. To facilitate continued access to newly emerging works, benchmarks, and resources, we will maintain and regularly update the accompanying GitHub repository alongside this survey.","JournalArticle, Review",English,world_model_for_robot_learning_a_comprehensive_2026,,Citations: 35
SS-0197,API,Semantic Scholar,2026-09-22,Multiple queries (Q1-Q10),Planning in 8 Tokens: A Compact Discrete Tokenizer for Latent World Model,Dongwon Kim; Gawon Seo; Jinsung Lee; Minsu Cho; Suha Kwak,2026,arXiv.org,10.48550/arXiv.2603.05438,https://www.semanticscholar.org/paper/39ac40fc6de26b401093b7a3a2902bceb4ffa120,"World models provide a powerful framework for simulating environment dynamics conditioned on actions or instructions, enabling downstream tasks such as action planning or policy learning. Recent approaches leverage world models as learned simulators, but its application to decision-time planning remains computationally prohibitive for real-time control. A key bottleneck lies in latent representations: conventional tokenizers encode each observation into hundreds of tokens, making planning both slow and resource-intensive. To address this, we propose CompACT, a discrete tokenizer that compresses each observation into as few as 8 tokens, drastically reducing computational cost while preserving essential information for planning. An action-conditioned world model that occupies CompACT tokenizer achieves competitive planning performance with orders-of-magnitude faster planning, offering a practical step toward real-world deployment of world models.",JournalArticle,English,planning_in_8_tokens_a_compact_discrete_2026,,Citations: 5
SS-0198,API,Semantic Scholar,2026-09-22,Multiple queries (Q1-Q10),Dream to Adapt: Meta Reinforcement Learning by Latent Context Imagination and MDP Imagination,Lu Wen; Songan Zhang; H. Tseng; Huei Peng,2023,arXiv.org,10.48550/arXiv.2311.06673,https://www.semanticscholar.org/paper/8651cccfd739fe406e4292a0fcaa2f0e645c7ead,"Meta reinforcement learning (Meta RL) has been amply explored to quickly learn an unseen task by transferring previously learned knowledge from similar tasks. However, most state-of-the-art algorithms require the meta-training tasks to have a dense coverage on the task distribution and a great amount of data for each of them. In this paper, we propose MetaDreamer, a context-based Meta RL algorithm that requires less real training tasks and data by doing meta-imagination and MDP-imagination. We perform meta-imagination by interpolating on the learned latent context space with disentangled properties, as well as MDP-imagination through the generative world model where physical knowledge is added to plain VAE networks. Our experiments with various benchmarks show that MetaDreamer outperforms existing approaches in data efficiency and interpolated generalization.",JournalArticle,English,dream_to_adapt_meta_reinforcement_learning_by_2023,,Citations: 16
